{
"type": "FeatureCollection",
"name": "egms_points_U",
"crs": { "type": "name", "properties": { "name": "urn:ogc:def:crs:OGC:1.3:CRS84" } },
"features": [
{ "type": "Feature", "properties": { "pid": "CFsynt_000002", "mean_velocity": -3.31, "temporal_coherence": 0.744 }, "geometry": { "type": "Point", "coordinates": [ 14.278993, 40.862451 ] } },
{ "type": "Feature", "properties": { "pid": "CFsynt_000006", "mean_velocity": -7.64, "temporal_coherence": 0.886 }, "geometry": { "type": "Point", "coordinates": [ 14.250731, 40.877967 ] } },
{ "type": "Feature", "properties": { "pid": "CFsynt_000007", "mean_velocity": -3.13, "temporal_coherence": 0.788 }, "geometry": { "type": "Point", "coordinates": [ 14.257959, 40.913747 ] } },
{ "type": "Feature", "properties": { "pid": "CFsynt_000008", "mean_velocity": -2.68, "temporal_coherence": 0.893 }, "geometry": { "type": "Point", "coordinates": [ 14.067153, 40.90091 ] } },
{ "type": "Feature", "properties": { "pid": "CFsynt_000009", "mean_velocity": -5.22, "temporal_coherence": 0.738 }, "geometry": { "type": "Point", "coordinates": [ 14.160612, 40.914303 ] } },
{ "type": "Feature", "properties": { "pid": "CFsynt_000010", "mean_velocity": 0.53, "temporal_coherence": 0.744 }, "geometry": { "type": "Point", "coordinates": [ 14.137531, 40.896812 ] } },
{ "type": "Feature", "properties": { "pid": "CFsynt_000011", "mean_velocity": -3.69, "temporal_coherence": 0.757 }, "geometry": { "type": "Point", "coordinates": [ 14.298762, 40.886583 ] } },
{ "type": "Feature", "properties": { "pid": "CFsynt_000013", "mean_velocity": -3.68, "temporal_coherence": 0.962 }, "geometry": { "type": "Point", "coordinates": [ 14.268601, 40.872698 ] } },
{ "type": "Feature", "properties": { "pid": "CFsynt_000014", "mean_velocity": 18.83, "temporal_coherence": 0.945 }, "geometry": { "type": "Point", "coordinates": [ 14.15859, 40.781687 ] } },
{ "type": "Feature", "properties": { "pid": "CFsynt_000016", "mean_velocity": 16.13, "temporal_coherence": 0.712 }, "geometry": { "type": "Point", "coordinates": [ 14.19083, 40.788154 ] } },
{ "type": "Feature", "properties": { "pid": "CFsynt_000018", "mean_velocity": -0.32, "temporal_coherence": 0.909 }, "geometry": { "type": "Point", "coordinates": [ 14.270013, 40.893893 ] } },
{ "type": "Feature", "properties": { "pid": "CFsynt_000023", "mean_velocity": -2.21, "temporal_coherence": 0.776 }, "geometry": { "type": "Point", "coordinates": [ 14.289005, 40.918109 ] } },
{ "type": "Feature", "properties": { "pid": "CFsynt_000024", "mean_velocity": -1.8, "temporal_coherence": 0.794 }, "geometry": { "type": "Point", "coordinates": [ 14.255731, 40.910955 ] } },
{ "type": "Feature", "properties": { "pid": "CFsynt_000025", "mean_velocity": -6.14, "temporal_coherence": 0.841 }, "geometry": { "type": "Point", "coordinates": [ 14.086445, 40.916795 ] } },
{ "type": "Feature", "properties": { "pid": "CFsynt_000026", "mean_velocity": 23.9, "temporal_coherence": 0.788 }, "geometry": { "type": "Point", "coordinates": [ 14.165349, 40.787303 ] } },
{ "type": "Feature", "properties": { "pid": "CFsynt_000029", "mean_velocity": -2.11, "temporal_coherence": 0.861 }, "geometry": { "type": "Point", "coordinates": [ 14.228084, 40.791289 ] } },
{ "type": "Feature", "properties": { "pid": "CFsynt_000030", "mean_velocity": -4.73, "temporal_coherence": 0.868 }, "geometry": { "type": "Point", "coordinates": [ 14.245981, 40.826352 ] } },
{ "type": "Feature", "properties": { "pid": "CFsynt_000032", "mean_velocity": 21.51, "temporal_coherence": 0.738 }, "geometry": { "type": "Point", "coordinates": [ 14.124489, 40.7824 ] } },
{ "type": "Feature", "properties": { "pid": "CFsynt_000035", "mean_velocity": -0.7, "temporal_coherence": 0.719 }, "geometry": { "type": "Point", "coordinates": [ 14.084947, 40.917798 ] } },
{ "type": "Feature", "properties": { "pid": "CFsynt_000037", "mean_velocity": 55.52, "temporal_coherence": 0.821 }, "geometry": { "type": "Point", "coordinates": [ 14.167954, 40.811221 ] } },
{ "type": "Feature", "properties": { "pid": "CFsynt_000038", "mean_velocity": 23.53, "temporal_coherence": 0.908 }, "geometry": { "type": "Point", "coordinates": [ 14.095804, 40.799618 ] } },
{ "type": "Feature", "properties": { "pid": "CFsynt_000039", "mean_velocity": -2.86, "temporal_coherence": 0.755 }, "geometry": { "type": "Point", "coordinates": [ 14.224246, 40.836656 ] } },
{ "type": "Feature", "properties": { "pid": "CFsynt_000040", "mean_velocity": 70.92, "temporal_coherence": 0.801 }, "geometry": { "type": "Point", "coordinates": [ 14.156774, 40.841597 ] } },
{ "type": "Feature", "properties": { "pid": "CFsynt_000042", "mean_velocity": -4.09, "temporal_coherence": 0.913 }, "geometry": { "type": "Point", "coordinates": [ 14.233077, 40.900266 ] } },
{ "type": "Feature", "properties": { "pid": "CFsynt_000044", "mean_velocity": -4.48, "temporal_coherence": 0.722 }, "geometry": { "type": "Point", "coordinates": [ 14.271355, 40.855164 ] } },
{ "type": "Feature", "properties": { "pid": "CFsynt_000045", "mean_velocity": -3.81, "temporal_coherence": 0.848 }, "geometry": { "type": "Point", "coordinates": [ 14.263382, 40.829887 ] } },
{ "type": "Feature", "properties": { "pid": "CFsynt_000046", "mean_velocity": 85.97, "temporal_coherence": 0.744 }, "geometry": { "type": "Point", "coordinates": [ 14.142369, 40.830695 ] } },
{ "type": "Feature", "properties": { "pid": "CFsynt_000048", "mean_velocity": -1.23, "temporal_coherence": 0.897 }, "geometry": { "type": "Point", "coordinates": [ 14.227924, 40.807909 ] } },
{ "type": "Feature", "properties": { "pid": "CFsynt_000049", "mean_velocity": 8.29, "temporal_coherence": 0.961 }, "geometry": { "type": "Point", "coordinates": [ 14.070528, 40.850384 ] } },
{ "type": "Feature", "properties": { "pid": "CFsynt_000050", "mean_velocity": 29.8, "temporal_coherence": 0.811 }, "geometry": { "type": "Point", "coordinates": [ 14.087973, 40.837733 ] } },
{ "type": "Feature", "properties": { "pid": "CFsynt_000052", "mean_velocity": -0.39, "temporal_coherence": 0.965 }, "geometry": { "type": "Point", "coordinates": [ 14.258208, 40.912832 ] } },
{ "type": "Feature", "properties": { "pid": "CFsynt_000053", "mean_velocity": -3.72, "temporal_coherence": 0.819 }, "geometry": { "type": "Point", "coordinates": [ 14.222807, 40.800544 ] } },
{ "type": "Feature", "properties": { "pid": "CFsynt_000056", "mean_velocity": 18.13, "temporal_coherence": 0.798 }, "geometry": { "type": "Point", "coordinates": [ 14.163086, 40.78415 ] } },
{ "type": "Feature", "properties": { "pid": "CFsynt_000057", "mean_velocity": 12.1, "temporal_coherence": 0.839 }, "geometry": { "type": "Point", "coordinates": [ 14.194935, 40.862687 ] } },
{ "type": "Feature", "properties": { "pid": "CFsynt_000058", "mean_velocity": -2.77, "temporal_coherence": 0.735 }, "geometry": { "type": "Point", "coordinates": [ 14.070541, 40.905473 ] } },
{ "type": "Feature", "properties": { "pid": "CFsynt_000059", "mean_velocity": -2.39, "temporal_coherence": 0.872 }, "geometry": { "type": "Point", "coordinates": [ 14.063214, 40.919625 ] } },
{ "type": "Feature", "properties": { "pid": "CFsynt_000061", "mean_velocity": 68.01, "temporal_coherence": 0.817 }, "geometry": { "type": "Point", "coordinates": [ 14.166618, 40.832566 ] } },
{ "type": "Feature", "properties": { "pid": "CFsynt_000062", "mean_velocity": 6.35, "temporal_coherence": 0.756 }, "geometry": { "type": "Point", "coordinates": [ 14.193918, 40.787813 ] } },
{ "type": "Feature", "properties": { "pid": "CFsynt_000063", "mean_velocity": -1.2, "temporal_coherence": 0.766 }, "geometry": { "type": "Point", "coordinates": [ 14.25185, 40.832255 ] } },
{ "type": "Feature", "properties": { "pid": "CFsynt_000064", "mean_velocity": 10.0, "temporal_coherence": 0.98 }, "geometry": { "type": "Point", "coordinates": [ 14.214068, 40.819835 ] } },
{ "type": "Feature", "properties": { "pid": "CFsynt_000066", "mean_velocity": 22.88, "temporal_coherence": 0.923 }, "geometry": { "type": "Point", "coordinates": [ 14.19217, 40.847609 ] } },
{ "type": "Feature", "properties": { "pid": "CFsynt_000067", "mean_velocity": 43.84, "temporal_coherence": 0.728 }, "geometry": { "type": "Point", "coordinates": [ 14.118146, 40.800715 ] } },
{ "type": "Feature", "properties": { "pid": "CFsynt_000069", "mean_velocity": 24.25, "temporal_coherence": 0.93 }, "geometry": { "type": "Point", "coordinates": [ 14.156648, 40.784565 ] } },
{ "type": "Feature", "properties": { "pid": "CFsynt_000073", "mean_velocity": 20.31, "temporal_coherence": 0.911 }, "geometry": { "type": "Point", "coordinates": [ 14.097842, 40.792938 ] } },
{ "type": "Feature", "properties": { "pid": "CFsynt_000076", "mean_velocity": 18.84, "temporal_coherence": 0.889 }, "geometry": { "type": "Point", "coordinates": [ 14.115142, 40.872652 ] } },
{ "type": "Feature", "properties": { "pid": "CFsynt_000077", "mean_velocity": 8.59, "temporal_coherence": 0.905 }, "geometry": { "type": "Point", "coordinates": [ 14.221956, 40.824392 ] } },
{ "type": "Feature", "properties": { "pid": "CFsynt_000079", "mean_velocity": -3.11, "temporal_coherence": 0.813 }, "geometry": { "type": "Point", "coordinates": [ 14.25733, 40.914108 ] } },
{ "type": "Feature", "properties": { "pid": "CFsynt_000080", "mean_velocity": -1.63, "temporal_coherence": 0.775 }, "geometry": { "type": "Point", "coordinates": [ 14.222651, 40.794541 ] } },
{ "type": "Feature", "properties": { "pid": "CFsynt_000082", "mean_velocity": -4.66, "temporal_coherence": 0.969 }, "geometry": { "type": "Point", "coordinates": [ 14.266066, 40.863087 ] } },
{ "type": "Feature", "properties": { "pid": "CFsynt_000085", "mean_velocity": -2.0, "temporal_coherence": 0.876 }, "geometry": { "type": "Point", "coordinates": [ 14.056114, 40.904068 ] } },
{ "type": "Feature", "properties": { "pid": "CFsynt_000086", "mean_velocity": -2.48, "temporal_coherence": 0.874 }, "geometry": { "type": "Point", "coordinates": [ 14.239484, 40.84849 ] } },
{ "type": "Feature", "properties": { "pid": "CFsynt_000087", "mean_velocity": 48.7, "temporal_coherence": 0.726 }, "geometry": { "type": "Point", "coordinates": [ 14.163944, 40.803472 ] } },
{ "type": "Feature", "properties": { "pid": "CFsynt_000088", "mean_velocity": 16.44, "temporal_coherence": 0.982 }, "geometry": { "type": "Point", "coordinates": [ 14.076769, 40.822753 ] } },
{ "type": "Feature", "properties": { "pid": "CFsynt_000089", "mean_velocity": -1.17, "temporal_coherence": 0.781 }, "geometry": { "type": "Point", "coordinates": [ 14.175303, 40.891263 ] } },
{ "type": "Feature", "properties": { "pid": "CFsynt_000092", "mean_velocity": 19.64, "temporal_coherence": 0.771 }, "geometry": { "type": "Point", "coordinates": [ 14.159385, 40.870927 ] } },
{ "type": "Feature", "properties": { "pid": "CFsynt_000095", "mean_velocity": 11.04, "temporal_coherence": 0.724 }, "geometry": { "type": "Point", "coordinates": [ 14.212782, 40.827419 ] } },
{ "type": "Feature", "properties": { "pid": "CFsynt_000097", "mean_velocity": -4.47, "temporal_coherence": 0.912 }, "geometry": { "type": "Point", "coordinates": [ 14.055418, 40.856757 ] } },
{ "type": "Feature", "properties": { "pid": "CFsynt_000100", "mean_velocity": -1.65, "temporal_coherence": 0.966 }, "geometry": { "type": "Point", "coordinates": [ 14.293488, 40.859515 ] } },
{ "type": "Feature", "properties": { "pid": "CFsynt_000101", "mean_velocity": -3.45, "temporal_coherence": 0.804 }, "geometry": { "type": "Point", "coordinates": [ 14.232915, 40.795598 ] } },
{ "type": "Feature", "properties": { "pid": "CFsynt_000102", "mean_velocity": -2.88, "temporal_coherence": 0.751 }, "geometry": { "type": "Point", "coordinates": [ 14.107102, 40.912051 ] } },
{ "type": "Feature", "properties": { "pid": "CFsynt_000104", "mean_velocity": 0.19, "temporal_coherence": 0.842 }, "geometry": { "type": "Point", "coordinates": [ 14.255838, 40.837333 ] } },
{ "type": "Feature", "properties": { "pid": "CFsynt_000107", "mean_velocity": 19.56, "temporal_coherence": 0.837 }, "geometry": { "type": "Point", "coordinates": [ 14.10895, 40.783265 ] } },
{ "type": "Feature", "properties": { "pid": "CFsynt_000108", "mean_velocity": 5.85, "temporal_coherence": 0.814 }, "geometry": { "type": "Point", "coordinates": [ 14.057953, 40.826188 ] } },
{ "type": "Feature", "properties": { "pid": "CFsynt_000109", "mean_velocity": -1.83, "temporal_coherence": 0.759 }, "geometry": { "type": "Point", "coordinates": [ 14.291755, 40.868058 ] } },
{ "type": "Feature", "properties": { "pid": "CFsynt_000111", "mean_velocity": 34.24, "temporal_coherence": 0.701 }, "geometry": { "type": "Point", "coordinates": [ 14.088685, 40.828878 ] } },
{ "type": "Feature", "properties": { "pid": "CFsynt_000112", "mean_velocity": 53.89, "temporal_coherence": 0.939 }, "geometry": { "type": "Point", "coordinates": [ 14.118727, 40.807011 ] } },
{ "type": "Feature", "properties": { "pid": "CFsynt_000114", "mean_velocity": 23.35, "temporal_coherence": 0.759 }, "geometry": { "type": "Point", "coordinates": [ 14.081264, 40.834085 ] } },
{ "type": "Feature", "properties": { "pid": "CFsynt_000115", "mean_velocity": -3.16, "temporal_coherence": 0.867 }, "geometry": { "type": "Point", "coordinates": [ 14.278418, 40.897281 ] } },
{ "type": "Feature", "properties": { "pid": "CFsynt_000116", "mean_velocity": -2.72, "temporal_coherence": 0.749 }, "geometry": { "type": "Point", "coordinates": [ 14.249971, 40.829607 ] } },
{ "type": "Feature", "properties": { "pid": "CFsynt_000118", "mean_velocity": -2.12, "temporal_coherence": 0.918 }, "geometry": { "type": "Point", "coordinates": [ 14.155307, 40.915367 ] } },
{ "type": "Feature", "properties": { "pid": "CFsynt_000121", "mean_velocity": 7.88, "temporal_coherence": 0.755 }, "geometry": { "type": "Point", "coordinates": [ 14.218456, 40.825589 ] } },
{ "type": "Feature", "properties": { "pid": "CFsynt_000122", "mean_velocity": -0.35, "temporal_coherence": 0.809 }, "geometry": { "type": "Point", "coordinates": [ 14.054489, 40.883642 ] } },
{ "type": "Feature", "properties": { "pid": "CFsynt_000123", "mean_velocity": 82.0, "temporal_coherence": 0.863 }, "geometry": { "type": "Point", "coordinates": [ 14.150584, 40.821507 ] } },
{ "type": "Feature", "properties": { "pid": "CFsynt_000125", "mean_velocity": 55.1, "temporal_coherence": 0.773 }, "geometry": { "type": "Point", "coordinates": [ 14.173257, 40.817211 ] } },
{ "type": "Feature", "properties": { "pid": "CFsynt_000126", "mean_velocity": 57.76, "temporal_coherence": 0.707 }, "geometry": { "type": "Point", "coordinates": [ 14.12566, 40.804097 ] } },
{ "type": "Feature", "properties": { "pid": "CFsynt_000128", "mean_velocity": -5.39, "temporal_coherence": 0.855 }, "geometry": { "type": "Point", "coordinates": [ 14.059987, 40.856264 ] } },
{ "type": "Feature", "properties": { "pid": "CFsynt_000129", "mean_velocity": -1.96, "temporal_coherence": 0.733 }, "geometry": { "type": "Point", "coordinates": [ 14.200417, 40.780996 ] } },
{ "type": "Feature", "properties": { "pid": "CFsynt_000130", "mean_velocity": 17.67, "temporal_coherence": 0.926 }, "geometry": { "type": "Point", "coordinates": [ 14.079472, 40.811749 ] } },
{ "type": "Feature", "properties": { "pid": "CFsynt_000131", "mean_velocity": -0.1, "temporal_coherence": 0.848 }, "geometry": { "type": "Point", "coordinates": [ 14.298285, 40.875414 ] } },
{ "type": "Feature", "properties": { "pid": "CFsynt_000132", "mean_velocity": -3.86, "temporal_coherence": 0.765 }, "geometry": { "type": "Point", "coordinates": [ 14.198508, 40.890521 ] } },
{ "type": "Feature", "properties": { "pid": "CFsynt_000133", "mean_velocity": 65.54, "temporal_coherence": 0.952 }, "geometry": { "type": "Point", "coordinates": [ 14.130592, 40.807422 ] } },
{ "type": "Feature", "properties": { "pid": "CFsynt_000134", "mean_velocity": 19.28, "temporal_coherence": 0.853 }, "geometry": { "type": "Point", "coordinates": [ 14.201365, 40.819255 ] } },
{ "type": "Feature", "properties": { "pid": "CFsynt_000137", "mean_velocity": 31.76, "temporal_coherence": 0.909 }, "geometry": { "type": "Point", "coordinates": [ 14.169868, 40.794294 ] } },
{ "type": "Feature", "properties": { "pid": "CFsynt_000138", "mean_velocity": -2.27, "temporal_coherence": 0.848 }, "geometry": { "type": "Point", "coordinates": [ 14.256993, 40.792973 ] } },
{ "type": "Feature", "properties": { "pid": "CFsynt_000139", "mean_velocity": -2.26, "temporal_coherence": 0.868 }, "geometry": { "type": "Point", "coordinates": [ 14.053992, 40.840106 ] } },
{ "type": "Feature", "properties": { "pid": "CFsynt_000140", "mean_velocity": 29.0, "temporal_coherence": 0.833 }, "geometry": { "type": "Point", "coordinates": [ 14.171131, 40.794075 ] } },
{ "type": "Feature", "properties": { "pid": "CFsynt_000143", "mean_velocity": -2.18, "temporal_coherence": 0.953 }, "geometry": { "type": "Point", "coordinates": [ 14.195801, 40.875231 ] } },
{ "type": "Feature", "properties": { "pid": "CFsynt_000144", "mean_velocity": 20.14, "temporal_coherence": 0.733 }, "geometry": { "type": "Point", "coordinates": [ 14.167312, 40.870175 ] } },
{ "type": "Feature", "properties": { "pid": "CFsynt_000146", "mean_velocity": -2.9, "temporal_coherence": 0.889 }, "geometry": { "type": "Point", "coordinates": [ 14.126155, 40.899194 ] } },
{ "type": "Feature", "properties": { "pid": "CFsynt_000151", "mean_velocity": -1.58, "temporal_coherence": 0.938 }, "geometry": { "type": "Point", "coordinates": [ 14.289887, 40.889773 ] } },
{ "type": "Feature", "properties": { "pid": "CFsynt_000153", "mean_velocity": 29.79, "temporal_coherence": 0.962 }, "geometry": { "type": "Point", "coordinates": [ 14.19067, 40.810946 ] } },
{ "type": "Feature", "properties": { "pid": "CFsynt_000154", "mean_velocity": 12.11, "temporal_coherence": 0.772 }, "geometry": { "type": "Point", "coordinates": [ 14.061487, 40.836053 ] } },
{ "type": "Feature", "properties": { "pid": "CFsynt_000156", "mean_velocity": 61.41, "temporal_coherence": 0.786 }, "geometry": { "type": "Point", "coordinates": [ 14.111558, 40.84123 ] } },
{ "type": "Feature", "properties": { "pid": "CFsynt_000160", "mean_velocity": -2.42, "temporal_coherence": 0.956 }, "geometry": { "type": "Point", "coordinates": [ 14.061245, 40.884081 ] } },
{ "type": "Feature", "properties": { "pid": "CFsynt_000161", "mean_velocity": -2.9, "temporal_coherence": 0.974 }, "geometry": { "type": "Point", "coordinates": [ 14.295643, 40.861132 ] } },
{ "type": "Feature", "properties": { "pid": "CFsynt_000165", "mean_velocity": 18.34, "temporal_coherence": 0.712 }, "geometry": { "type": "Point", "coordinates": [ 14.137567, 40.877428 ] } },
{ "type": "Feature", "properties": { "pid": "CFsynt_000166", "mean_velocity": -0.33, "temporal_coherence": 0.711 }, "geometry": { "type": "Point", "coordinates": [ 14.270639, 40.868447 ] } },
{ "type": "Feature", "properties": { "pid": "CFsynt_000167", "mean_velocity": -2.05, "temporal_coherence": 0.879 }, "geometry": { "type": "Point", "coordinates": [ 14.264393, 40.842837 ] } },
{ "type": "Feature", "properties": { "pid": "CFsynt_000168", "mean_velocity": 77.4, "temporal_coherence": 0.82 }, "geometry": { "type": "Point", "coordinates": [ 14.12197, 40.822225 ] } },
{ "type": "Feature", "properties": { "pid": "CFsynt_000171", "mean_velocity": 44.0, "temporal_coherence": 0.89 }, "geometry": { "type": "Point", "coordinates": [ 14.179367, 40.836456 ] } },
{ "type": "Feature", "properties": { "pid": "CFsynt_000172", "mean_velocity": 54.63, "temporal_coherence": 0.845 }, "geometry": { "type": "Point", "coordinates": [ 14.10423, 40.830597 ] } },
{ "type": "Feature", "properties": { "pid": "CFsynt_000176", "mean_velocity": 6.18, "temporal_coherence": 0.752 }, "geometry": { "type": "Point", "coordinates": [ 14.156178, 40.88722 ] } },
{ "type": "Feature", "properties": { "pid": "CFsynt_000178", "mean_velocity": -2.36, "temporal_coherence": 0.937 }, "geometry": { "type": "Point", "coordinates": [ 14.288586, 40.82687 ] } },
{ "type": "Feature", "properties": { "pid": "CFsynt_000181", "mean_velocity": -0.32, "temporal_coherence": 0.914 }, "geometry": { "type": "Point", "coordinates": [ 14.2891, 40.855007 ] } },
{ "type": "Feature", "properties": { "pid": "CFsynt_000182", "mean_velocity": -2.3, "temporal_coherence": 0.949 }, "geometry": { "type": "Point", "coordinates": [ 14.180469, 40.906049 ] } },
{ "type": "Feature", "properties": { "pid": "CFsynt_000183", "mean_velocity": 17.3, "temporal_coherence": 0.99 }, "geometry": { "type": "Point", "coordinates": [ 14.121619, 40.878902 ] } },
{ "type": "Feature", "properties": { "pid": "CFsynt_000184", "mean_velocity": -1.86, "temporal_coherence": 0.794 }, "geometry": { "type": "Point", "coordinates": [ 14.253884, 40.795716 ] } },
{ "type": "Feature", "properties": { "pid": "CFsynt_000185", "mean_velocity": -2.69, "temporal_coherence": 0.967 }, "geometry": { "type": "Point", "coordinates": [ 14.221882, 40.891046 ] } },
{ "type": "Feature", "properties": { "pid": "CFsynt_000186", "mean_velocity": 7.36, "temporal_coherence": 0.79 }, "geometry": { "type": "Point", "coordinates": [ 14.138361, 40.889503 ] } },
{ "type": "Feature", "properties": { "pid": "CFsynt_000187", "mean_velocity": -3.17, "temporal_coherence": 0.835 }, "geometry": { "type": "Point", "coordinates": [ 14.057395, 40.807257 ] } },
{ "type": "Feature", "properties": { "pid": "CFsynt_000189", "mean_velocity": 16.16, "temporal_coherence": 0.75 }, "geometry": { "type": "Point", "coordinates": [ 14.106114, 40.869971 ] } },
{ "type": "Feature", "properties": { "pid": "CFsynt_000192", "mean_velocity": -2.65, "temporal_coherence": 0.965 }, "geometry": { "type": "Point", "coordinates": [ 14.0656, 40.795071 ] } },
{ "type": "Feature", "properties": { "pid": "CFsynt_000193", "mean_velocity": -6.63, "temporal_coherence": 0.7 }, "geometry": { "type": "Point", "coordinates": [ 14.271023, 40.847475 ] } },
{ "type": "Feature", "properties": { "pid": "CFsynt_000195", "mean_velocity": 24.63, "temporal_coherence": 0.936 }, "geometry": { "type": "Point", "coordinates": [ 14.081988, 40.834807 ] } },
{ "type": "Feature", "properties": { "pid": "CFsynt_000196", "mean_velocity": -2.31, "temporal_coherence": 0.822 }, "geometry": { "type": "Point", "coordinates": [ 14.203821, 40.901879 ] } },
{ "type": "Feature", "properties": { "pid": "CFsynt_000197", "mean_velocity": -3.32, "temporal_coherence": 0.957 }, "geometry": { "type": "Point", "coordinates": [ 14.283623, 40.786769 ] } },
{ "type": "Feature", "properties": { "pid": "CFsynt_000200", "mean_velocity": -2.48, "temporal_coherence": 0.907 }, "geometry": { "type": "Point", "coordinates": [ 14.255447, 40.851066 ] } },
{ "type": "Feature", "properties": { "pid": "CFsynt_000203", "mean_velocity": 7.61, "temporal_coherence": 0.769 }, "geometry": { "type": "Point", "coordinates": [ 14.07173, 40.793481 ] } },
{ "type": "Feature", "properties": { "pid": "CFsynt_000206", "mean_velocity": 17.33, "temporal_coherence": 0.854 }, "geometry": { "type": "Point", "coordinates": [ 14.068228, 40.831238 ] } },
{ "type": "Feature", "properties": { "pid": "CFsynt_000211", "mean_velocity": -1.13, "temporal_coherence": 0.871 }, "geometry": { "type": "Point", "coordinates": [ 14.198524, 40.894997 ] } },
{ "type": "Feature", "properties": { "pid": "CFsynt_000212", "mean_velocity": 30.95, "temporal_coherence": 0.766 }, "geometry": { "type": "Point", "coordinates": [ 14.087935, 40.828758 ] } },
{ "type": "Feature", "properties": { "pid": "CFsynt_000213", "mean_velocity": -3.64, "temporal_coherence": 0.7 }, "geometry": { "type": "Point", "coordinates": [ 14.263196, 40.867764 ] } },
{ "type": "Feature", "properties": { "pid": "CFsynt_000214", "mean_velocity": -3.58, "temporal_coherence": 0.878 }, "geometry": { "type": "Point", "coordinates": [ 14.237468, 40.804582 ] } },
{ "type": "Feature", "properties": { "pid": "CFsynt_000215", "mean_velocity": -4.47, "temporal_coherence": 0.714 }, "geometry": { "type": "Point", "coordinates": [ 14.244305, 40.787972 ] } },
{ "type": "Feature", "properties": { "pid": "CFsynt_000216", "mean_velocity": 3.52, "temporal_coherence": 0.728 }, "geometry": { "type": "Point", "coordinates": [ 14.068007, 40.85601 ] } },
{ "type": "Feature", "properties": { "pid": "CFsynt_000217", "mean_velocity": -3.43, "temporal_coherence": 0.846 }, "geometry": { "type": "Point", "coordinates": [ 14.065889, 40.885211 ] } },
{ "type": "Feature", "properties": { "pid": "CFsynt_000218", "mean_velocity": -0.75, "temporal_coherence": 0.727 }, "geometry": { "type": "Point", "coordinates": [ 14.298993, 40.795189 ] } },
{ "type": "Feature", "properties": { "pid": "CFsynt_000219", "mean_velocity": 81.28, "temporal_coherence": 0.867 }, "geometry": { "type": "Point", "coordinates": [ 14.145298, 40.838545 ] } },
{ "type": "Feature", "properties": { "pid": "CFsynt_000220", "mean_velocity": 69.71, "temporal_coherence": 0.968 }, "geometry": { "type": "Point", "coordinates": [ 14.117275, 40.840038 ] } },
{ "type": "Feature", "properties": { "pid": "CFsynt_000221", "mean_velocity": 35.95, "temporal_coherence": 0.917 }, "geometry": { "type": "Point", "coordinates": [ 14.171689, 40.798876 ] } },
{ "type": "Feature", "properties": { "pid": "CFsynt_000222", "mean_velocity": -1.45, "temporal_coherence": 0.733 }, "geometry": { "type": "Point", "coordinates": [ 14.222231, 40.861709 ] } },
{ "type": "Feature", "properties": { "pid": "CFsynt_000224", "mean_velocity": 45.26, "temporal_coherence": 0.967 }, "geometry": { "type": "Point", "coordinates": [ 14.113069, 40.851755 ] } },
{ "type": "Feature", "properties": { "pid": "CFsynt_000225", "mean_velocity": -2.37, "temporal_coherence": 0.88 }, "geometry": { "type": "Point", "coordinates": [ 14.298194, 40.780418 ] } },
{ "type": "Feature", "properties": { "pid": "CFsynt_000228", "mean_velocity": 8.69, "temporal_coherence": 0.764 }, "geometry": { "type": "Point", "coordinates": [ 14.213853, 40.841404 ] } },
{ "type": "Feature", "properties": { "pid": "CFsynt_000229", "mean_velocity": 6.19, "temporal_coherence": 0.756 }, "geometry": { "type": "Point", "coordinates": [ 14.06071, 40.838075 ] } },
{ "type": "Feature", "properties": { "pid": "CFsynt_000231", "mean_velocity": 60.6, "temporal_coherence": 0.83 }, "geometry": { "type": "Point", "coordinates": [ 14.151543, 40.848188 ] } },
{ "type": "Feature", "properties": { "pid": "CFsynt_000233", "mean_velocity": 12.13, "temporal_coherence": 0.904 }, "geometry": { "type": "Point", "coordinates": [ 14.202852, 40.800617 ] } },
{ "type": "Feature", "properties": { "pid": "CFsynt_000236", "mean_velocity": 61.84, "temporal_coherence": 0.722 }, "geometry": { "type": "Point", "coordinates": [ 14.165541, 40.835735 ] } },
{ "type": "Feature", "properties": { "pid": "CFsynt_000237", "mean_velocity": -2.17, "temporal_coherence": 0.767 }, "geometry": { "type": "Point", "coordinates": [ 14.257581, 40.880366 ] } },
{ "type": "Feature", "properties": { "pid": "CFsynt_000239", "mean_velocity": 3.22, "temporal_coherence": 0.789 }, "geometry": { "type": "Point", "coordinates": [ 14.061652, 40.861865 ] } },
{ "type": "Feature", "properties": { "pid": "CFsynt_000240", "mean_velocity": -2.19, "temporal_coherence": 0.724 }, "geometry": { "type": "Point", "coordinates": [ 14.270534, 40.875213 ] } },
{ "type": "Feature", "properties": { "pid": "CFsynt_000241", "mean_velocity": -3.69, "temporal_coherence": 0.885 }, "geometry": { "type": "Point", "coordinates": [ 14.261077, 40.791908 ] } },
{ "type": "Feature", "properties": { "pid": "CFsynt_000243", "mean_velocity": 0.11, "temporal_coherence": 0.775 }, "geometry": { "type": "Point", "coordinates": [ 14.183923, 40.902504 ] } },
{ "type": "Feature", "properties": { "pid": "CFsynt_000244", "mean_velocity": 5.47, "temporal_coherence": 0.747 }, "geometry": { "type": "Point", "coordinates": [ 14.205745, 40.790067 ] } },
{ "type": "Feature", "properties": { "pid": "CFsynt_000248", "mean_velocity": 25.29, "temporal_coherence": 0.913 }, "geometry": { "type": "Point", "coordinates": [ 14.138513, 40.870926 ] } },
{ "type": "Feature", "properties": { "pid": "CFsynt_000249", "mean_velocity": 82.84, "temporal_coherence": 0.769 }, "geometry": { "type": "Point", "coordinates": [ 14.153506, 40.828155 ] } },
{ "type": "Feature", "properties": { "pid": "CFsynt_000252", "mean_velocity": 69.16, "temporal_coherence": 0.911 }, "geometry": { "type": "Point", "coordinates": [ 14.16163, 40.837291 ] } },
{ "type": "Feature", "properties": { "pid": "CFsynt_000253", "mean_velocity": 53.02, "temporal_coherence": 0.962 }, "geometry": { "type": "Point", "coordinates": [ 14.101873, 40.824263 ] } },
{ "type": "Feature", "properties": { "pid": "CFsynt_000256", "mean_velocity": -4.13, "temporal_coherence": 0.835 }, "geometry": { "type": "Point", "coordinates": [ 14.266805, 40.877159 ] } },
{ "type": "Feature", "properties": { "pid": "CFsynt_000259", "mean_velocity": 9.47, "temporal_coherence": 0.904 }, "geometry": { "type": "Point", "coordinates": [ 14.202386, 40.804159 ] } },
{ "type": "Feature", "properties": { "pid": "CFsynt_000260", "mean_velocity": -6.06, "temporal_coherence": 0.891 }, "geometry": { "type": "Point", "coordinates": [ 14.07239, 40.919285 ] } },
{ "type": "Feature", "properties": { "pid": "CFsynt_000263", "mean_velocity": -5.03, "temporal_coherence": 0.844 }, "geometry": { "type": "Point", "coordinates": [ 14.071723, 40.886797 ] } },
{ "type": "Feature", "properties": { "pid": "CFsynt_000264", "mean_velocity": -2.3, "temporal_coherence": 0.82 }, "geometry": { "type": "Point", "coordinates": [ 14.297081, 40.841591 ] } },
{ "type": "Feature", "properties": { "pid": "CFsynt_000265", "mean_velocity": -3.3, "temporal_coherence": 0.9 }, "geometry": { "type": "Point", "coordinates": [ 14.078004, 40.910906 ] } },
{ "type": "Feature", "properties": { "pid": "CFsynt_000267", "mean_velocity": -1.89, "temporal_coherence": 0.755 }, "geometry": { "type": "Point", "coordinates": [ 14.074548, 40.904194 ] } },
{ "type": "Feature", "properties": { "pid": "CFsynt_000271", "mean_velocity": 14.01, "temporal_coherence": 0.753 }, "geometry": { "type": "Point", "coordinates": [ 14.080646, 40.799832 ] } },
{ "type": "Feature", "properties": { "pid": "CFsynt_000276", "mean_velocity": 45.58, "temporal_coherence": 0.795 }, "geometry": { "type": "Point", "coordinates": [ 14.122217, 40.79783 ] } },
{ "type": "Feature", "properties": { "pid": "CFsynt_000277", "mean_velocity": 8.44, "temporal_coherence": 0.774 }, "geometry": { "type": "Point", "coordinates": [ 14.176313, 40.878155 ] } },
{ "type": "Feature", "properties": { "pid": "CFsynt_000278", "mean_velocity": -0.83, "temporal_coherence": 0.792 }, "geometry": { "type": "Point", "coordinates": [ 14.283751, 40.894986 ] } },
{ "type": "Feature", "properties": { "pid": "CFsynt_000282", "mean_velocity": 47.36, "temporal_coherence": 0.792 }, "geometry": { "type": "Point", "coordinates": [ 14.098656, 40.830118 ] } },
{ "type": "Feature", "properties": { "pid": "CFsynt_000284", "mean_velocity": -5.28, "temporal_coherence": 0.813 }, "geometry": { "type": "Point", "coordinates": [ 14.195657, 40.910953 ] } },
{ "type": "Feature", "properties": { "pid": "CFsynt_000288", "mean_velocity": 44.34, "temporal_coherence": 0.849 }, "geometry": { "type": "Point", "coordinates": [ 14.181888, 40.820211 ] } },
{ "type": "Feature", "properties": { "pid": "CFsynt_000290", "mean_velocity": -0.2, "temporal_coherence": 0.834 }, "geometry": { "type": "Point", "coordinates": [ 14.271703, 40.889544 ] } },
{ "type": "Feature", "properties": { "pid": "CFsynt_000294", "mean_velocity": -7.81, "temporal_coherence": 0.96 }, "geometry": { "type": "Point", "coordinates": [ 14.274637, 40.783702 ] } },
{ "type": "Feature", "properties": { "pid": "CFsynt_000297", "mean_velocity": -1.77, "temporal_coherence": 0.798 }, "geometry": { "type": "Point", "coordinates": [ 14.262588, 40.875987 ] } },
{ "type": "Feature", "properties": { "pid": "CFsynt_000298", "mean_velocity": -6.08, "temporal_coherence": 0.765 }, "geometry": { "type": "Point", "coordinates": [ 14.256048, 40.810195 ] } },
{ "type": "Feature", "properties": { "pid": "CFsynt_000300", "mean_velocity": -4.74, "temporal_coherence": 0.946 }, "geometry": { "type": "Point", "coordinates": [ 14.255909, 40.796796 ] } },
{ "type": "Feature", "properties": { "pid": "CFsynt_000301", "mean_velocity": 9.68, "temporal_coherence": 0.967 }, "geometry": { "type": "Point", "coordinates": [ 14.06902, 40.849924 ] } },
{ "type": "Feature", "properties": { "pid": "CFsynt_000302", "mean_velocity": 23.52, "temporal_coherence": 0.829 }, "geometry": { "type": "Point", "coordinates": [ 14.18546, 40.853868 ] } },
{ "type": "Feature", "properties": { "pid": "CFsynt_000303", "mean_velocity": 19.43, "temporal_coherence": 0.726 }, "geometry": { "type": "Point", "coordinates": [ 14.179125, 40.789129 ] } },
{ "type": "Feature", "properties": { "pid": "CFsynt_000304", "mean_velocity": -0.37, "temporal_coherence": 0.895 }, "geometry": { "type": "Point", "coordinates": [ 14.278696, 40.890055 ] } },
{ "type": "Feature", "properties": { "pid": "CFsynt_000306", "mean_velocity": 10.87, "temporal_coherence": 0.705 }, "geometry": { "type": "Point", "coordinates": [ 14.141676, 40.884758 ] } },
{ "type": "Feature", "properties": { "pid": "CFsynt_000307", "mean_velocity": -3.2, "temporal_coherence": 0.888 }, "geometry": { "type": "Point", "coordinates": [ 14.215473, 40.912751 ] } },
{ "type": "Feature", "properties": { "pid": "CFsynt_000308", "mean_velocity": 65.61, "temporal_coherence": 0.892 }, "geometry": { "type": "Point", "coordinates": [ 14.107274, 40.822891 ] } },
{ "type": "Feature", "properties": { "pid": "CFsynt_000309", "mean_velocity": -4.94, "temporal_coherence": 0.987 }, "geometry": { "type": "Point", "coordinates": [ 14.070533, 40.887696 ] } },
{ "type": "Feature", "properties": { "pid": "CFsynt_000311", "mean_velocity": -0.7, "temporal_coherence": 0.975 }, "geometry": { "type": "Point", "coordinates": [ 14.150898, 40.912271 ] } },
{ "type": "Feature", "properties": { "pid": "CFsynt_000313", "mean_velocity": 31.81, "temporal_coherence": 0.793 }, "geometry": { "type": "Point", "coordinates": [ 14.136578, 40.787485 ] } },
{ "type": "Feature", "properties": { "pid": "CFsynt_000314", "mean_velocity": 10.66, "temporal_coherence": 0.96 }, "geometry": { "type": "Point", "coordinates": [ 14.136254, 40.884535 ] } },
{ "type": "Feature", "properties": { "pid": "CFsynt_000315", "mean_velocity": 51.91, "temporal_coherence": 0.841 }, "geometry": { "type": "Point", "coordinates": [ 14.124974, 40.85105 ] } },
{ "type": "Feature", "properties": { "pid": "CFsynt_000318", "mean_velocity": 56.71, "temporal_coherence": 0.764 }, "geometry": { "type": "Point", "coordinates": [ 14.116094, 40.847973 ] } },
{ "type": "Feature", "properties": { "pid": "CFsynt_000320", "mean_velocity": -1.99, "temporal_coherence": 0.892 }, "geometry": { "type": "Point", "coordinates": [ 14.295741, 40.801562 ] } },
{ "type": "Feature", "properties": { "pid": "CFsynt_000321", "mean_velocity": 61.38, "temporal_coherence": 0.881 }, "geometry": { "type": "Point", "coordinates": [ 14.169464, 40.828131 ] } },
{ "type": "Feature", "properties": { "pid": "CFsynt_000322", "mean_velocity": -1.36, "temporal_coherence": 0.977 }, "geometry": { "type": "Point", "coordinates": [ 14.125225, 40.915743 ] } },
{ "type": "Feature", "properties": { "pid": "CFsynt_000324", "mean_velocity": -1.77, "temporal_coherence": 0.781 }, "geometry": { "type": "Point", "coordinates": [ 14.276083, 40.867564 ] } },
{ "type": "Feature", "properties": { "pid": "CFsynt_000325", "mean_velocity": -4.62, "temporal_coherence": 0.964 }, "geometry": { "type": "Point", "coordinates": [ 14.21925, 40.793172 ] } },
{ "type": "Feature", "properties": { "pid": "CFsynt_000327", "mean_velocity": 15.13, "temporal_coherence": 0.835 }, "geometry": { "type": "Point", "coordinates": [ 14.184489, 40.864228 ] } },
{ "type": "Feature", "properties": { "pid": "CFsynt_000328", "mean_velocity": 10.97, "temporal_coherence": 0.924 }, "geometry": { "type": "Point", "coordinates": [ 14.213546, 40.832549 ] } },
{ "type": "Feature", "properties": { "pid": "CFsynt_000329", "mean_velocity": 52.08, "temporal_coherence": 0.853 }, "geometry": { "type": "Point", "coordinates": [ 14.113565, 40.804968 ] } },
{ "type": "Feature", "properties": { "pid": "CFsynt_000332", "mean_velocity": -2.28, "temporal_coherence": 0.825 }, "geometry": { "type": "Point", "coordinates": [ 14.231491, 40.851658 ] } },
{ "type": "Feature", "properties": { "pid": "CFsynt_000333", "mean_velocity": 2.72, "temporal_coherence": 0.759 }, "geometry": { "type": "Point", "coordinates": [ 14.279609, 40.844508 ] } },
{ "type": "Feature", "properties": { "pid": "CFsynt_000334", "mean_velocity": 0.79, "temporal_coherence": 0.902 }, "geometry": { "type": "Point", "coordinates": [ 14.06831, 40.894329 ] } },
{ "type": "Feature", "properties": { "pid": "CFsynt_000335", "mean_velocity": 7.84, "temporal_coherence": 0.986 }, "geometry": { "type": "Point", "coordinates": [ 14.20817, 40.828228 ] } },
{ "type": "Feature", "properties": { "pid": "CFsynt_000337", "mean_velocity": -0.64, "temporal_coherence": 0.856 }, "geometry": { "type": "Point", "coordinates": [ 14.240458, 40.820651 ] } },
{ "type": "Feature", "properties": { "pid": "CFsynt_000338", "mean_velocity": -2.86, "temporal_coherence": 0.976 }, "geometry": { "type": "Point", "coordinates": [ 14.054503, 40.787166 ] } },
{ "type": "Feature", "properties": { "pid": "CFsynt_000340", "mean_velocity": -3.03, "temporal_coherence": 0.744 }, "geometry": { "type": "Point", "coordinates": [ 14.069848, 40.917146 ] } },
{ "type": "Feature", "properties": { "pid": "CFsynt_000342", "mean_velocity": -4.8, "temporal_coherence": 0.814 }, "geometry": { "type": "Point", "coordinates": [ 14.262256, 40.918545 ] } },
{ "type": "Feature", "properties": { "pid": "CFsynt_000343", "mean_velocity": 18.75, "temporal_coherence": 0.909 }, "geometry": { "type": "Point", "coordinates": [ 14.202168, 40.841321 ] } },
{ "type": "Feature", "properties": { "pid": "CFsynt_000344", "mean_velocity": -2.61, "temporal_coherence": 0.936 }, "geometry": { "type": "Point", "coordinates": [ 14.256961, 40.811132 ] } },
{ "type": "Feature", "properties": { "pid": "CFsynt_000345", "mean_velocity": -4.37, "temporal_coherence": 0.74 }, "geometry": { "type": "Point", "coordinates": [ 14.260583, 40.874826 ] } },
{ "type": "Feature", "properties": { "pid": "CFsynt_000347", "mean_velocity": -5.59, "temporal_coherence": 0.791 }, "geometry": { "type": "Point", "coordinates": [ 14.103481, 40.890869 ] } },
{ "type": "Feature", "properties": { "pid": "CFsynt_000348", "mean_velocity": 13.1, "temporal_coherence": 0.833 }, "geometry": { "type": "Point", "coordinates": [ 14.201122, 40.849073 ] } },
{ "type": "Feature", "properties": { "pid": "CFsynt_000349", "mean_velocity": -3.64, "temporal_coherence": 0.775 }, "geometry": { "type": "Point", "coordinates": [ 14.057564, 40.883986 ] } },
{ "type": "Feature", "properties": { "pid": "CFsynt_000350", "mean_velocity": 1.79, "temporal_coherence": 0.702 }, "geometry": { "type": "Point", "coordinates": [ 14.208688, 40.899057 ] } },
{ "type": "Feature", "properties": { "pid": "CFsynt_000352", "mean_velocity": -6.81, "temporal_coherence": 0.839 }, "geometry": { "type": "Point", "coordinates": [ 14.193836, 40.897379 ] } },
{ "type": "Feature", "properties": { "pid": "CFsynt_000354", "mean_velocity": 56.41, "temporal_coherence": 0.904 }, "geometry": { "type": "Point", "coordinates": [ 14.165136, 40.809249 ] } },
{ "type": "Feature", "properties": { "pid": "CFsynt_000355", "mean_velocity": 32.39, "temporal_coherence": 0.915 }, "geometry": { "type": "Point", "coordinates": [ 14.181563, 40.849979 ] } },
{ "type": "Feature", "properties": { "pid": "CFsynt_000356", "mean_velocity": 2.05, "temporal_coherence": 0.92 }, "geometry": { "type": "Point", "coordinates": [ 14.251538, 40.819072 ] } },
{ "type": "Feature", "properties": { "pid": "CFsynt_000358", "mean_velocity": 38.67, "temporal_coherence": 0.945 }, "geometry": { "type": "Point", "coordinates": [ 14.172724, 40.851434 ] } },
{ "type": "Feature", "properties": { "pid": "CFsynt_000359", "mean_velocity": 12.08, "temporal_coherence": 0.742 }, "geometry": { "type": "Point", "coordinates": [ 14.203882, 40.84497 ] } },
{ "type": "Feature", "properties": { "pid": "CFsynt_000361", "mean_velocity": -3.24, "temporal_coherence": 0.73 }, "geometry": { "type": "Point", "coordinates": [ 14.064723, 40.875093 ] } },
{ "type": "Feature", "properties": { "pid": "CFsynt_000362", "mean_velocity": 4.78, "temporal_coherence": 0.7 }, "geometry": { "type": "Point", "coordinates": [ 14.06396, 40.853609 ] } },
{ "type": "Feature", "properties": { "pid": "CFsynt_000363", "mean_velocity": -3.33, "temporal_coherence": 0.849 }, "geometry": { "type": "Point", "coordinates": [ 14.055436, 40.783229 ] } },
{ "type": "Feature", "properties": { "pid": "CFsynt_000364", "mean_velocity": -5.0, "temporal_coherence": 0.802 }, "geometry": { "type": "Point", "coordinates": [ 14.22078, 40.916457 ] } },
{ "type": "Feature", "properties": { "pid": "CFsynt_000365", "mean_velocity": 83.48, "temporal_coherence": 0.868 }, "geometry": { "type": "Point", "coordinates": [ 14.151396, 40.824622 ] } },
{ "type": "Feature", "properties": { "pid": "CFsynt_000366", "mean_velocity": -2.97, "temporal_coherence": 0.783 }, "geometry": { "type": "Point", "coordinates": [ 14.254553, 40.837864 ] } },
{ "type": "Feature", "properties": { "pid": "CFsynt_000367", "mean_velocity": -1.04, "temporal_coherence": 0.752 }, "geometry": { "type": "Point", "coordinates": [ 14.224657, 40.79702 ] } },
{ "type": "Feature", "properties": { "pid": "CFsynt_000368", "mean_velocity": 40.2, "temporal_coherence": 0.982 }, "geometry": { "type": "Point", "coordinates": [ 14.126755, 40.859612 ] } },
{ "type": "Feature", "properties": { "pid": "CFsynt_000369", "mean_velocity": -5.03, "temporal_coherence": 0.717 }, "geometry": { "type": "Point", "coordinates": [ 14.290526, 40.88637 ] } },
{ "type": "Feature", "properties": { "pid": "CFsynt_000370", "mean_velocity": -5.71, "temporal_coherence": 0.794 }, "geometry": { "type": "Point", "coordinates": [ 14.251134, 40.91861 ] } },
{ "type": "Feature", "properties": { "pid": "CFsynt_000373", "mean_velocity": 5.83, "temporal_coherence": 0.737 }, "geometry": { "type": "Point", "coordinates": [ 14.121188, 40.886687 ] } },
{ "type": "Feature", "properties": { "pid": "CFsynt_000374", "mean_velocity": 14.84, "temporal_coherence": 0.875 }, "geometry": { "type": "Point", "coordinates": [ 14.075707, 40.811174 ] } },
{ "type": "Feature", "properties": { "pid": "CFsynt_000375", "mean_velocity": 9.46, "temporal_coherence": 0.854 }, "geometry": { "type": "Point", "coordinates": [ 14.072857, 40.796805 ] } },
{ "type": "Feature", "properties": { "pid": "CFsynt_000377", "mean_velocity": -4.06, "temporal_coherence": 0.78 }, "geometry": { "type": "Point", "coordinates": [ 14.156992, 40.917631 ] } },
{ "type": "Feature", "properties": { "pid": "CFsynt_000378", "mean_velocity": 77.89, "temporal_coherence": 0.72 }, "geometry": { "type": "Point", "coordinates": [ 14.141163, 40.81245 ] } },
{ "type": "Feature", "properties": { "pid": "CFsynt_000379", "mean_velocity": -0.58, "temporal_coherence": 0.905 }, "geometry": { "type": "Point", "coordinates": [ 14.241609, 40.843308 ] } },
{ "type": "Feature", "properties": { "pid": "CFsynt_000380", "mean_velocity": -4.05, "temporal_coherence": 0.844 }, "geometry": { "type": "Point", "coordinates": [ 14.190368, 40.887033 ] } },
{ "type": "Feature", "properties": { "pid": "CFsynt_000382", "mean_velocity": -2.58, "temporal_coherence": 0.747 }, "geometry": { "type": "Point", "coordinates": [ 14.256287, 40.878543 ] } },
{ "type": "Feature", "properties": { "pid": "CFsynt_000383", "mean_velocity": -5.12, "temporal_coherence": 0.804 }, "geometry": { "type": "Point", "coordinates": [ 14.169017, 40.89556 ] } },
{ "type": "Feature", "properties": { "pid": "CFsynt_000384", "mean_velocity": 37.77, "temporal_coherence": 0.728 }, "geometry": { "type": "Point", "coordinates": [ 14.139144, 40.791199 ] } },
{ "type": "Feature", "properties": { "pid": "CFsynt_000386", "mean_velocity": -1.39, "temporal_coherence": 0.865 }, "geometry": { "type": "Point", "coordinates": [ 14.23815, 40.809629 ] } },
{ "type": "Feature", "properties": { "pid": "CFsynt_000389", "mean_velocity": 0.26, "temporal_coherence": 0.936 }, "geometry": { "type": "Point", "coordinates": [ 14.276655, 40.796295 ] } },
{ "type": "Feature", "properties": { "pid": "CFsynt_000390", "mean_velocity": 1.65, "temporal_coherence": 0.865 }, "geometry": { "type": "Point", "coordinates": [ 14.214751, 40.784597 ] } },
{ "type": "Feature", "properties": { "pid": "CFsynt_000392", "mean_velocity": 16.75, "temporal_coherence": 0.76 }, "geometry": { "type": "Point", "coordinates": [ 14.200595, 40.817395 ] } },
{ "type": "Feature", "properties": { "pid": "CFsynt_000393", "mean_velocity": -1.6, "temporal_coherence": 0.729 }, "geometry": { "type": "Point", "coordinates": [ 14.228968, 40.784003 ] } },
{ "type": "Feature", "properties": { "pid": "CFsynt_000395", "mean_velocity": -1.93, "temporal_coherence": 0.81 }, "geometry": { "type": "Point", "coordinates": [ 14.161752, 40.896617 ] } },
{ "type": "Feature", "properties": { "pid": "CFsynt_000396", "mean_velocity": -4.04, "temporal_coherence": 0.908 }, "geometry": { "type": "Point", "coordinates": [ 14.269366, 40.902776 ] } },
{ "type": "Feature", "properties": { "pid": "CFsynt_000397", "mean_velocity": 22.23, "temporal_coherence": 0.811 }, "geometry": { "type": "Point", "coordinates": [ 14.115654, 40.787992 ] } },
{ "type": "Feature", "properties": { "pid": "CFsynt_000398", "mean_velocity": 33.04, "temporal_coherence": 0.768 }, "geometry": { "type": "Point", "coordinates": [ 14.162979, 40.860236 ] } },
{ "type": "Feature", "properties": { "pid": "CFsynt_000399", "mean_velocity": -1.05, "temporal_coherence": 0.822 }, "geometry": { "type": "Point", "coordinates": [ 14.158271, 40.906462 ] } },
{ "type": "Feature", "properties": { "pid": "CFsynt_000400", "mean_velocity": 28.54, "temporal_coherence": 0.764 }, "geometry": { "type": "Point", "coordinates": [ 14.117559, 40.788996 ] } },
{ "type": "Feature", "properties": { "pid": "CFsynt_000401", "mean_velocity": -1.69, "temporal_coherence": 0.988 }, "geometry": { "type": "Point", "coordinates": [ 14.296348, 40.797383 ] } },
{ "type": "Feature", "properties": { "pid": "CFsynt_000405", "mean_velocity": -3.05, "temporal_coherence": 0.947 }, "geometry": { "type": "Point", "coordinates": [ 14.284968, 40.890364 ] } },
{ "type": "Feature", "properties": { "pid": "CFsynt_000407", "mean_velocity": 0.99, "temporal_coherence": 0.98 }, "geometry": { "type": "Point", "coordinates": [ 14.2727, 40.797576 ] } },
{ "type": "Feature", "properties": { "pid": "CFsynt_000411", "mean_velocity": -2.94, "temporal_coherence": 0.735 }, "geometry": { "type": "Point", "coordinates": [ 14.218536, 40.89654 ] } },
{ "type": "Feature", "properties": { "pid": "CFsynt_000412", "mean_velocity": -3.37, "temporal_coherence": 0.967 }, "geometry": { "type": "Point", "coordinates": [ 14.056228, 40.838121 ] } },
{ "type": "Feature", "properties": { "pid": "CFsynt_000415", "mean_velocity": 17.45, "temporal_coherence": 0.977 }, "geometry": { "type": "Point", "coordinates": [ 14.09984, 40.788347 ] } },
{ "type": "Feature", "properties": { "pid": "CFsynt_000416", "mean_velocity": 11.61, "temporal_coherence": 0.919 }, "geometry": { "type": "Point", "coordinates": [ 14.071476, 40.840959 ] } },
{ "type": "Feature", "properties": { "pid": "CFsynt_000417", "mean_velocity": -2.28, "temporal_coherence": 0.81 }, "geometry": { "type": "Point", "coordinates": [ 14.255263, 40.796521 ] } },
{ "type": "Feature", "properties": { "pid": "CFsynt_000418", "mean_velocity": -1.33, "temporal_coherence": 0.783 }, "geometry": { "type": "Point", "coordinates": [ 14.087479, 40.918045 ] } },
{ "type": "Feature", "properties": { "pid": "CFsynt_000419", "mean_velocity": -2.92, "temporal_coherence": 0.853 }, "geometry": { "type": "Point", "coordinates": [ 14.294085, 40.884363 ] } },
{ "type": "Feature", "properties": { "pid": "CFsynt_000420", "mean_velocity": 2.58, "temporal_coherence": 0.924 }, "geometry": { "type": "Point", "coordinates": [ 14.220318, 40.821423 ] } },
{ "type": "Feature", "properties": { "pid": "CFsynt_000426", "mean_velocity": 13.17, "temporal_coherence": 0.826 }, "geometry": { "type": "Point", "coordinates": [ 14.09918, 40.780601 ] } },
{ "type": "Feature", "properties": { "pid": "CFsynt_000427", "mean_velocity": -2.61, "temporal_coherence": 0.984 }, "geometry": { "type": "Point", "coordinates": [ 14.276329, 40.831099 ] } },
{ "type": "Feature", "properties": { "pid": "CFsynt_000430", "mean_velocity": -3.31, "temporal_coherence": 0.74 }, "geometry": { "type": "Point", "coordinates": [ 14.299061, 40.834008 ] } },
{ "type": "Feature", "properties": { "pid": "CFsynt_000431", "mean_velocity": -3.61, "temporal_coherence": 0.772 }, "geometry": { "type": "Point", "coordinates": [ 14.253911, 40.839492 ] } },
{ "type": "Feature", "properties": { "pid": "CFsynt_000435", "mean_velocity": 29.24, "temporal_coherence": 0.943 }, "geometry": { "type": "Point", "coordinates": [ 14.088517, 40.829936 ] } },
{ "type": "Feature", "properties": { "pid": "CFsynt_000436", "mean_velocity": 10.1, "temporal_coherence": 0.912 }, "geometry": { "type": "Point", "coordinates": [ 14.066228, 40.851243 ] } },
{ "type": "Feature", "properties": { "pid": "CFsynt_000437", "mean_velocity": 47.91, "temporal_coherence": 0.819 }, "geometry": { "type": "Point", "coordinates": [ 14.176314, 40.816556 ] } },
{ "type": "Feature", "properties": { "pid": "CFsynt_000438", "mean_velocity": -3.96, "temporal_coherence": 0.934 }, "geometry": { "type": "Point", "coordinates": [ 14.246105, 40.91378 ] } },
{ "type": "Feature", "properties": { "pid": "CFsynt_000439", "mean_velocity": -4.76, "temporal_coherence": 0.764 }, "geometry": { "type": "Point", "coordinates": [ 14.212703, 40.863503 ] } },
{ "type": "Feature", "properties": { "pid": "CFsynt_000440", "mean_velocity": -0.96, "temporal_coherence": 0.877 }, "geometry": { "type": "Point", "coordinates": [ 14.276828, 40.849081 ] } },
{ "type": "Feature", "properties": { "pid": "CFsynt_000442", "mean_velocity": -2.23, "temporal_coherence": 0.805 }, "geometry": { "type": "Point", "coordinates": [ 14.24304, 40.910836 ] } },
{ "type": "Feature", "properties": { "pid": "CFsynt_000443", "mean_velocity": -3.67, "temporal_coherence": 0.737 }, "geometry": { "type": "Point", "coordinates": [ 14.085982, 40.906304 ] } },
{ "type": "Feature", "properties": { "pid": "CFsynt_000444", "mean_velocity": 37.77, "temporal_coherence": 0.798 }, "geometry": { "type": "Point", "coordinates": [ 14.10852, 40.80061 ] } },
{ "type": "Feature", "properties": { "pid": "CFsynt_000445", "mean_velocity": -4.71, "temporal_coherence": 0.848 }, "geometry": { "type": "Point", "coordinates": [ 14.235872, 40.787562 ] } },
{ "type": "Feature", "properties": { "pid": "CFsynt_000449", "mean_velocity": -4.07, "temporal_coherence": 0.954 }, "geometry": { "type": "Point", "coordinates": [ 14.20873, 40.896913 ] } },
{ "type": "Feature", "properties": { "pid": "CFsynt_000452", "mean_velocity": -5.83, "temporal_coherence": 0.861 }, "geometry": { "type": "Point", "coordinates": [ 14.235778, 40.84835 ] } },
{ "type": "Feature", "properties": { "pid": "CFsynt_000453", "mean_velocity": 18.7, "temporal_coherence": 0.745 }, "geometry": { "type": "Point", "coordinates": [ 14.080207, 40.809239 ] } },
{ "type": "Feature", "properties": { "pid": "CFsynt_000457", "mean_velocity": -3.59, "temporal_coherence": 0.704 }, "geometry": { "type": "Point", "coordinates": [ 14.162983, 40.890284 ] } },
{ "type": "Feature", "properties": { "pid": "CFsynt_000458", "mean_velocity": -4.93, "temporal_coherence": 0.738 }, "geometry": { "type": "Point", "coordinates": [ 14.257383, 40.851879 ] } },
{ "type": "Feature", "properties": { "pid": "CFsynt_000460", "mean_velocity": 17.41, "temporal_coherence": 0.969 }, "geometry": { "type": "Point", "coordinates": [ 14.196, 40.800494 ] } },
{ "type": "Feature", "properties": { "pid": "CFsynt_000461", "mean_velocity": -6.36, "temporal_coherence": 0.793 }, "geometry": { "type": "Point", "coordinates": [ 14.072088, 40.892992 ] } },
{ "type": "Feature", "properties": { "pid": "CFsynt_000463", "mean_velocity": 59.71, "temporal_coherence": 0.926 }, "geometry": { "type": "Point", "coordinates": [ 14.117389, 40.807989 ] } },
{ "type": "Feature", "properties": { "pid": "CFsynt_000464", "mean_velocity": 10.5, "temporal_coherence": 0.947 }, "geometry": { "type": "Point", "coordinates": [ 14.197625, 40.860075 ] } },
{ "type": "Feature", "properties": { "pid": "CFsynt_000465", "mean_velocity": 0.5, "temporal_coherence": 0.819 }, "geometry": { "type": "Point", "coordinates": [ 14.232935, 40.913956 ] } },
{ "type": "Feature", "properties": { "pid": "CFsynt_000466", "mean_velocity": -1.27, "temporal_coherence": 0.943 }, "geometry": { "type": "Point", "coordinates": [ 14.218278, 40.804914 ] } },
{ "type": "Feature", "properties": { "pid": "CFsynt_000469", "mean_velocity": -1.52, "temporal_coherence": 0.886 }, "geometry": { "type": "Point", "coordinates": [ 14.177422, 40.915924 ] } },
{ "type": "Feature", "properties": { "pid": "CFsynt_000470", "mean_velocity": 83.47, "temporal_coherence": 0.924 }, "geometry": { "type": "Point", "coordinates": [ 14.14717, 40.832274 ] } },
{ "type": "Feature", "properties": { "pid": "CFsynt_000471", "mean_velocity": 21.84, "temporal_coherence": 0.844 }, "geometry": { "type": "Point", "coordinates": [ 14.167509, 40.869297 ] } },
{ "type": "Feature", "properties": { "pid": "CFsynt_000473", "mean_velocity": -4.15, "temporal_coherence": 0.946 }, "geometry": { "type": "Point", "coordinates": [ 14.068887, 40.862319 ] } },
{ "type": "Feature", "properties": { "pid": "CFsynt_000474", "mean_velocity": 16.75, "temporal_coherence": 0.969 }, "geometry": { "type": "Point", "coordinates": [ 14.110642, 40.780705 ] } },
{ "type": "Feature", "properties": { "pid": "CFsynt_000476", "mean_velocity": -2.94, "temporal_coherence": 0.892 }, "geometry": { "type": "Point", "coordinates": [ 14.154092, 40.902257 ] } },
{ "type": "Feature", "properties": { "pid": "CFsynt_000477", "mean_velocity": 14.82, "temporal_coherence": 0.778 }, "geometry": { "type": "Point", "coordinates": [ 14.207186, 40.836253 ] } },
{ "type": "Feature", "properties": { "pid": "CFsynt_000478", "mean_velocity": 6.12, "temporal_coherence": 0.767 }, "geometry": { "type": "Point", "coordinates": [ 14.214042, 40.804426 ] } },
{ "type": "Feature", "properties": { "pid": "CFsynt_000480", "mean_velocity": -5.51, "temporal_coherence": 0.758 }, "geometry": { "type": "Point", "coordinates": [ 14.148547, 40.896327 ] } },
{ "type": "Feature", "properties": { "pid": "CFsynt_000482", "mean_velocity": -2.41, "temporal_coherence": 0.754 }, "geometry": { "type": "Point", "coordinates": [ 14.200609, 40.91633 ] } },
{ "type": "Feature", "properties": { "pid": "CFsynt_000483", "mean_velocity": 1.1, "temporal_coherence": 0.751 }, "geometry": { "type": "Point", "coordinates": [ 14.121942, 40.892287 ] } },
{ "type": "Feature", "properties": { "pid": "CFsynt_000485", "mean_velocity": -3.06, "temporal_coherence": 0.825 }, "geometry": { "type": "Point", "coordinates": [ 14.151336, 40.919931 ] } },
{ "type": "Feature", "properties": { "pid": "CFsynt_000487", "mean_velocity": 6.41, "temporal_coherence": 0.807 }, "geometry": { "type": "Point", "coordinates": [ 14.095422, 40.878631 ] } },
{ "type": "Feature", "properties": { "pid": "CFsynt_000490", "mean_velocity": -4.37, "temporal_coherence": 0.905 }, "geometry": { "type": "Point", "coordinates": [ 14.233581, 40.806981 ] } },
{ "type": "Feature", "properties": { "pid": "CFsynt_000492", "mean_velocity": -3.76, "temporal_coherence": 0.93 }, "geometry": { "type": "Point", "coordinates": [ 14.219206, 40.912848 ] } },
{ "type": "Feature", "properties": { "pid": "CFsynt_000493", "mean_velocity": 27.63, "temporal_coherence": 0.977 }, "geometry": { "type": "Point", "coordinates": [ 14.121702, 40.788884 ] } },
{ "type": "Feature", "properties": { "pid": "CFsynt_000494", "mean_velocity": -2.26, "temporal_coherence": 0.832 }, "geometry": { "type": "Point", "coordinates": [ 14.258355, 40.912618 ] } },
{ "type": "Feature", "properties": { "pid": "CFsynt_000496", "mean_velocity": 72.02, "temporal_coherence": 0.977 }, "geometry": { "type": "Point", "coordinates": [ 14.155111, 40.839556 ] } },
{ "type": "Feature", "properties": { "pid": "CFsynt_000497", "mean_velocity": 8.27, "temporal_coherence": 0.812 }, "geometry": { "type": "Point", "coordinates": [ 14.211544, 40.844967 ] } },
{ "type": "Feature", "properties": { "pid": "CFsynt_000498", "mean_velocity": 89.21, "temporal_coherence": 0.969 }, "geometry": { "type": "Point", "coordinates": [ 14.134591, 40.827336 ] } },
{ "type": "Feature", "properties": { "pid": "CFsynt_000499", "mean_velocity": 16.49, "temporal_coherence": 0.853 }, "geometry": { "type": "Point", "coordinates": [ 14.178694, 40.865549 ] } },
{ "type": "Feature", "properties": { "pid": "CFsynt_000501", "mean_velocity": -2.33, "temporal_coherence": 0.828 }, "geometry": { "type": "Point", "coordinates": [ 14.287057, 40.818858 ] } },
{ "type": "Feature", "properties": { "pid": "CFsynt_000502", "mean_velocity": -0.37, "temporal_coherence": 0.712 }, "geometry": { "type": "Point", "coordinates": [ 14.297107, 40.864267 ] } },
{ "type": "Feature", "properties": { "pid": "CFsynt_000503", "mean_velocity": -2.24, "temporal_coherence": 0.731 }, "geometry": { "type": "Point", "coordinates": [ 14.176054, 40.917943 ] } },
{ "type": "Feature", "properties": { "pid": "CFsynt_000504", "mean_velocity": -3.72, "temporal_coherence": 0.845 }, "geometry": { "type": "Point", "coordinates": [ 14.18088, 40.899139 ] } },
{ "type": "Feature", "properties": { "pid": "CFsynt_000508", "mean_velocity": 19.26, "temporal_coherence": 0.739 }, "geometry": { "type": "Point", "coordinates": [ 14.173301, 40.865977 ] } },
{ "type": "Feature", "properties": { "pid": "CFsynt_000509", "mean_velocity": -4.37, "temporal_coherence": 0.932 }, "geometry": { "type": "Point", "coordinates": [ 14.063598, 40.863564 ] } },
{ "type": "Feature", "properties": { "pid": "CFsynt_000510", "mean_velocity": -4.0, "temporal_coherence": 0.963 }, "geometry": { "type": "Point", "coordinates": [ 14.050897, 40.90155 ] } },
{ "type": "Feature", "properties": { "pid": "CFsynt_000514", "mean_velocity": 26.43, "temporal_coherence": 0.9 }, "geometry": { "type": "Point", "coordinates": [ 14.126898, 40.786911 ] } },
{ "type": "Feature", "properties": { "pid": "CFsynt_000515", "mean_velocity": 17.76, "temporal_coherence": 0.842 }, "geometry": { "type": "Point", "coordinates": [ 14.080168, 40.8445 ] } },
{ "type": "Feature", "properties": { "pid": "CFsynt_000517", "mean_velocity": -0.88, "temporal_coherence": 0.799 }, "geometry": { "type": "Point", "coordinates": [ 14.245381, 40.877224 ] } },
{ "type": "Feature", "properties": { "pid": "CFsynt_000519", "mean_velocity": -2.31, "temporal_coherence": 0.906 }, "geometry": { "type": "Point", "coordinates": [ 14.26988, 40.814713 ] } },
{ "type": "Feature", "properties": { "pid": "CFsynt_000521", "mean_velocity": 77.83, "temporal_coherence": 0.803 }, "geometry": { "type": "Point", "coordinates": [ 14.137956, 40.840761 ] } },
{ "type": "Feature", "properties": { "pid": "CFsynt_000523", "mean_velocity": 10.12, "temporal_coherence": 0.749 }, "geometry": { "type": "Point", "coordinates": [ 14.204244, 40.799525 ] } },
{ "type": "Feature", "properties": { "pid": "CFsynt_000524", "mean_velocity": 8.43, "temporal_coherence": 0.905 }, "geometry": { "type": "Point", "coordinates": [ 14.064705, 40.821638 ] } },
{ "type": "Feature", "properties": { "pid": "CFsynt_000528", "mean_velocity": -0.6, "temporal_coherence": 0.884 }, "geometry": { "type": "Point", "coordinates": [ 14.25391, 40.852326 ] } },
{ "type": "Feature", "properties": { "pid": "CFsynt_000530", "mean_velocity": -4.03, "temporal_coherence": 0.93 }, "geometry": { "type": "Point", "coordinates": [ 14.229423, 40.809332 ] } },
{ "type": "Feature", "properties": { "pid": "CFsynt_000532", "mean_velocity": 5.98, "temporal_coherence": 0.957 }, "geometry": { "type": "Point", "coordinates": [ 14.142474, 40.886835 ] } },
{ "type": "Feature", "properties": { "pid": "CFsynt_000535", "mean_velocity": 12.99, "temporal_coherence": 0.966 }, "geometry": { "type": "Point", "coordinates": [ 14.090627, 40.790895 ] } },
{ "type": "Feature", "properties": { "pid": "CFsynt_000536", "mean_velocity": 10.75, "temporal_coherence": 0.737 }, "geometry": { "type": "Point", "coordinates": [ 14.182276, 40.78213 ] } },
{ "type": "Feature", "properties": { "pid": "CFsynt_000537", "mean_velocity": 6.24, "temporal_coherence": 0.832 }, "geometry": { "type": "Point", "coordinates": [ 14.077488, 40.865672 ] } },
{ "type": "Feature", "properties": { "pid": "CFsynt_000541", "mean_velocity": 22.85, "temporal_coherence": 0.872 }, "geometry": { "type": "Point", "coordinates": [ 14.191231, 40.804403 ] } },
{ "type": "Feature", "properties": { "pid": "CFsynt_000544", "mean_velocity": 10.76, "temporal_coherence": 0.751 }, "geometry": { "type": "Point", "coordinates": [ 14.071063, 40.80659 ] } },
{ "type": "Feature", "properties": { "pid": "CFsynt_000545", "mean_velocity": -4.21, "temporal_coherence": 0.77 }, "geometry": { "type": "Point", "coordinates": [ 14.159991, 40.912241 ] } },
{ "type": "Feature", "properties": { "pid": "CFsynt_000547", "mean_velocity": -3.08, "temporal_coherence": 0.952 }, "geometry": { "type": "Point", "coordinates": [ 14.053214, 40.860712 ] } },
{ "type": "Feature", "properties": { "pid": "CFsynt_000549", "mean_velocity": 68.75, "temporal_coherence": 0.924 }, "geometry": { "type": "Point", "coordinates": [ 14.155796, 40.810396 ] } },
{ "type": "Feature", "properties": { "pid": "CFsynt_000550", "mean_velocity": -2.3, "temporal_coherence": 0.704 }, "geometry": { "type": "Point", "coordinates": [ 14.166105, 40.915429 ] } },
{ "type": "Feature", "properties": { "pid": "CFsynt_000551", "mean_velocity": 11.04, "temporal_coherence": 0.858 }, "geometry": { "type": "Point", "coordinates": [ 14.073695, 40.803251 ] } },
{ "type": "Feature", "properties": { "pid": "CFsynt_000552", "mean_velocity": 0.18, "temporal_coherence": 0.981 }, "geometry": { "type": "Point", "coordinates": [ 14.082469, 40.911177 ] } },
{ "type": "Feature", "properties": { "pid": "CFsynt_000555", "mean_velocity": 44.03, "temporal_coherence": 0.969 }, "geometry": { "type": "Point", "coordinates": [ 14.097527, 40.828577 ] } },
{ "type": "Feature", "properties": { "pid": "CFsynt_000556", "mean_velocity": -2.08, "temporal_coherence": 0.888 }, "geometry": { "type": "Point", "coordinates": [ 14.114697, 40.91373 ] } },
{ "type": "Feature", "properties": { "pid": "CFsynt_000557", "mean_velocity": 17.36, "temporal_coherence": 0.748 }, "geometry": { "type": "Point", "coordinates": [ 14.172157, 40.786025 ] } },
{ "type": "Feature", "properties": { "pid": "CFsynt_000558", "mean_velocity": -4.35, "temporal_coherence": 0.842 }, "geometry": { "type": "Point", "coordinates": [ 14.200069, 40.917579 ] } },
{ "type": "Feature", "properties": { "pid": "CFsynt_000559", "mean_velocity": 39.04, "temporal_coherence": 0.733 }, "geometry": { "type": "Point", "coordinates": [ 14.173054, 40.801352 ] } },
{ "type": "Feature", "properties": { "pid": "CFsynt_000560", "mean_velocity": 1.21, "temporal_coherence": 0.887 }, "geometry": { "type": "Point", "coordinates": [ 14.054393, 40.841452 ] } },
{ "type": "Feature", "properties": { "pid": "CFsynt_000562", "mean_velocity": -1.83, "temporal_coherence": 0.981 }, "geometry": { "type": "Point", "coordinates": [ 14.274641, 40.781263 ] } },
{ "type": "Feature", "properties": { "pid": "CFsynt_000565", "mean_velocity": -6.73, "temporal_coherence": 0.747 }, "geometry": { "type": "Point", "coordinates": [ 14.224359, 40.88426 ] } },
{ "type": "Feature", "properties": { "pid": "CFsynt_000566", "mean_velocity": -1.75, "temporal_coherence": 0.798 }, "geometry": { "type": "Point", "coordinates": [ 14.251242, 40.863548 ] } },
{ "type": "Feature", "properties": { "pid": "CFsynt_000570", "mean_velocity": 11.71, "temporal_coherence": 0.94 }, "geometry": { "type": "Point", "coordinates": [ 14.128152, 40.885876 ] } },
{ "type": "Feature", "properties": { "pid": "CFsynt_000571", "mean_velocity": -3.81, "temporal_coherence": 0.878 }, "geometry": { "type": "Point", "coordinates": [ 14.274899, 40.855846 ] } },
{ "type": "Feature", "properties": { "pid": "CFsynt_000572", "mean_velocity": 13.43, "temporal_coherence": 0.864 }, "geometry": { "type": "Point", "coordinates": [ 14.169946, 40.876133 ] } },
{ "type": "Feature", "properties": { "pid": "CFsynt_000573", "mean_velocity": -0.1, "temporal_coherence": 0.801 }, "geometry": { "type": "Point", "coordinates": [ 14.252902, 40.869151 ] } },
{ "type": "Feature", "properties": { "pid": "CFsynt_000574", "mean_velocity": -2.53, "temporal_coherence": 0.936 }, "geometry": { "type": "Point", "coordinates": [ 14.277084, 40.837962 ] } },
{ "type": "Feature", "properties": { "pid": "CFsynt_000575", "mean_velocity": 12.89, "temporal_coherence": 0.906 }, "geometry": { "type": "Point", "coordinates": [ 14.17639, 40.872458 ] } },
{ "type": "Feature", "properties": { "pid": "CFsynt_000576", "mean_velocity": -5.93, "temporal_coherence": 0.836 }, "geometry": { "type": "Point", "coordinates": [ 14.29377, 40.839843 ] } },
{ "type": "Feature", "properties": { "pid": "CFsynt_000580", "mean_velocity": -1.77, "temporal_coherence": 0.953 }, "geometry": { "type": "Point", "coordinates": [ 14.174657, 40.907732 ] } },
{ "type": "Feature", "properties": { "pid": "CFsynt_000581", "mean_velocity": 12.87, "temporal_coherence": 0.722 }, "geometry": { "type": "Point", "coordinates": [ 14.184109, 40.868317 ] } },
{ "type": "Feature", "properties": { "pid": "CFsynt_000582", "mean_velocity": 1.88, "temporal_coherence": 0.726 }, "geometry": { "type": "Point", "coordinates": [ 14.060444, 40.89488 ] } },
{ "type": "Feature", "properties": { "pid": "CFsynt_000583", "mean_velocity": 37.49, "temporal_coherence": 0.715 }, "geometry": { "type": "Point", "coordinates": [ 14.14558, 40.792049 ] } },
{ "type": "Feature", "properties": { "pid": "CFsynt_000584", "mean_velocity": 0.71, "temporal_coherence": 0.916 }, "geometry": { "type": "Point", "coordinates": [ 14.296028, 40.846223 ] } },
{ "type": "Feature", "properties": { "pid": "CFsynt_000585", "mean_velocity": 8.15, "temporal_coherence": 0.83 }, "geometry": { "type": "Point", "coordinates": [ 14.212941, 40.806315 ] } },
{ "type": "Feature", "properties": { "pid": "CFsynt_000590", "mean_velocity": -2.22, "temporal_coherence": 0.857 }, "geometry": { "type": "Point", "coordinates": [ 14.298964, 40.805747 ] } },
{ "type": "Feature", "properties": { "pid": "CFsynt_000591", "mean_velocity": 10.18, "temporal_coherence": 0.893 }, "geometry": { "type": "Point", "coordinates": [ 14.15998, 40.884736 ] } },
{ "type": "Feature", "properties": { "pid": "CFsynt_000593", "mean_velocity": -0.06, "temporal_coherence": 0.703 }, "geometry": { "type": "Point", "coordinates": [ 14.203558, 40.904603 ] } },
{ "type": "Feature", "properties": { "pid": "CFsynt_000595", "mean_velocity": 63.23, "temporal_coherence": 0.872 }, "geometry": { "type": "Point", "coordinates": [ 14.110626, 40.822835 ] } },
{ "type": "Feature", "properties": { "pid": "CFsynt_000596", "mean_velocity": -2.47, "temporal_coherence": 0.731 }, "geometry": { "type": "Point", "coordinates": [ 14.23388, 40.803993 ] } },
{ "type": "Feature", "properties": { "pid": "CFsynt_000597", "mean_velocity": 7.8, "temporal_coherence": 0.903 }, "geometry": { "type": "Point", "coordinates": [ 14.213793, 40.808129 ] } },
{ "type": "Feature", "properties": { "pid": "CFsynt_000599", "mean_velocity": 10.5, "temporal_coherence": 0.713 }, "geometry": { "type": "Point", "coordinates": [ 14.209904, 40.830928 ] } },
{ "type": "Feature", "properties": { "pid": "CFsynt_000602", "mean_velocity": 0.35, "temporal_coherence": 0.733 }, "geometry": { "type": "Point", "coordinates": [ 14.291965, 40.808905 ] } },
{ "type": "Feature", "properties": { "pid": "CFsynt_000603", "mean_velocity": -2.47, "temporal_coherence": 0.742 }, "geometry": { "type": "Point", "coordinates": [ 14.239002, 40.788775 ] } },
{ "type": "Feature", "properties": { "pid": "CFsynt_000606", "mean_velocity": -4.15, "temporal_coherence": 0.891 }, "geometry": { "type": "Point", "coordinates": [ 14.281372, 40.915879 ] } },
{ "type": "Feature", "properties": { "pid": "CFsynt_000607", "mean_velocity": -1.77, "temporal_coherence": 0.882 }, "geometry": { "type": "Point", "coordinates": [ 14.06309, 40.799801 ] } },
{ "type": "Feature", "properties": { "pid": "CFsynt_000611", "mean_velocity": -1.11, "temporal_coherence": 0.948 }, "geometry": { "type": "Point", "coordinates": [ 14.21969, 40.806191 ] } },
{ "type": "Feature", "properties": { "pid": "CFsynt_000615", "mean_velocity": -0.97, "temporal_coherence": 0.763 }, "geometry": { "type": "Point", "coordinates": [ 14.242789, 40.782569 ] } },
{ "type": "Feature", "properties": { "pid": "CFsynt_000616", "mean_velocity": -5.2, "temporal_coherence": 0.907 }, "geometry": { "type": "Point", "coordinates": [ 14.247495, 40.834147 ] } },
{ "type": "Feature", "properties": { "pid": "CFsynt_000617", "mean_velocity": -2.01, "temporal_coherence": 0.895 }, "geometry": { "type": "Point", "coordinates": [ 14.130483, 40.913297 ] } },
{ "type": "Feature", "properties": { "pid": "CFsynt_000618", "mean_velocity": 7.38, "temporal_coherence": 0.845 }, "geometry": { "type": "Point", "coordinates": [ 14.065922, 40.80408 ] } },
{ "type": "Feature", "properties": { "pid": "CFsynt_000620", "mean_velocity": 0.09, "temporal_coherence": 0.869 }, "geometry": { "type": "Point", "coordinates": [ 14.25543, 40.90553 ] } },
{ "type": "Feature", "properties": { "pid": "CFsynt_000621", "mean_velocity": 45.8, "temporal_coherence": 0.73 }, "geometry": { "type": "Point", "coordinates": [ 14.172013, 40.809201 ] } },
{ "type": "Feature", "properties": { "pid": "CFsynt_000623", "mean_velocity": 66.26, "temporal_coherence": 0.902 }, "geometry": { "type": "Point", "coordinates": [ 14.164842, 40.837024 ] } },
{ "type": "Feature", "properties": { "pid": "CFsynt_000626", "mean_velocity": -0.68, "temporal_coherence": 0.944 }, "geometry": { "type": "Point", "coordinates": [ 14.260168, 40.875526 ] } },
{ "type": "Feature", "properties": { "pid": "CFsynt_000627", "mean_velocity": -2.18, "temporal_coherence": 0.958 }, "geometry": { "type": "Point", "coordinates": [ 14.054598, 40.864943 ] } },
{ "type": "Feature", "properties": { "pid": "CFsynt_000628", "mean_velocity": 17.24, "temporal_coherence": 0.866 }, "geometry": { "type": "Point", "coordinates": [ 14.191084, 40.796286 ] } },
{ "type": "Feature", "properties": { "pid": "CFsynt_000629", "mean_velocity": -3.38, "temporal_coherence": 0.806 }, "geometry": { "type": "Point", "coordinates": [ 14.262597, 40.88599 ] } },
{ "type": "Feature", "properties": { "pid": "CFsynt_000633", "mean_velocity": 32.18, "temporal_coherence": 0.732 }, "geometry": { "type": "Point", "coordinates": [ 14.138084, 40.864294 ] } },
{ "type": "Feature", "properties": { "pid": "CFsynt_000635", "mean_velocity": 5.71, "temporal_coherence": 0.703 }, "geometry": { "type": "Point", "coordinates": [ 14.061692, 40.807325 ] } },
{ "type": "Feature", "properties": { "pid": "CFsynt_000636", "mean_velocity": -2.13, "temporal_coherence": 0.794 }, "geometry": { "type": "Point", "coordinates": [ 14.225839, 40.781969 ] } },
{ "type": "Feature", "properties": { "pid": "CFsynt_000637", "mean_velocity": -2.19, "temporal_coherence": 0.816 }, "geometry": { "type": "Point", "coordinates": [ 14.236845, 40.886441 ] } },
{ "type": "Feature", "properties": { "pid": "CFsynt_000638", "mean_velocity": -1.73, "temporal_coherence": 0.816 }, "geometry": { "type": "Point", "coordinates": [ 14.254379, 40.902899 ] } },
{ "type": "Feature", "properties": { "pid": "CFsynt_000639", "mean_velocity": -1.5, "temporal_coherence": 0.719 }, "geometry": { "type": "Point", "coordinates": [ 14.280982, 40.829486 ] } },
{ "type": "Feature", "properties": { "pid": "CFsynt_000641", "mean_velocity": -2.13, "temporal_coherence": 0.718 }, "geometry": { "type": "Point", "coordinates": [ 14.262253, 40.907286 ] } },
{ "type": "Feature", "properties": { "pid": "CFsynt_000643", "mean_velocity": 40.61, "temporal_coherence": 0.831 }, "geometry": { "type": "Point", "coordinates": [ 14.098015, 40.821026 ] } },
{ "type": "Feature", "properties": { "pid": "CFsynt_000644", "mean_velocity": -1.21, "temporal_coherence": 0.842 }, "geometry": { "type": "Point", "coordinates": [ 14.21035, 40.873082 ] } },
{ "type": "Feature", "properties": { "pid": "CFsynt_000652", "mean_velocity": -4.36, "temporal_coherence": 0.707 }, "geometry": { "type": "Point", "coordinates": [ 14.224768, 40.880501 ] } },
{ "type": "Feature", "properties": { "pid": "CFsynt_000653", "mean_velocity": 29.63, "temporal_coherence": 0.931 }, "geometry": { "type": "Point", "coordinates": [ 14.098921, 40.854517 ] } },
{ "type": "Feature", "properties": { "pid": "CFsynt_000654", "mean_velocity": -3.76, "temporal_coherence": 0.94 }, "geometry": { "type": "Point", "coordinates": [ 14.277307, 40.853766 ] } },
{ "type": "Feature", "properties": { "pid": "CFsynt_000655", "mean_velocity": 85.83, "temporal_coherence": 0.83 }, "geometry": { "type": "Point", "coordinates": [ 14.130929, 40.827845 ] } },
{ "type": "Feature", "properties": { "pid": "CFsynt_000656", "mean_velocity": -0.69, "temporal_coherence": 0.973 }, "geometry": { "type": "Point", "coordinates": [ 14.27747, 40.86796 ] } },
{ "type": "Feature", "properties": { "pid": "CFsynt_000658", "mean_velocity": -1.06, "temporal_coherence": 0.849 }, "geometry": { "type": "Point", "coordinates": [ 14.201193, 40.901848 ] } },
{ "type": "Feature", "properties": { "pid": "CFsynt_000660", "mean_velocity": 61.61, "temporal_coherence": 0.789 }, "geometry": { "type": "Point", "coordinates": [ 14.109699, 40.81984 ] } },
{ "type": "Feature", "properties": { "pid": "CFsynt_000661", "mean_velocity": -2.91, "temporal_coherence": 0.97 }, "geometry": { "type": "Point", "coordinates": [ 14.287102, 40.919036 ] } },
{ "type": "Feature", "properties": { "pid": "CFsynt_000662", "mean_velocity": 6.8, "temporal_coherence": 0.736 }, "geometry": { "type": "Point", "coordinates": [ 14.084402, 40.784441 ] } },
{ "type": "Feature", "properties": { "pid": "CFsynt_000663", "mean_velocity": -2.16, "temporal_coherence": 0.81 }, "geometry": { "type": "Point", "coordinates": [ 14.054595, 40.912925 ] } },
{ "type": "Feature", "properties": { "pid": "CFsynt_000665", "mean_velocity": -3.37, "temporal_coherence": 0.977 }, "geometry": { "type": "Point", "coordinates": [ 14.238115, 40.888813 ] } },
{ "type": "Feature", "properties": { "pid": "CFsynt_000666", "mean_velocity": -1.3, "temporal_coherence": 0.953 }, "geometry": { "type": "Point", "coordinates": [ 14.264155, 40.90512 ] } },
{ "type": "Feature", "properties": { "pid": "CFsynt_000669", "mean_velocity": 1.09, "temporal_coherence": 0.943 }, "geometry": { "type": "Point", "coordinates": [ 14.148303, 40.912058 ] } },
{ "type": "Feature", "properties": { "pid": "CFsynt_000670", "mean_velocity": 12.27, "temporal_coherence": 0.787 }, "geometry": { "type": "Point", "coordinates": [ 14.069678, 40.826152 ] } },
{ "type": "Feature", "properties": { "pid": "CFsynt_000671", "mean_velocity": 19.32, "temporal_coherence": 0.906 }, "geometry": { "type": "Point", "coordinates": [ 14.196713, 40.817722 ] } },
{ "type": "Feature", "properties": { "pid": "CFsynt_000673", "mean_velocity": -4.04, "temporal_coherence": 0.874 }, "geometry": { "type": "Point", "coordinates": [ 14.233255, 40.838316 ] } },
{ "type": "Feature", "properties": { "pid": "CFsynt_000674", "mean_velocity": -3.05, "temporal_coherence": 0.753 }, "geometry": { "type": "Point", "coordinates": [ 14.202612, 40.882949 ] } },
{ "type": "Feature", "properties": { "pid": "CFsynt_000675", "mean_velocity": 22.66, "temporal_coherence": 0.965 }, "geometry": { "type": "Point", "coordinates": [ 14.143787, 40.784696 ] } },
{ "type": "Feature", "properties": { "pid": "CFsynt_000676", "mean_velocity": -4.3, "temporal_coherence": 0.929 }, "geometry": { "type": "Point", "coordinates": [ 14.295437, 40.838424 ] } },
{ "type": "Feature", "properties": { "pid": "CFsynt_000679", "mean_velocity": 75.58, "temporal_coherence": 0.988 }, "geometry": { "type": "Point", "coordinates": [ 14.13596, 40.842321 ] } },
{ "type": "Feature", "properties": { "pid": "CFsynt_000683", "mean_velocity": -5.74, "temporal_coherence": 0.885 }, "geometry": { "type": "Point", "coordinates": [ 14.161451, 40.908407 ] } },
{ "type": "Feature", "properties": { "pid": "CFsynt_000684", "mean_velocity": 7.26, "temporal_coherence": 0.73 }, "geometry": { "type": "Point", "coordinates": [ 14.214017, 40.800084 ] } },
{ "type": "Feature", "properties": { "pid": "CFsynt_000685", "mean_velocity": 86.41, "temporal_coherence": 0.708 }, "geometry": { "type": "Point", "coordinates": [ 14.129555, 40.823506 ] } },
{ "type": "Feature", "properties": { "pid": "CFsynt_000688", "mean_velocity": -2.09, "temporal_coherence": 0.831 }, "geometry": { "type": "Point", "coordinates": [ 14.248069, 40.860432 ] } },
{ "type": "Feature", "properties": { "pid": "CFsynt_000689", "mean_velocity": 27.58, "temporal_coherence": 0.776 }, "geometry": { "type": "Point", "coordinates": [ 14.186848, 40.845588 ] } },
{ "type": "Feature", "properties": { "pid": "CFsynt_000690", "mean_velocity": 59.2, "temporal_coherence": 0.981 }, "geometry": { "type": "Point", "coordinates": [ 14.112517, 40.841192 ] } },
{ "type": "Feature", "properties": { "pid": "CFsynt_000693", "mean_velocity": -4.56, "temporal_coherence": 0.72 }, "geometry": { "type": "Point", "coordinates": [ 14.124349, 40.907267 ] } },
{ "type": "Feature", "properties": { "pid": "CFsynt_000694", "mean_velocity": -2.62, "temporal_coherence": 0.786 }, "geometry": { "type": "Point", "coordinates": [ 14.293629, 40.842125 ] } },
{ "type": "Feature", "properties": { "pid": "CFsynt_000695", "mean_velocity": 31.88, "temporal_coherence": 0.837 }, "geometry": { "type": "Point", "coordinates": [ 14.183567, 40.810299 ] } },
{ "type": "Feature", "properties": { "pid": "CFsynt_000696", "mean_velocity": -5.95, "temporal_coherence": 0.766 }, "geometry": { "type": "Point", "coordinates": [ 14.245272, 40.821726 ] } },
{ "type": "Feature", "properties": { "pid": "CFsynt_000697", "mean_velocity": -3.19, "temporal_coherence": 0.933 }, "geometry": { "type": "Point", "coordinates": [ 14.201316, 40.782169 ] } },
{ "type": "Feature", "properties": { "pid": "CFsynt_000698", "mean_velocity": 0.4, "temporal_coherence": 0.752 }, "geometry": { "type": "Point", "coordinates": [ 14.219497, 40.889922 ] } },
{ "type": "Feature", "properties": { "pid": "CFsynt_000699", "mean_velocity": 34.82, "temporal_coherence": 0.781 }, "geometry": { "type": "Point", "coordinates": [ 14.116821, 40.860201 ] } },
{ "type": "Feature", "properties": { "pid": "CFsynt_000700", "mean_velocity": 32.83, "temporal_coherence": 0.719 }, "geometry": { "type": "Point", "coordinates": [ 14.099998, 40.802139 ] } },
{ "type": "Feature", "properties": { "pid": "CFsynt_000701", "mean_velocity": 16.05, "temporal_coherence": 0.865 }, "geometry": { "type": "Point", "coordinates": [ 14.123523, 40.872141 ] } },
{ "type": "Feature", "properties": { "pid": "CFsynt_000704", "mean_velocity": 56.19, "temporal_coherence": 0.755 }, "geometry": { "type": "Point", "coordinates": [ 14.112142, 40.842527 ] } },
{ "type": "Feature", "properties": { "pid": "CFsynt_000705", "mean_velocity": 21.15, "temporal_coherence": 0.829 }, "geometry": { "type": "Point", "coordinates": [ 14.192832, 40.848949 ] } },
{ "type": "Feature", "properties": { "pid": "CFsynt_000706", "mean_velocity": -2.16, "temporal_coherence": 0.733 }, "geometry": { "type": "Point", "coordinates": [ 14.259673, 40.790023 ] } },
{ "type": "Feature", "properties": { "pid": "CFsynt_000707", "mean_velocity": -4.62, "temporal_coherence": 0.896 }, "geometry": { "type": "Point", "coordinates": [ 14.257309, 40.855684 ] } },
{ "type": "Feature", "properties": { "pid": "CFsynt_000709", "mean_velocity": 25.58, "temporal_coherence": 0.844 }, "geometry": { "type": "Point", "coordinates": [ 14.168115, 40.788322 ] } },
{ "type": "Feature", "properties": { "pid": "CFsynt_000711", "mean_velocity": -4.24, "temporal_coherence": 0.888 }, "geometry": { "type": "Point", "coordinates": [ 14.225633, 40.914143 ] } },
{ "type": "Feature", "properties": { "pid": "CFsynt_000712", "mean_velocity": -2.86, "temporal_coherence": 0.808 }, "geometry": { "type": "Point", "coordinates": [ 14.266245, 40.81605 ] } },
{ "type": "Feature", "properties": { "pid": "CFsynt_000713", "mean_velocity": -0.79, "temporal_coherence": 0.939 }, "geometry": { "type": "Point", "coordinates": [ 14.291741, 40.87346 ] } },
{ "type": "Feature", "properties": { "pid": "CFsynt_000714", "mean_velocity": -4.95, "temporal_coherence": 0.973 }, "geometry": { "type": "Point", "coordinates": [ 14.258401, 40.872819 ] } },
{ "type": "Feature", "properties": { "pid": "CFsynt_000715", "mean_velocity": -1.34, "temporal_coherence": 0.706 }, "geometry": { "type": "Point", "coordinates": [ 14.083702, 40.911051 ] } },
{ "type": "Feature", "properties": { "pid": "CFsynt_000718", "mean_velocity": -3.63, "temporal_coherence": 0.707 }, "geometry": { "type": "Point", "coordinates": [ 14.219347, 40.872539 ] } },
{ "type": "Feature", "properties": { "pid": "CFsynt_000720", "mean_velocity": 51.1, "temporal_coherence": 0.771 }, "geometry": { "type": "Point", "coordinates": [ 14.178692, 40.830842 ] } },
{ "type": "Feature", "properties": { "pid": "CFsynt_000721", "mean_velocity": 77.93, "temporal_coherence": 0.733 }, "geometry": { "type": "Point", "coordinates": [ 14.155562, 40.828225 ] } },
{ "type": "Feature", "properties": { "pid": "CFsynt_000724", "mean_velocity": 8.66, "temporal_coherence": 0.855 }, "geometry": { "type": "Point", "coordinates": [ 14.059871, 40.836313 ] } },
{ "type": "Feature", "properties": { "pid": "CFsynt_000728", "mean_velocity": -2.18, "temporal_coherence": 0.76 }, "geometry": { "type": "Point", "coordinates": [ 14.161984, 40.895343 ] } },
{ "type": "Feature", "properties": { "pid": "CFsynt_000729", "mean_velocity": 18.87, "temporal_coherence": 0.798 }, "geometry": { "type": "Point", "coordinates": [ 14.179665, 40.86403 ] } },
{ "type": "Feature", "properties": { "pid": "CFsynt_000730", "mean_velocity": -5.04, "temporal_coherence": 0.878 }, "geometry": { "type": "Point", "coordinates": [ 14.120645, 40.90511 ] } },
{ "type": "Feature", "properties": { "pid": "CFsynt_000732", "mean_velocity": -4.12, "temporal_coherence": 0.934 }, "geometry": { "type": "Point", "coordinates": [ 14.062364, 40.913735 ] } },
{ "type": "Feature", "properties": { "pid": "CFsynt_000737", "mean_velocity": 22.3, "temporal_coherence": 0.922 }, "geometry": { "type": "Point", "coordinates": [ 14.117601, 40.867431 ] } },
{ "type": "Feature", "properties": { "pid": "CFsynt_000738", "mean_velocity": -1.23, "temporal_coherence": 0.847 }, "geometry": { "type": "Point", "coordinates": [ 14.144296, 40.902652 ] } },
{ "type": "Feature", "properties": { "pid": "CFsynt_000739", "mean_velocity": 82.11, "temporal_coherence": 0.74 }, "geometry": { "type": "Point", "coordinates": [ 14.150817, 40.819741 ] } },
{ "type": "Feature", "properties": { "pid": "CFsynt_000741", "mean_velocity": 8.33, "temporal_coherence": 0.959 }, "geometry": { "type": "Point", "coordinates": [ 14.0625, 40.825182 ] } },
{ "type": "Feature", "properties": { "pid": "CFsynt_000746", "mean_velocity": 23.77, "temporal_coherence": 0.723 }, "geometry": { "type": "Point", "coordinates": [ 14.126597, 40.86996 ] } },
{ "type": "Feature", "properties": { "pid": "CFsynt_000747", "mean_velocity": 46.85, "temporal_coherence": 0.72 }, "geometry": { "type": "Point", "coordinates": [ 14.155085, 40.854656 ] } },
{ "type": "Feature", "properties": { "pid": "CFsynt_000748", "mean_velocity": -5.19, "temporal_coherence": 0.937 }, "geometry": { "type": "Point", "coordinates": [ 14.256369, 40.841983 ] } },
{ "type": "Feature", "properties": { "pid": "CFsynt_000751", "mean_velocity": 64.34, "temporal_coherence": 0.836 }, "geometry": { "type": "Point", "coordinates": [ 14.123522, 40.808777 ] } },
{ "type": "Feature", "properties": { "pid": "CFsynt_000752", "mean_velocity": -0.07, "temporal_coherence": 0.764 }, "geometry": { "type": "Point", "coordinates": [ 14.10032, 40.899931 ] } },
{ "type": "Feature", "properties": { "pid": "CFsynt_000754", "mean_velocity": -0.95, "temporal_coherence": 0.835 }, "geometry": { "type": "Point", "coordinates": [ 14.228145, 40.838901 ] } },
{ "type": "Feature", "properties": { "pid": "CFsynt_000756", "mean_velocity": -2.85, "temporal_coherence": 0.776 }, "geometry": { "type": "Point", "coordinates": [ 14.125913, 40.903771 ] } },
{ "type": "Feature", "properties": { "pid": "CFsynt_000757", "mean_velocity": -4.41, "temporal_coherence": 0.953 }, "geometry": { "type": "Point", "coordinates": [ 14.299812, 40.919331 ] } },
{ "type": "Feature", "properties": { "pid": "CFsynt_000759", "mean_velocity": 50.79, "temporal_coherence": 0.833 }, "geometry": { "type": "Point", "coordinates": [ 14.163623, 40.803804 ] } },
{ "type": "Feature", "properties": { "pid": "CFsynt_000761", "mean_velocity": -1.62, "temporal_coherence": 0.734 }, "geometry": { "type": "Point", "coordinates": [ 14.073632, 40.866395 ] } },
{ "type": "Feature", "properties": { "pid": "CFsynt_000763", "mean_velocity": -0.94, "temporal_coherence": 0.938 }, "geometry": { "type": "Point", "coordinates": [ 14.07008, 40.88202 ] } },
{ "type": "Feature", "properties": { "pid": "CFsynt_000764", "mean_velocity": -1.87, "temporal_coherence": 0.755 }, "geometry": { "type": "Point", "coordinates": [ 14.296459, 40.817105 ] } },
{ "type": "Feature", "properties": { "pid": "CFsynt_000766", "mean_velocity": -2.95, "temporal_coherence": 0.72 }, "geometry": { "type": "Point", "coordinates": [ 14.084613, 40.909772 ] } },
{ "type": "Feature", "properties": { "pid": "CFsynt_000768", "mean_velocity": -5.02, "temporal_coherence": 0.973 }, "geometry": { "type": "Point", "coordinates": [ 14.062083, 40.907555 ] } },
{ "type": "Feature", "properties": { "pid": "CFsynt_000769", "mean_velocity": 10.34, "temporal_coherence": 0.771 }, "geometry": { "type": "Point", "coordinates": [ 14.209843, 40.830544 ] } },
{ "type": "Feature", "properties": { "pid": "CFsynt_000770", "mean_velocity": 48.94, "temporal_coherence": 0.717 }, "geometry": { "type": "Point", "coordinates": [ 14.100075, 40.822731 ] } },
{ "type": "Feature", "properties": { "pid": "CFsynt_000771", "mean_velocity": 14.07, "temporal_coherence": 0.87 }, "geometry": { "type": "Point", "coordinates": [ 14.195071, 40.864938 ] } },
{ "type": "Feature", "properties": { "pid": "CFsynt_000772", "mean_velocity": 15.03, "temporal_coherence": 0.726 }, "geometry": { "type": "Point", "coordinates": [ 14.201157, 40.843644 ] } },
{ "type": "Feature", "properties": { "pid": "CFsynt_000775", "mean_velocity": -3.68, "temporal_coherence": 0.89 }, "geometry": { "type": "Point", "coordinates": [ 14.277477, 40.829331 ] } },
{ "type": "Feature", "properties": { "pid": "CFsynt_000776", "mean_velocity": 12.98, "temporal_coherence": 0.981 }, "geometry": { "type": "Point", "coordinates": [ 14.209545, 40.831088 ] } },
{ "type": "Feature", "properties": { "pid": "CFsynt_000777", "mean_velocity": 9.26, "temporal_coherence": 0.723 }, "geometry": { "type": "Point", "coordinates": [ 14.077196, 40.858629 ] } },
{ "type": "Feature", "properties": { "pid": "CFsynt_000779", "mean_velocity": -5.82, "temporal_coherence": 0.969 }, "geometry": { "type": "Point", "coordinates": [ 14.278093, 40.890123 ] } },
{ "type": "Feature", "properties": { "pid": "CFsynt_000780", "mean_velocity": 55.15, "temporal_coherence": 0.986 }, "geometry": { "type": "Point", "coordinates": [ 14.103736, 40.828519 ] } },
{ "type": "Feature", "properties": { "pid": "CFsynt_000782", "mean_velocity": 19.56, "temporal_coherence": 0.714 }, "geometry": { "type": "Point", "coordinates": [ 14.161793, 40.871055 ] } },
{ "type": "Feature", "properties": { "pid": "CFsynt_000785", "mean_velocity": 60.36, "temporal_coherence": 0.854 }, "geometry": { "type": "Point", "coordinates": [ 14.134845, 40.850895 ] } },
{ "type": "Feature", "properties": { "pid": "CFsynt_000786", "mean_velocity": -3.76, "temporal_coherence": 0.704 }, "geometry": { "type": "Point", "coordinates": [ 14.265816, 40.841545 ] } },
{ "type": "Feature", "properties": { "pid": "CFsynt_000787", "mean_velocity": -3.47, "temporal_coherence": 0.865 }, "geometry": { "type": "Point", "coordinates": [ 14.122336, 40.889466 ] } },
{ "type": "Feature", "properties": { "pid": "CFsynt_000789", "mean_velocity": -3.03, "temporal_coherence": 0.751 }, "geometry": { "type": "Point", "coordinates": [ 14.204213, 40.912327 ] } },
{ "type": "Feature", "properties": { "pid": "CFsynt_000790", "mean_velocity": 39.19, "temporal_coherence": 0.784 }, "geometry": { "type": "Point", "coordinates": [ 14.092743, 40.827465 ] } },
{ "type": "Feature", "properties": { "pid": "CFsynt_000792", "mean_velocity": 7.06, "temporal_coherence": 0.704 }, "geometry": { "type": "Point", "coordinates": [ 14.122114, 40.888582 ] } },
{ "type": "Feature", "properties": { "pid": "CFsynt_000793", "mean_velocity": -4.23, "temporal_coherence": 0.861 }, "geometry": { "type": "Point", "coordinates": [ 14.052651, 40.864725 ] } },
{ "type": "Feature", "properties": { "pid": "CFsynt_000795", "mean_velocity": 41.11, "temporal_coherence": 0.951 }, "geometry": { "type": "Point", "coordinates": [ 14.130479, 40.859994 ] } },
{ "type": "Feature", "properties": { "pid": "CFsynt_000797", "mean_velocity": 9.58, "temporal_coherence": 0.865 }, "geometry": { "type": "Point", "coordinates": [ 14.077991, 40.794207 ] } },
{ "type": "Feature", "properties": { "pid": "CFsynt_000798", "mean_velocity": -1.42, "temporal_coherence": 0.855 }, "geometry": { "type": "Point", "coordinates": [ 14.240303, 40.860028 ] } },
{ "type": "Feature", "properties": { "pid": "CFsynt_000799", "mean_velocity": -2.86, "temporal_coherence": 0.787 }, "geometry": { "type": "Point", "coordinates": [ 14.235346, 40.788458 ] } },
{ "type": "Feature", "properties": { "pid": "CFsynt_000800", "mean_velocity": -1.07, "temporal_coherence": 0.912 }, "geometry": { "type": "Point", "coordinates": [ 14.244188, 40.833305 ] } },
{ "type": "Feature", "properties": { "pid": "CFsynt_000801", "mean_velocity": 8.97, "temporal_coherence": 0.727 }, "geometry": { "type": "Point", "coordinates": [ 14.121974, 40.879519 ] } },
{ "type": "Feature", "properties": { "pid": "CFsynt_000802", "mean_velocity": 0.71, "temporal_coherence": 0.842 }, "geometry": { "type": "Point", "coordinates": [ 14.288106, 40.848753 ] } },
{ "type": "Feature", "properties": { "pid": "CFsynt_000803", "mean_velocity": 16.55, "temporal_coherence": 0.898 }, "geometry": { "type": "Point", "coordinates": [ 14.202211, 40.828326 ] } },
{ "type": "Feature", "properties": { "pid": "CFsynt_000804", "mean_velocity": -0.91, "temporal_coherence": 0.824 }, "geometry": { "type": "Point", "coordinates": [ 14.066548, 40.919295 ] } },
{ "type": "Feature", "properties": { "pid": "CFsynt_000805", "mean_velocity": -3.04, "temporal_coherence": 0.705 }, "geometry": { "type": "Point", "coordinates": [ 14.071678, 40.899109 ] } },
{ "type": "Feature", "properties": { "pid": "CFsynt_000806", "mean_velocity": -2.73, "temporal_coherence": 0.725 }, "geometry": { "type": "Point", "coordinates": [ 14.230998, 40.854732 ] } },
{ "type": "Feature", "properties": { "pid": "CFsynt_000808", "mean_velocity": 48.46, "temporal_coherence": 0.941 }, "geometry": { "type": "Point", "coordinates": [ 14.177115, 40.836386 ] } },
{ "type": "Feature", "properties": { "pid": "CFsynt_000814", "mean_velocity": 8.23, "temporal_coherence": 0.898 }, "geometry": { "type": "Point", "coordinates": [ 14.066804, 40.850325 ] } },
{ "type": "Feature", "properties": { "pid": "CFsynt_000816", "mean_velocity": -1.64, "temporal_coherence": 0.769 }, "geometry": { "type": "Point", "coordinates": [ 14.28531, 40.874153 ] } },
{ "type": "Feature", "properties": { "pid": "CFsynt_000817", "mean_velocity": 17.38, "temporal_coherence": 0.824 }, "geometry": { "type": "Point", "coordinates": [ 14.185498, 40.794217 ] } },
{ "type": "Feature", "properties": { "pid": "CFsynt_000818", "mean_velocity": -2.14, "temporal_coherence": 0.847 }, "geometry": { "type": "Point", "coordinates": [ 14.21032, 40.782231 ] } },
{ "type": "Feature", "properties": { "pid": "CFsynt_000822", "mean_velocity": 55.03, "temporal_coherence": 0.743 }, "geometry": { "type": "Point", "coordinates": [ 14.115479, 40.84818 ] } },
{ "type": "Feature", "properties": { "pid": "CFsynt_000824", "mean_velocity": -8.39, "temporal_coherence": 0.786 }, "geometry": { "type": "Point", "coordinates": [ 14.272511, 40.863387 ] } },
{ "type": "Feature", "properties": { "pid": "CFsynt_000827", "mean_velocity": -4.15, "temporal_coherence": 0.915 }, "geometry": { "type": "Point", "coordinates": [ 14.097071, 40.915024 ] } },
{ "type": "Feature", "properties": { "pid": "CFsynt_000828", "mean_velocity": -4.75, "temporal_coherence": 0.723 }, "geometry": { "type": "Point", "coordinates": [ 14.283428, 40.871595 ] } },
{ "type": "Feature", "properties": { "pid": "CFsynt_000829", "mean_velocity": -3.17, "temporal_coherence": 0.793 }, "geometry": { "type": "Point", "coordinates": [ 14.103563, 40.894044 ] } },
{ "type": "Feature", "properties": { "pid": "CFsynt_000830", "mean_velocity": 9.39, "temporal_coherence": 0.751 }, "geometry": { "type": "Point", "coordinates": [ 14.207123, 40.848906 ] } },
{ "type": "Feature", "properties": { "pid": "CFsynt_000831", "mean_velocity": 6.82, "temporal_coherence": 0.915 }, "geometry": { "type": "Point", "coordinates": [ 14.190527, 40.871312 ] } },
{ "type": "Feature", "properties": { "pid": "CFsynt_000832", "mean_velocity": 64.94, "temporal_coherence": 0.828 }, "geometry": { "type": "Point", "coordinates": [ 14.144888, 40.806345 ] } },
{ "type": "Feature", "properties": { "pid": "CFsynt_000834", "mean_velocity": 1.56, "temporal_coherence": 0.934 }, "geometry": { "type": "Point", "coordinates": [ 14.240473, 40.83213 ] } },
{ "type": "Feature", "properties": { "pid": "CFsynt_000835", "mean_velocity": 11.81, "temporal_coherence": 0.787 }, "geometry": { "type": "Point", "coordinates": [ 14.194412, 40.789219 ] } },
{ "type": "Feature", "properties": { "pid": "CFsynt_000842", "mean_velocity": -0.79, "temporal_coherence": 0.761 }, "geometry": { "type": "Point", "coordinates": [ 14.180867, 40.890109 ] } },
{ "type": "Feature", "properties": { "pid": "CFsynt_000844", "mean_velocity": -2.37, "temporal_coherence": 0.819 }, "geometry": { "type": "Point", "coordinates": [ 14.057281, 40.868219 ] } },
{ "type": "Feature", "properties": { "pid": "CFsynt_000846", "mean_velocity": 53.2, "temporal_coherence": 0.824 }, "geometry": { "type": "Point", "coordinates": [ 14.144552, 40.799903 ] } },
{ "type": "Feature", "properties": { "pid": "CFsynt_000847", "mean_velocity": -5.38, "temporal_coherence": 0.789 }, "geometry": { "type": "Point", "coordinates": [ 14.227949, 40.835157 ] } },
{ "type": "Feature", "properties": { "pid": "CFsynt_000848", "mean_velocity": 8.87, "temporal_coherence": 0.888 }, "geometry": { "type": "Point", "coordinates": [ 14.073319, 40.796327 ] } },
{ "type": "Feature", "properties": { "pid": "CFsynt_000851", "mean_velocity": 32.78, "temporal_coherence": 0.821 }, "geometry": { "type": "Point", "coordinates": [ 14.087867, 40.826768 ] } },
{ "type": "Feature", "properties": { "pid": "CFsynt_000852", "mean_velocity": -1.67, "temporal_coherence": 0.962 }, "geometry": { "type": "Point", "coordinates": [ 14.279105, 40.887661 ] } },
{ "type": "Feature", "properties": { "pid": "CFsynt_000853", "mean_velocity": -1.99, "temporal_coherence": 0.936 }, "geometry": { "type": "Point", "coordinates": [ 14.294649, 40.833399 ] } },
{ "type": "Feature", "properties": { "pid": "CFsynt_000854", "mean_velocity": 8.79, "temporal_coherence": 0.904 }, "geometry": { "type": "Point", "coordinates": [ 14.091523, 40.785112 ] } },
{ "type": "Feature", "properties": { "pid": "CFsynt_000855", "mean_velocity": 64.95, "temporal_coherence": 0.967 }, "geometry": { "type": "Point", "coordinates": [ 14.166242, 40.820647 ] } },
{ "type": "Feature", "properties": { "pid": "CFsynt_000856", "mean_velocity": -1.68, "temporal_coherence": 0.74 }, "geometry": { "type": "Point", "coordinates": [ 14.242714, 40.802007 ] } },
{ "type": "Feature", "properties": { "pid": "CFsynt_000857", "mean_velocity": 0.66, "temporal_coherence": 0.741 }, "geometry": { "type": "Point", "coordinates": [ 14.284726, 40.819054 ] } },
{ "type": "Feature", "properties": { "pid": "CFsynt_000858", "mean_velocity": 51.47, "temporal_coherence": 0.92 }, "geometry": { "type": "Point", "coordinates": [ 14.139925, 40.798704 ] } },
{ "type": "Feature", "properties": { "pid": "CFsynt_000859", "mean_velocity": 11.54, "temporal_coherence": 0.817 }, "geometry": { "type": "Point", "coordinates": [ 14.179936, 40.780222 ] } },
{ "type": "Feature", "properties": { "pid": "CFsynt_000860", "mean_velocity": -0.74, "temporal_coherence": 0.955 }, "geometry": { "type": "Point", "coordinates": [ 14.245098, 40.799137 ] } },
{ "type": "Feature", "properties": { "pid": "CFsynt_000863", "mean_velocity": 27.14, "temporal_coherence": 0.785 }, "geometry": { "type": "Point", "coordinates": [ 14.195281, 40.818456 ] } },
{ "type": "Feature", "properties": { "pid": "CFsynt_000864", "mean_velocity": 0.26, "temporal_coherence": 0.791 }, "geometry": { "type": "Point", "coordinates": [ 14.060338, 40.855121 ] } },
{ "type": "Feature", "properties": { "pid": "CFsynt_000865", "mean_velocity": -1.58, "temporal_coherence": 0.879 }, "geometry": { "type": "Point", "coordinates": [ 14.292152, 40.823812 ] } },
{ "type": "Feature", "properties": { "pid": "CFsynt_000866", "mean_velocity": 2.22, "temporal_coherence": 0.953 }, "geometry": { "type": "Point", "coordinates": [ 14.281016, 40.853169 ] } },
{ "type": "Feature", "properties": { "pid": "CFsynt_000868", "mean_velocity": 1.75, "temporal_coherence": 0.96 }, "geometry": { "type": "Point", "coordinates": [ 14.05896, 40.876743 ] } },
{ "type": "Feature", "properties": { "pid": "CFsynt_000869", "mean_velocity": 16.71, "temporal_coherence": 0.969 }, "geometry": { "type": "Point", "coordinates": [ 14.089275, 40.861426 ] } },
{ "type": "Feature", "properties": { "pid": "CFsynt_000870", "mean_velocity": 0.18, "temporal_coherence": 0.841 }, "geometry": { "type": "Point", "coordinates": [ 14.245644, 40.882574 ] } },
{ "type": "Feature", "properties": { "pid": "CFsynt_000874", "mean_velocity": -4.67, "temporal_coherence": 0.897 }, "geometry": { "type": "Point", "coordinates": [ 14.238601, 40.800758 ] } },
{ "type": "Feature", "properties": { "pid": "CFsynt_000875", "mean_velocity": -2.83, "temporal_coherence": 0.759 }, "geometry": { "type": "Point", "coordinates": [ 14.287396, 40.850012 ] } },
{ "type": "Feature", "properties": { "pid": "CFsynt_000877", "mean_velocity": 77.19, "temporal_coherence": 0.851 }, "geometry": { "type": "Point", "coordinates": [ 14.122548, 40.819083 ] } },
{ "type": "Feature", "properties": { "pid": "CFsynt_000878", "mean_velocity": -4.13, "temporal_coherence": 0.876 }, "geometry": { "type": "Point", "coordinates": [ 14.206535, 40.882017 ] } },
{ "type": "Feature", "properties": { "pid": "CFsynt_000881", "mean_velocity": 0.94, "temporal_coherence": 0.838 }, "geometry": { "type": "Point", "coordinates": [ 14.204515, 40.877392 ] } },
{ "type": "Feature", "properties": { "pid": "CFsynt_000883", "mean_velocity": -1.39, "temporal_coherence": 0.721 }, "geometry": { "type": "Point", "coordinates": [ 14.165616, 40.904329 ] } },
{ "type": "Feature", "properties": { "pid": "CFsynt_000886", "mean_velocity": 83.93, "temporal_coherence": 0.83 }, "geometry": { "type": "Point", "coordinates": [ 14.144291, 40.836607 ] } },
{ "type": "Feature", "properties": { "pid": "CFsynt_000887", "mean_velocity": 10.2, "temporal_coherence": 0.93 }, "geometry": { "type": "Point", "coordinates": [ 14.068022, 40.807579 ] } },
{ "type": "Feature", "properties": { "pid": "CFsynt_000889", "mean_velocity": -4.56, "temporal_coherence": 0.961 }, "geometry": { "type": "Point", "coordinates": [ 14.228523, 40.873075 ] } },
{ "type": "Feature", "properties": { "pid": "CFsynt_000890", "mean_velocity": 21.86, "temporal_coherence": 0.836 }, "geometry": { "type": "Point", "coordinates": [ 14.128449, 40.872022 ] } },
{ "type": "Feature", "properties": { "pid": "CFsynt_000893", "mean_velocity": -4.09, "temporal_coherence": 0.937 }, "geometry": { "type": "Point", "coordinates": [ 14.058688, 40.797801 ] } },
{ "type": "Feature", "properties": { "pid": "CFsynt_000894", "mean_velocity": -2.68, "temporal_coherence": 0.824 }, "geometry": { "type": "Point", "coordinates": [ 14.248516, 40.787795 ] } },
{ "type": "Feature", "properties": { "pid": "CFsynt_000895", "mean_velocity": -0.73, "temporal_coherence": 0.852 }, "geometry": { "type": "Point", "coordinates": [ 14.2855, 40.782302 ] } },
{ "type": "Feature", "properties": { "pid": "CFsynt_000900", "mean_velocity": 66.93, "temporal_coherence": 0.734 }, "geometry": { "type": "Point", "coordinates": [ 14.165841, 40.82481 ] } },
{ "type": "Feature", "properties": { "pid": "CFsynt_000901", "mean_velocity": 35.0, "temporal_coherence": 0.834 }, "geometry": { "type": "Point", "coordinates": [ 14.105238, 40.854878 ] } },
{ "type": "Feature", "properties": { "pid": "CFsynt_000903", "mean_velocity": 62.11, "temporal_coherence": 0.945 }, "geometry": { "type": "Point", "coordinates": [ 14.169632, 40.817091 ] } },
{ "type": "Feature", "properties": { "pid": "CFsynt_000905", "mean_velocity": 0.93, "temporal_coherence": 0.762 }, "geometry": { "type": "Point", "coordinates": [ 14.219231, 40.907079 ] } },
{ "type": "Feature", "properties": { "pid": "CFsynt_000906", "mean_velocity": -2.32, "temporal_coherence": 0.917 }, "geometry": { "type": "Point", "coordinates": [ 14.173697, 40.894164 ] } },
{ "type": "Feature", "properties": { "pid": "CFsynt_000910", "mean_velocity": -3.96, "temporal_coherence": 0.885 }, "geometry": { "type": "Point", "coordinates": [ 14.251793, 40.894476 ] } },
{ "type": "Feature", "properties": { "pid": "CFsynt_000911", "mean_velocity": -1.3, "temporal_coherence": 0.915 }, "geometry": { "type": "Point", "coordinates": [ 14.284246, 40.868501 ] } },
{ "type": "Feature", "properties": { "pid": "CFsynt_000912", "mean_velocity": 1.23, "temporal_coherence": 0.909 }, "geometry": { "type": "Point", "coordinates": [ 14.291476, 40.879989 ] } },
{ "type": "Feature", "properties": { "pid": "CFsynt_000916", "mean_velocity": -3.37, "temporal_coherence": 0.942 }, "geometry": { "type": "Point", "coordinates": [ 14.050828, 40.822878 ] } },
{ "type": "Feature", "properties": { "pid": "CFsynt_000918", "mean_velocity": 62.63, "temporal_coherence": 0.751 }, "geometry": { "type": "Point", "coordinates": [ 14.118295, 40.810452 ] } },
{ "type": "Feature", "properties": { "pid": "CFsynt_000919", "mean_velocity": 6.79, "temporal_coherence": 0.787 }, "geometry": { "type": "Point", "coordinates": [ 14.19034, 40.867022 ] } },
{ "type": "Feature", "properties": { "pid": "CFsynt_000920", "mean_velocity": -3.33, "temporal_coherence": 0.817 }, "geometry": { "type": "Point", "coordinates": [ 14.058124, 40.895212 ] } },
{ "type": "Feature", "properties": { "pid": "CFsynt_000922", "mean_velocity": 10.48, "temporal_coherence": 0.909 }, "geometry": { "type": "Point", "coordinates": [ 14.208859, 40.835622 ] } },
{ "type": "Feature", "properties": { "pid": "CFsynt_000923", "mean_velocity": 25.37, "temporal_coherence": 0.739 }, "geometry": { "type": "Point", "coordinates": [ 14.187286, 40.85157 ] } },
{ "type": "Feature", "properties": { "pid": "CFsynt_000924", "mean_velocity": 19.77, "temporal_coherence": 0.833 }, "geometry": { "type": "Point", "coordinates": [ 14.07794, 40.820093 ] } },
{ "type": "Feature", "properties": { "pid": "CFsynt_000925", "mean_velocity": 20.68, "temporal_coherence": 0.931 }, "geometry": { "type": "Point", "coordinates": [ 14.103444, 40.790427 ] } },
{ "type": "Feature", "properties": { "pid": "CFsynt_000926", "mean_velocity": 14.11, "temporal_coherence": 0.965 }, "geometry": { "type": "Point", "coordinates": [ 14.07649, 40.806893 ] } },
{ "type": "Feature", "properties": { "pid": "CFsynt_000928", "mean_velocity": 19.83, "temporal_coherence": 0.894 }, "geometry": { "type": "Point", "coordinates": [ 14.199426, 40.815615 ] } },
{ "type": "Feature", "properties": { "pid": "CFsynt_000930", "mean_velocity": 50.18, "temporal_coherence": 0.818 }, "geometry": { "type": "Point", "coordinates": [ 14.11585, 40.803466 ] } },
{ "type": "Feature", "properties": { "pid": "CFsynt_000931", "mean_velocity": -2.6, "temporal_coherence": 0.935 }, "geometry": { "type": "Point", "coordinates": [ 14.137663, 40.890153 ] } },
{ "type": "Feature", "properties": { "pid": "CFsynt_000933", "mean_velocity": -3.08, "temporal_coherence": 0.896 }, "geometry": { "type": "Point", "coordinates": [ 14.250404, 40.885437 ] } },
{ "type": "Feature", "properties": { "pid": "CFsynt_000935", "mean_velocity": -1.36, "temporal_coherence": 0.817 }, "geometry": { "type": "Point", "coordinates": [ 14.089976, 40.887215 ] } },
{ "type": "Feature", "properties": { "pid": "CFsynt_000939", "mean_velocity": -4.4, "temporal_coherence": 0.897 }, "geometry": { "type": "Point", "coordinates": [ 14.059115, 40.808749 ] } },
{ "type": "Feature", "properties": { "pid": "CFsynt_000940", "mean_velocity": -3.0, "temporal_coherence": 0.842 }, "geometry": { "type": "Point", "coordinates": [ 14.106717, 40.887479 ] } },
{ "type": "Feature", "properties": { "pid": "CFsynt_000941", "mean_velocity": 0.5, "temporal_coherence": 0.97 }, "geometry": { "type": "Point", "coordinates": [ 14.275479, 40.848933 ] } },
{ "type": "Feature", "properties": { "pid": "CFsynt_000942", "mean_velocity": 13.0, "temporal_coherence": 0.795 }, "geometry": { "type": "Point", "coordinates": [ 14.082053, 40.858739 ] } },
{ "type": "Feature", "properties": { "pid": "CFsynt_000943", "mean_velocity": 27.57, "temporal_coherence": 0.777 }, "geometry": { "type": "Point", "coordinates": [ 14.149935, 40.867384 ] } },
{ "type": "Feature", "properties": { "pid": "CFsynt_000944", "mean_velocity": 78.05, "temporal_coherence": 0.78 }, "geometry": { "type": "Point", "coordinates": [ 14.160459, 40.828873 ] } },
{ "type": "Feature", "properties": { "pid": "CFsynt_000945", "mean_velocity": -3.07, "temporal_coherence": 0.98 }, "geometry": { "type": "Point", "coordinates": [ 14.101125, 40.899301 ] } },
{ "type": "Feature", "properties": { "pid": "CFsynt_000947", "mean_velocity": -3.52, "temporal_coherence": 0.728 }, "geometry": { "type": "Point", "coordinates": [ 14.276887, 40.888574 ] } },
{ "type": "Feature", "properties": { "pid": "CFsynt_000948", "mean_velocity": -4.52, "temporal_coherence": 0.814 }, "geometry": { "type": "Point", "coordinates": [ 14.283627, 40.888756 ] } },
{ "type": "Feature", "properties": { "pid": "CFsynt_000952", "mean_velocity": 17.55, "temporal_coherence": 0.985 }, "geometry": { "type": "Point", "coordinates": [ 14.100991, 40.781455 ] } },
{ "type": "Feature", "properties": { "pid": "CFsynt_000953", "mean_velocity": -1.86, "temporal_coherence": 0.812 }, "geometry": { "type": "Point", "coordinates": [ 14.076764, 40.873753 ] } },
{ "type": "Feature", "properties": { "pid": "CFsynt_000955", "mean_velocity": -3.42, "temporal_coherence": 0.98 }, "geometry": { "type": "Point", "coordinates": [ 14.287517, 40.8459 ] } },
{ "type": "Feature", "properties": { "pid": "CFsynt_000956", "mean_velocity": -3.66, "temporal_coherence": 0.846 }, "geometry": { "type": "Point", "coordinates": [ 14.255434, 40.811878 ] } },
{ "type": "Feature", "properties": { "pid": "CFsynt_000957", "mean_velocity": 25.06, "temporal_coherence": 0.819 }, "geometry": { "type": "Point", "coordinates": [ 14.180122, 40.859007 ] } },
{ "type": "Feature", "properties": { "pid": "CFsynt_000958", "mean_velocity": 54.89, "temporal_coherence": 0.707 }, "geometry": { "type": "Point", "coordinates": [ 14.172276, 40.825655 ] } },
{ "type": "Feature", "properties": { "pid": "CFsynt_000960", "mean_velocity": 37.72, "temporal_coherence": 0.909 }, "geometry": { "type": "Point", "coordinates": [ 14.185605, 40.824223 ] } },
{ "type": "Feature", "properties": { "pid": "CFsynt_000961", "mean_velocity": 36.82, "temporal_coherence": 0.841 }, "geometry": { "type": "Point", "coordinates": [ 14.156023, 40.791627 ] } },
{ "type": "Feature", "properties": { "pid": "CFsynt_000962", "mean_velocity": -3.25, "temporal_coherence": 0.701 }, "geometry": { "type": "Point", "coordinates": [ 14.068209, 40.86375 ] } },
{ "type": "Feature", "properties": { "pid": "CFsynt_000963", "mean_velocity": 12.12, "temporal_coherence": 0.713 }, "geometry": { "type": "Point", "coordinates": [ 14.066443, 40.831279 ] } },
{ "type": "Feature", "properties": { "pid": "CFsynt_000965", "mean_velocity": 29.85, "temporal_coherence": 0.916 }, "geometry": { "type": "Point", "coordinates": [ 14.169789, 40.861672 ] } },
{ "type": "Feature", "properties": { "pid": "CFsynt_000968", "mean_velocity": 9.8, "temporal_coherence": 0.885 }, "geometry": { "type": "Point", "coordinates": [ 14.190781, 40.867575 ] } },
{ "type": "Feature", "properties": { "pid": "CFsynt_000969", "mean_velocity": 17.08, "temporal_coherence": 0.893 }, "geometry": { "type": "Point", "coordinates": [ 14.090238, 40.862125 ] } },
{ "type": "Feature", "properties": { "pid": "CFsynt_000970", "mean_velocity": -4.14, "temporal_coherence": 0.939 }, "geometry": { "type": "Point", "coordinates": [ 14.103424, 40.89925 ] } },
{ "type": "Feature", "properties": { "pid": "CFsynt_000972", "mean_velocity": 7.08, "temporal_coherence": 0.703 }, "geometry": { "type": "Point", "coordinates": [ 14.064496, 40.804777 ] } },
{ "type": "Feature", "properties": { "pid": "CFsynt_000974", "mean_velocity": 34.42, "temporal_coherence": 0.709 }, "geometry": { "type": "Point", "coordinates": [ 14.123245, 40.861019 ] } },
{ "type": "Feature", "properties": { "pid": "CFsynt_000976", "mean_velocity": -2.24, "temporal_coherence": 0.871 }, "geometry": { "type": "Point", "coordinates": [ 14.164854, 40.907728 ] } },
{ "type": "Feature", "properties": { "pid": "CFsynt_000977", "mean_velocity": 43.06, "temporal_coherence": 0.957 }, "geometry": { "type": "Point", "coordinates": [ 14.146131, 40.795416 ] } },
{ "type": "Feature", "properties": { "pid": "CFsynt_000978", "mean_velocity": -3.16, "temporal_coherence": 0.955 }, "geometry": { "type": "Point", "coordinates": [ 14.184247, 40.901487 ] } },
{ "type": "Feature", "properties": { "pid": "CFsynt_000979", "mean_velocity": -6.27, "temporal_coherence": 0.727 }, "geometry": { "type": "Point", "coordinates": [ 14.084299, 40.886929 ] } },
{ "type": "Feature", "properties": { "pid": "CFsynt_000982", "mean_velocity": -1.09, "temporal_coherence": 0.949 }, "geometry": { "type": "Point", "coordinates": [ 14.245068, 40.809394 ] } },
{ "type": "Feature", "properties": { "pid": "CFsynt_000983", "mean_velocity": -2.67, "temporal_coherence": 0.982 }, "geometry": { "type": "Point", "coordinates": [ 14.16594, 40.897961 ] } },
{ "type": "Feature", "properties": { "pid": "CFsynt_000984", "mean_velocity": 16.82, "temporal_coherence": 0.857 }, "geometry": { "type": "Point", "coordinates": [ 14.074334, 40.817034 ] } },
{ "type": "Feature", "properties": { "pid": "CFsynt_000985", "mean_velocity": -4.16, "temporal_coherence": 0.952 }, "geometry": { "type": "Point", "coordinates": [ 14.296993, 40.873256 ] } },
{ "type": "Feature", "properties": { "pid": "CFsynt_000986", "mean_velocity": 31.26, "temporal_coherence": 0.799 }, "geometry": { "type": "Point", "coordinates": [ 14.129002, 40.867594 ] } },
{ "type": "Feature", "properties": { "pid": "CFsynt_000990", "mean_velocity": -3.86, "temporal_coherence": 0.742 }, "geometry": { "type": "Point", "coordinates": [ 14.210586, 40.78303 ] } },
{ "type": "Feature", "properties": { "pid": "CFsynt_000991", "mean_velocity": -5.0, "temporal_coherence": 0.881 }, "geometry": { "type": "Point", "coordinates": [ 14.247743, 40.806377 ] } },
{ "type": "Feature", "properties": { "pid": "CFsynt_000993", "mean_velocity": 22.64, "temporal_coherence": 0.785 }, "geometry": { "type": "Point", "coordinates": [ 14.091467, 40.853354 ] } },
{ "type": "Feature", "properties": { "pid": "CFsynt_000994", "mean_velocity": 2.12, "temporal_coherence": 0.929 }, "geometry": { "type": "Point", "coordinates": [ 14.297897, 40.903441 ] } },
{ "type": "Feature", "properties": { "pid": "CFsynt_001002", "mean_velocity": -4.76, "temporal_coherence": 0.853 }, "geometry": { "type": "Point", "coordinates": [ 14.067419, 40.867759 ] } },
{ "type": "Feature", "properties": { "pid": "CFsynt_001003", "mean_velocity": 13.52, "temporal_coherence": 0.942 }, "geometry": { "type": "Point", "coordinates": [ 14.074175, 40.855143 ] } },
{ "type": "Feature", "properties": { "pid": "CFsynt_001005", "mean_velocity": 76.85, "temporal_coherence": 0.855 }, "geometry": { "type": "Point", "coordinates": [ 14.143949, 40.841803 ] } },
{ "type": "Feature", "properties": { "pid": "CFsynt_001006", "mean_velocity": 1.24, "temporal_coherence": 0.7 }, "geometry": { "type": "Point", "coordinates": [ 14.297337, 40.906083 ] } },
{ "type": "Feature", "properties": { "pid": "CFsynt_001009", "mean_velocity": 41.23, "temporal_coherence": 0.75 }, "geometry": { "type": "Point", "coordinates": [ 14.163719, 40.855093 ] } },
{ "type": "Feature", "properties": { "pid": "CFsynt_001014", "mean_velocity": 56.62, "temporal_coherence": 0.721 }, "geometry": { "type": "Point", "coordinates": [ 14.129387, 40.803809 ] } },
{ "type": "Feature", "properties": { "pid": "CFsynt_001016", "mean_velocity": -5.62, "temporal_coherence": 0.829 }, "geometry": { "type": "Point", "coordinates": [ 14.226647, 40.828677 ] } },
{ "type": "Feature", "properties": { "pid": "CFsynt_001019", "mean_velocity": 39.8, "temporal_coherence": 0.81 }, "geometry": { "type": "Point", "coordinates": [ 14.160393, 40.859607 ] } },
{ "type": "Feature", "properties": { "pid": "CFsynt_001025", "mean_velocity": 45.11, "temporal_coherence": 0.967 }, "geometry": { "type": "Point", "coordinates": [ 14.117719, 40.853992 ] } },
{ "type": "Feature", "properties": { "pid": "CFsynt_001027", "mean_velocity": 64.56, "temporal_coherence": 0.952 }, "geometry": { "type": "Point", "coordinates": [ 14.136237, 40.805191 ] } },
{ "type": "Feature", "properties": { "pid": "CFsynt_001031", "mean_velocity": -3.66, "temporal_coherence": 0.817 }, "geometry": { "type": "Point", "coordinates": [ 14.238737, 40.801208 ] } },
{ "type": "Feature", "properties": { "pid": "CFsynt_001032", "mean_velocity": 29.4, "temporal_coherence": 0.867 }, "geometry": { "type": "Point", "coordinates": [ 14.177591, 40.797786 ] } },
{ "type": "Feature", "properties": { "pid": "CFsynt_001033", "mean_velocity": -2.92, "temporal_coherence": 0.98 }, "geometry": { "type": "Point", "coordinates": [ 14.293055, 40.7823 ] } },
{ "type": "Feature", "properties": { "pid": "CFsynt_001034", "mean_velocity": 32.31, "temporal_coherence": 0.749 }, "geometry": { "type": "Point", "coordinates": [ 14.151597, 40.789898 ] } },
{ "type": "Feature", "properties": { "pid": "CFsynt_001035", "mean_velocity": -4.36, "temporal_coherence": 0.737 }, "geometry": { "type": "Point", "coordinates": [ 14.217651, 40.872664 ] } },
{ "type": "Feature", "properties": { "pid": "CFsynt_001037", "mean_velocity": 0.32, "temporal_coherence": 0.971 }, "geometry": { "type": "Point", "coordinates": [ 14.148365, 40.892936 ] } },
{ "type": "Feature", "properties": { "pid": "CFsynt_001038", "mean_velocity": -4.78, "temporal_coherence": 0.712 }, "geometry": { "type": "Point", "coordinates": [ 14.157615, 40.919664 ] } },
{ "type": "Feature", "properties": { "pid": "CFsynt_001040", "mean_velocity": -2.41, "temporal_coherence": 0.92 }, "geometry": { "type": "Point", "coordinates": [ 14.0566, 40.878832 ] } },
{ "type": "Feature", "properties": { "pid": "CFsynt_001041", "mean_velocity": -2.01, "temporal_coherence": 0.763 }, "geometry": { "type": "Point", "coordinates": [ 14.223572, 40.795531 ] } },
{ "type": "Feature", "properties": { "pid": "CFsynt_001043", "mean_velocity": -3.2, "temporal_coherence": 0.732 }, "geometry": { "type": "Point", "coordinates": [ 14.222244, 40.801764 ] } },
{ "type": "Feature", "properties": { "pid": "CFsynt_001046", "mean_velocity": 32.25, "temporal_coherence": 0.776 }, "geometry": { "type": "Point", "coordinates": [ 14.087365, 40.828745 ] } },
{ "type": "Feature", "properties": { "pid": "CFsynt_001047", "mean_velocity": -1.59, "temporal_coherence": 0.899 }, "geometry": { "type": "Point", "coordinates": [ 14.255664, 40.818642 ] } },
{ "type": "Feature", "properties": { "pid": "CFsynt_001048", "mean_velocity": 1.85, "temporal_coherence": 0.742 }, "geometry": { "type": "Point", "coordinates": [ 14.279583, 40.851802 ] } },
{ "type": "Feature", "properties": { "pid": "CFsynt_001049", "mean_velocity": 45.52, "temporal_coherence": 0.854 }, "geometry": { "type": "Point", "coordinates": [ 14.101537, 40.812504 ] } },
{ "type": "Feature", "properties": { "pid": "CFsynt_001051", "mean_velocity": 9.65, "temporal_coherence": 0.817 }, "geometry": { "type": "Point", "coordinates": [ 14.067515, 40.79982 ] } },
{ "type": "Feature", "properties": { "pid": "CFsynt_001052", "mean_velocity": 64.0, "temporal_coherence": 0.804 }, "geometry": { "type": "Point", "coordinates": [ 14.109794, 40.826446 ] } },
{ "type": "Feature", "properties": { "pid": "CFsynt_001053", "mean_velocity": 17.13, "temporal_coherence": 0.959 }, "geometry": { "type": "Point", "coordinates": [ 14.07021, 40.837287 ] } },
{ "type": "Feature", "properties": { "pid": "CFsynt_001054", "mean_velocity": 20.47, "temporal_coherence": 0.734 }, "geometry": { "type": "Point", "coordinates": [ 14.112221, 40.782512 ] } },
{ "type": "Feature", "properties": { "pid": "CFsynt_001055", "mean_velocity": -3.51, "temporal_coherence": 0.954 }, "geometry": { "type": "Point", "coordinates": [ 14.225674, 40.828908 ] } },
{ "type": "Feature", "properties": { "pid": "CFsynt_001056", "mean_velocity": -1.06, "temporal_coherence": 0.828 }, "geometry": { "type": "Point", "coordinates": [ 14.293995, 40.914212 ] } },
{ "type": "Feature", "properties": { "pid": "CFsynt_001057", "mean_velocity": 8.96, "temporal_coherence": 0.872 }, "geometry": { "type": "Point", "coordinates": [ 14.088731, 40.785265 ] } },
{ "type": "Feature", "properties": { "pid": "CFsynt_001058", "mean_velocity": 13.39, "temporal_coherence": 0.739 }, "geometry": { "type": "Point", "coordinates": [ 14.187203, 40.865124 ] } },
{ "type": "Feature", "properties": { "pid": "CFsynt_001059", "mean_velocity": -1.15, "temporal_coherence": 0.983 }, "geometry": { "type": "Point", "coordinates": [ 14.233403, 40.833195 ] } },
{ "type": "Feature", "properties": { "pid": "CFsynt_001062", "mean_velocity": 44.96, "temporal_coherence": 0.706 }, "geometry": { "type": "Point", "coordinates": [ 14.103981, 40.809202 ] } },
{ "type": "Feature", "properties": { "pid": "CFsynt_001064", "mean_velocity": 80.58, "temporal_coherence": 0.967 }, "geometry": { "type": "Point", "coordinates": [ 14.122942, 40.827818 ] } },
{ "type": "Feature", "properties": { "pid": "CFsynt_001066", "mean_velocity": 3.24, "temporal_coherence": 0.786 }, "geometry": { "type": "Point", "coordinates": [ 14.145906, 40.889543 ] } },
{ "type": "Feature", "properties": { "pid": "CFsynt_001069", "mean_velocity": 7.58, "temporal_coherence": 0.984 }, "geometry": { "type": "Point", "coordinates": [ 14.146018, 40.887404 ] } },
{ "type": "Feature", "properties": { "pid": "CFsynt_001070", "mean_velocity": -3.59, "temporal_coherence": 0.807 }, "geometry": { "type": "Point", "coordinates": [ 14.283781, 40.879762 ] } },
{ "type": "Feature", "properties": { "pid": "CFsynt_001072", "mean_velocity": 68.01, "temporal_coherence": 0.702 }, "geometry": { "type": "Point", "coordinates": [ 14.158743, 40.814645 ] } },
{ "type": "Feature", "properties": { "pid": "CFsynt_001074", "mean_velocity": -2.69, "temporal_coherence": 0.89 }, "geometry": { "type": "Point", "coordinates": [ 14.277655, 40.903398 ] } },
{ "type": "Feature", "properties": { "pid": "CFsynt_001075", "mean_velocity": 69.38, "temporal_coherence": 0.737 }, "geometry": { "type": "Point", "coordinates": [ 14.123443, 40.843126 ] } },
{ "type": "Feature", "properties": { "pid": "CFsynt_001076", "mean_velocity": 22.85, "temporal_coherence": 0.853 }, "geometry": { "type": "Point", "coordinates": [ 14.187919, 40.800993 ] } },
{ "type": "Feature", "properties": { "pid": "CFsynt_001078", "mean_velocity": -5.42, "temporal_coherence": 0.886 }, "geometry": { "type": "Point", "coordinates": [ 14.213339, 40.780804 ] } },
{ "type": "Feature", "properties": { "pid": "CFsynt_001080", "mean_velocity": 3.55, "temporal_coherence": 0.916 }, "geometry": { "type": "Point", "coordinates": [ 14.100819, 40.905628 ] } },
{ "type": "Feature", "properties": { "pid": "CFsynt_001081", "mean_velocity": 0.46, "temporal_coherence": 0.72 }, "geometry": { "type": "Point", "coordinates": [ 14.294675, 40.911001 ] } },
{ "type": "Feature", "properties": { "pid": "CFsynt_001082", "mean_velocity": 0.18, "temporal_coherence": 0.85 }, "geometry": { "type": "Point", "coordinates": [ 14.297924, 40.903085 ] } },
{ "type": "Feature", "properties": { "pid": "CFsynt_001083", "mean_velocity": -3.85, "temporal_coherence": 0.969 }, "geometry": { "type": "Point", "coordinates": [ 14.274564, 40.797471 ] } },
{ "type": "Feature", "properties": { "pid": "CFsynt_001085", "mean_velocity": -4.13, "temporal_coherence": 0.787 }, "geometry": { "type": "Point", "coordinates": [ 14.246048, 40.896215 ] } },
{ "type": "Feature", "properties": { "pid": "CFsynt_001086", "mean_velocity": -5.12, "temporal_coherence": 0.855 }, "geometry": { "type": "Point", "coordinates": [ 14.251753, 40.894223 ] } },
{ "type": "Feature", "properties": { "pid": "CFsynt_001087", "mean_velocity": -3.68, "temporal_coherence": 0.839 }, "geometry": { "type": "Point", "coordinates": [ 14.251151, 40.808882 ] } },
{ "type": "Feature", "properties": { "pid": "CFsynt_001089", "mean_velocity": 71.27, "temporal_coherence": 0.92 }, "geometry": { "type": "Point", "coordinates": [ 14.162371, 40.819062 ] } },
{ "type": "Feature", "properties": { "pid": "CFsynt_001091", "mean_velocity": -3.13, "temporal_coherence": 0.869 }, "geometry": { "type": "Point", "coordinates": [ 14.216998, 40.863281 ] } },
{ "type": "Feature", "properties": { "pid": "CFsynt_001092", "mean_velocity": -1.0, "temporal_coherence": 0.956 }, "geometry": { "type": "Point", "coordinates": [ 14.113903, 40.910651 ] } },
{ "type": "Feature", "properties": { "pid": "CFsynt_001093", "mean_velocity": -3.64, "temporal_coherence": 0.824 }, "geometry": { "type": "Point", "coordinates": [ 14.104764, 40.898426 ] } },
{ "type": "Feature", "properties": { "pid": "CFsynt_001094", "mean_velocity": -2.34, "temporal_coherence": 0.871 }, "geometry": { "type": "Point", "coordinates": [ 14.199929, 40.881707 ] } },
{ "type": "Feature", "properties": { "pid": "CFsynt_001095", "mean_velocity": 67.44, "temporal_coherence": 0.967 }, "geometry": { "type": "Point", "coordinates": [ 14.148895, 40.807428 ] } },
{ "type": "Feature", "properties": { "pid": "CFsynt_001096", "mean_velocity": 31.81, "temporal_coherence": 0.835 }, "geometry": { "type": "Point", "coordinates": [ 14.093468, 40.846198 ] } },
{ "type": "Feature", "properties": { "pid": "CFsynt_001097", "mean_velocity": -1.99, "temporal_coherence": 0.724 }, "geometry": { "type": "Point", "coordinates": [ 14.266656, 40.820378 ] } },
{ "type": "Feature", "properties": { "pid": "CFsynt_001098", "mean_velocity": -3.81, "temporal_coherence": 0.736 }, "geometry": { "type": "Point", "coordinates": [ 14.279565, 40.802287 ] } },
{ "type": "Feature", "properties": { "pid": "CFsynt_001101", "mean_velocity": 60.24, "temporal_coherence": 0.744 }, "geometry": { "type": "Point", "coordinates": [ 14.127478, 40.806101 ] } },
{ "type": "Feature", "properties": { "pid": "CFsynt_001102", "mean_velocity": -2.73, "temporal_coherence": 0.895 }, "geometry": { "type": "Point", "coordinates": [ 14.261278, 40.862942 ] } },
{ "type": "Feature", "properties": { "pid": "CFsynt_001104", "mean_velocity": 8.38, "temporal_coherence": 0.839 }, "geometry": { "type": "Point", "coordinates": [ 14.070115, 40.808694 ] } },
{ "type": "Feature", "properties": { "pid": "CFsynt_001106", "mean_velocity": -0.93, "temporal_coherence": 0.922 }, "geometry": { "type": "Point", "coordinates": [ 14.063554, 40.875455 ] } },
{ "type": "Feature", "properties": { "pid": "CFsynt_001109", "mean_velocity": 12.98, "temporal_coherence": 0.761 }, "geometry": { "type": "Point", "coordinates": [ 14.085851, 40.78652 ] } },
{ "type": "Feature", "properties": { "pid": "CFsynt_001111", "mean_velocity": 27.1, "temporal_coherence": 0.818 }, "geometry": { "type": "Point", "coordinates": [ 14.152612, 40.865191 ] } },
{ "type": "Feature", "properties": { "pid": "CFsynt_001116", "mean_velocity": 13.8, "temporal_coherence": 0.854 }, "geometry": { "type": "Point", "coordinates": [ 14.070019, 40.828888 ] } },
{ "type": "Feature", "properties": { "pid": "CFsynt_001118", "mean_velocity": 39.87, "temporal_coherence": 0.912 }, "geometry": { "type": "Point", "coordinates": [ 14.108483, 40.80138 ] } },
{ "type": "Feature", "properties": { "pid": "CFsynt_001119", "mean_velocity": -3.63, "temporal_coherence": 0.831 }, "geometry": { "type": "Point", "coordinates": [ 14.286606, 40.877334 ] } },
{ "type": "Feature", "properties": { "pid": "CFsynt_001120", "mean_velocity": -2.95, "temporal_coherence": 0.715 }, "geometry": { "type": "Point", "coordinates": [ 14.222401, 40.831848 ] } },
{ "type": "Feature", "properties": { "pid": "CFsynt_001123", "mean_velocity": -2.15, "temporal_coherence": 0.932 }, "geometry": { "type": "Point", "coordinates": [ 14.081143, 40.916319 ] } },
{ "type": "Feature", "properties": { "pid": "CFsynt_001124", "mean_velocity": 68.87, "temporal_coherence": 0.984 }, "geometry": { "type": "Point", "coordinates": [ 14.152814, 40.812351 ] } },
{ "type": "Feature", "properties": { "pid": "CFsynt_001126", "mean_velocity": 49.96, "temporal_coherence": 0.879 }, "geometry": { "type": "Point", "coordinates": [ 14.175222, 40.817083 ] } },
{ "type": "Feature", "properties": { "pid": "CFsynt_001127", "mean_velocity": -2.18, "temporal_coherence": 0.883 }, "geometry": { "type": "Point", "coordinates": [ 14.228987, 40.842592 ] } },
{ "type": "Feature", "properties": { "pid": "CFsynt_001128", "mean_velocity": -0.97, "temporal_coherence": 0.842 }, "geometry": { "type": "Point", "coordinates": [ 14.219279, 40.913227 ] } },
{ "type": "Feature", "properties": { "pid": "CFsynt_001131", "mean_velocity": 6.37, "temporal_coherence": 0.788 }, "geometry": { "type": "Point", "coordinates": [ 14.179773, 40.879806 ] } },
{ "type": "Feature", "properties": { "pid": "CFsynt_001132", "mean_velocity": -0.43, "temporal_coherence": 0.917 }, "geometry": { "type": "Point", "coordinates": [ 14.057608, 40.783484 ] } },
{ "type": "Feature", "properties": { "pid": "CFsynt_001133", "mean_velocity": -2.25, "temporal_coherence": 0.792 }, "geometry": { "type": "Point", "coordinates": [ 14.241075, 40.836023 ] } },
{ "type": "Feature", "properties": { "pid": "CFsynt_001135", "mean_velocity": 11.12, "temporal_coherence": 0.882 }, "geometry": { "type": "Point", "coordinates": [ 14.122315, 40.881819 ] } },
{ "type": "Feature", "properties": { "pid": "CFsynt_001136", "mean_velocity": 23.01, "temporal_coherence": 0.726 }, "geometry": { "type": "Point", "coordinates": [ 14.163751, 40.784474 ] } },
{ "type": "Feature", "properties": { "pid": "CFsynt_001137", "mean_velocity": 55.47, "temporal_coherence": 0.811 }, "geometry": { "type": "Point", "coordinates": [ 14.153185, 40.801892 ] } },
{ "type": "Feature", "properties": { "pid": "CFsynt_001140", "mean_velocity": 83.67, "temporal_coherence": 0.766 }, "geometry": { "type": "Point", "coordinates": [ 14.132468, 40.835963 ] } },
{ "type": "Feature", "properties": { "pid": "CFsynt_001141", "mean_velocity": -4.02, "temporal_coherence": 0.959 }, "geometry": { "type": "Point", "coordinates": [ 14.258365, 40.888319 ] } },
{ "type": "Feature", "properties": { "pid": "CFsynt_001144", "mean_velocity": -5.6, "temporal_coherence": 0.833 }, "geometry": { "type": "Point", "coordinates": [ 14.150833, 40.913359 ] } },
{ "type": "Feature", "properties": { "pid": "CFsynt_001145", "mean_velocity": 1.47, "temporal_coherence": 0.718 }, "geometry": { "type": "Point", "coordinates": [ 14.123248, 40.890315 ] } },
{ "type": "Feature", "properties": { "pid": "CFsynt_001146", "mean_velocity": -3.81, "temporal_coherence": 0.762 }, "geometry": { "type": "Point", "coordinates": [ 14.247158, 40.821073 ] } },
{ "type": "Feature", "properties": { "pid": "CFsynt_001147", "mean_velocity": 1.31, "temporal_coherence": 0.841 }, "geometry": { "type": "Point", "coordinates": [ 14.262403, 40.897485 ] } },
{ "type": "Feature", "properties": { "pid": "CFsynt_001148", "mean_velocity": -1.69, "temporal_coherence": 0.794 }, "geometry": { "type": "Point", "coordinates": [ 14.172465, 40.891094 ] } },
{ "type": "Feature", "properties": { "pid": "CFsynt_001149", "mean_velocity": -2.6, "temporal_coherence": 0.826 }, "geometry": { "type": "Point", "coordinates": [ 14.288979, 40.86816 ] } },
{ "type": "Feature", "properties": { "pid": "CFsynt_001150", "mean_velocity": 4.08, "temporal_coherence": 0.786 }, "geometry": { "type": "Point", "coordinates": [ 14.071734, 40.860527 ] } },
{ "type": "Feature", "properties": { "pid": "CFsynt_001151", "mean_velocity": -2.49, "temporal_coherence": 0.777 }, "geometry": { "type": "Point", "coordinates": [ 14.28493, 40.892247 ] } },
{ "type": "Feature", "properties": { "pid": "CFsynt_001153", "mean_velocity": 9.98, "temporal_coherence": 0.838 }, "geometry": { "type": "Point", "coordinates": [ 14.074522, 40.864139 ] } },
{ "type": "Feature", "properties": { "pid": "CFsynt_001154", "mean_velocity": -1.95, "temporal_coherence": 0.835 }, "geometry": { "type": "Point", "coordinates": [ 14.184814, 40.905569 ] } },
{ "type": "Feature", "properties": { "pid": "CFsynt_001158", "mean_velocity": 41.72, "temporal_coherence": 0.959 }, "geometry": { "type": "Point", "coordinates": [ 14.156532, 40.794755 ] } },
{ "type": "Feature", "properties": { "pid": "CFsynt_001159", "mean_velocity": 0.76, "temporal_coherence": 0.894 }, "geometry": { "type": "Point", "coordinates": [ 14.254641, 40.789783 ] } },
{ "type": "Feature", "properties": { "pid": "CFsynt_001161", "mean_velocity": 5.75, "temporal_coherence": 0.702 }, "geometry": { "type": "Point", "coordinates": [ 14.219155, 40.840873 ] } },
{ "type": "Feature", "properties": { "pid": "CFsynt_001162", "mean_velocity": 0.6, "temporal_coherence": 0.959 }, "geometry": { "type": "Point", "coordinates": [ 14.268707, 40.86273 ] } },
{ "type": "Feature", "properties": { "pid": "CFsynt_001163", "mean_velocity": -4.46, "temporal_coherence": 0.987 }, "geometry": { "type": "Point", "coordinates": [ 14.07872, 40.903648 ] } },
{ "type": "Feature", "properties": { "pid": "CFsynt_001165", "mean_velocity": -1.57, "temporal_coherence": 0.708 }, "geometry": { "type": "Point", "coordinates": [ 14.279632, 40.835135 ] } },
{ "type": "Feature", "properties": { "pid": "CFsynt_001166", "mean_velocity": -4.23, "temporal_coherence": 0.957 }, "geometry": { "type": "Point", "coordinates": [ 14.268706, 40.889228 ] } },
{ "type": "Feature", "properties": { "pid": "CFsynt_001167", "mean_velocity": 17.66, "temporal_coherence": 0.817 }, "geometry": { "type": "Point", "coordinates": [ 14.186293, 40.795424 ] } },
{ "type": "Feature", "properties": { "pid": "CFsynt_001168", "mean_velocity": -3.93, "temporal_coherence": 0.705 }, "geometry": { "type": "Point", "coordinates": [ 14.267568, 40.856219 ] } },
{ "type": "Feature", "properties": { "pid": "CFsynt_001170", "mean_velocity": 64.45, "temporal_coherence": 0.731 }, "geometry": { "type": "Point", "coordinates": [ 14.1444, 40.850675 ] } },
{ "type": "Feature", "properties": { "pid": "CFsynt_001171", "mean_velocity": -2.27, "temporal_coherence": 0.741 }, "geometry": { "type": "Point", "coordinates": [ 14.243961, 40.858161 ] } },
{ "type": "Feature", "properties": { "pid": "CFsynt_001172", "mean_velocity": -3.04, "temporal_coherence": 0.912 }, "geometry": { "type": "Point", "coordinates": [ 14.104661, 40.89238 ] } },
{ "type": "Feature", "properties": { "pid": "CFsynt_001173", "mean_velocity": -3.7, "temporal_coherence": 0.914 }, "geometry": { "type": "Point", "coordinates": [ 14.248175, 40.876907 ] } },
{ "type": "Feature", "properties": { "pid": "CFsynt_001174", "mean_velocity": 52.09, "temporal_coherence": 0.856 }, "geometry": { "type": "Point", "coordinates": [ 14.176212, 40.824511 ] } },
{ "type": "Feature", "properties": { "pid": "CFsynt_001176", "mean_velocity": 15.89, "temporal_coherence": 0.811 }, "geometry": { "type": "Point", "coordinates": [ 14.164757, 40.780787 ] } },
{ "type": "Feature", "properties": { "pid": "CFsynt_001179", "mean_velocity": 33.61, "temporal_coherence": 0.793 }, "geometry": { "type": "Point", "coordinates": [ 14.09043, 40.818517 ] } },
{ "type": "Feature", "properties": { "pid": "CFsynt_001180", "mean_velocity": -2.87, "temporal_coherence": 0.851 }, "geometry": { "type": "Point", "coordinates": [ 14.247932, 40.806594 ] } },
{ "type": "Feature", "properties": { "pid": "CFsynt_001181", "mean_velocity": 8.69, "temporal_coherence": 0.944 }, "geometry": { "type": "Point", "coordinates": [ 14.064484, 40.838555 ] } },
{ "type": "Feature", "properties": { "pid": "CFsynt_001182", "mean_velocity": -3.38, "temporal_coherence": 0.889 }, "geometry": { "type": "Point", "coordinates": [ 14.054935, 40.884189 ] } },
{ "type": "Feature", "properties": { "pid": "CFsynt_001185", "mean_velocity": 0.65, "temporal_coherence": 0.776 }, "geometry": { "type": "Point", "coordinates": [ 14.268701, 40.832503 ] } },
{ "type": "Feature", "properties": { "pid": "CFsynt_001186", "mean_velocity": 67.39, "temporal_coherence": 0.75 }, "geometry": { "type": "Point", "coordinates": [ 14.145567, 40.806906 ] } },
{ "type": "Feature", "properties": { "pid": "CFsynt_001188", "mean_velocity": -1.05, "temporal_coherence": 0.854 }, "geometry": { "type": "Point", "coordinates": [ 14.069791, 40.789332 ] } },
{ "type": "Feature", "properties": { "pid": "CFsynt_001189", "mean_velocity": -3.92, "temporal_coherence": 0.878 }, "geometry": { "type": "Point", "coordinates": [ 14.219527, 40.878591 ] } },
{ "type": "Feature", "properties": { "pid": "CFsynt_001190", "mean_velocity": 42.7, "temporal_coherence": 0.717 }, "geometry": { "type": "Point", "coordinates": [ 14.160132, 40.854794 ] } },
{ "type": "Feature", "properties": { "pid": "CFsynt_001191", "mean_velocity": 68.91, "temporal_coherence": 0.809 }, "geometry": { "type": "Point", "coordinates": [ 14.143946, 40.808755 ] } },
{ "type": "Feature", "properties": { "pid": "CFsynt_001192", "mean_velocity": -2.99, "temporal_coherence": 0.821 }, "geometry": { "type": "Point", "coordinates": [ 14.283774, 40.859695 ] } },
{ "type": "Feature", "properties": { "pid": "CFsynt_001194", "mean_velocity": -3.67, "temporal_coherence": 0.919 }, "geometry": { "type": "Point", "coordinates": [ 14.283129, 40.903275 ] } },
{ "type": "Feature", "properties": { "pid": "CFsynt_001197", "mean_velocity": -3.27, "temporal_coherence": 0.742 }, "geometry": { "type": "Point", "coordinates": [ 14.220261, 40.919104 ] } },
{ "type": "Feature", "properties": { "pid": "CFsynt_001198", "mean_velocity": 8.38, "temporal_coherence": 0.853 }, "geometry": { "type": "Point", "coordinates": [ 14.113834, 40.886863 ] } },
{ "type": "Feature", "properties": { "pid": "CFsynt_001199", "mean_velocity": -2.84, "temporal_coherence": 0.927 }, "geometry": { "type": "Point", "coordinates": [ 14.24307, 40.88466 ] } },
{ "type": "Feature", "properties": { "pid": "CFsynt_001200", "mean_velocity": 25.53, "temporal_coherence": 0.763 }, "geometry": { "type": "Point", "coordinates": [ 14.194262, 40.827374 ] } },
{ "type": "Feature", "properties": { "pid": "CFsynt_001201", "mean_velocity": 30.89, "temporal_coherence": 0.98 }, "geometry": { "type": "Point", "coordinates": [ 14.189764, 40.821903 ] } },
{ "type": "Feature", "properties": { "pid": "CFsynt_001206", "mean_velocity": 7.81, "temporal_coherence": 0.832 }, "geometry": { "type": "Point", "coordinates": [ 14.204452, 40.857878 ] } },
{ "type": "Feature", "properties": { "pid": "CFsynt_001208", "mean_velocity": 20.89, "temporal_coherence": 0.974 }, "geometry": { "type": "Point", "coordinates": [ 14.105454, 40.791257 ] } },
{ "type": "Feature", "properties": { "pid": "CFsynt_001210", "mean_velocity": -1.27, "temporal_coherence": 0.893 }, "geometry": { "type": "Point", "coordinates": [ 14.249794, 40.852567 ] } },
{ "type": "Feature", "properties": { "pid": "CFsynt_001211", "mean_velocity": -5.09, "temporal_coherence": 0.739 }, "geometry": { "type": "Point", "coordinates": [ 14.269717, 40.901673 ] } },
{ "type": "Feature", "properties": { "pid": "CFsynt_001212", "mean_velocity": -3.76, "temporal_coherence": 0.74 }, "geometry": { "type": "Point", "coordinates": [ 14.192755, 40.878574 ] } },
{ "type": "Feature", "properties": { "pid": "CFsynt_001214", "mean_velocity": -4.89, "temporal_coherence": 0.836 }, "geometry": { "type": "Point", "coordinates": [ 14.108502, 40.906748 ] } },
{ "type": "Feature", "properties": { "pid": "CFsynt_001218", "mean_velocity": -1.32, "temporal_coherence": 0.853 }, "geometry": { "type": "Point", "coordinates": [ 14.226229, 40.809529 ] } },
{ "type": "Feature", "properties": { "pid": "CFsynt_001221", "mean_velocity": 19.14, "temporal_coherence": 0.951 }, "geometry": { "type": "Point", "coordinates": [ 14.09156, 40.795665 ] } },
{ "type": "Feature", "properties": { "pid": "CFsynt_001222", "mean_velocity": -3.04, "temporal_coherence": 0.816 }, "geometry": { "type": "Point", "coordinates": [ 14.289408, 40.854281 ] } },
{ "type": "Feature", "properties": { "pid": "CFsynt_001223", "mean_velocity": -2.67, "temporal_coherence": 0.987 }, "geometry": { "type": "Point", "coordinates": [ 14.217424, 40.784413 ] } },
{ "type": "Feature", "properties": { "pid": "CFsynt_001224", "mean_velocity": -2.92, "temporal_coherence": 0.782 }, "geometry": { "type": "Point", "coordinates": [ 14.079869, 40.878671 ] } },
{ "type": "Feature", "properties": { "pid": "CFsynt_001227", "mean_velocity": 63.06, "temporal_coherence": 0.726 }, "geometry": { "type": "Point", "coordinates": [ 14.168067, 40.817472 ] } },
{ "type": "Feature", "properties": { "pid": "CFsynt_001230", "mean_velocity": 35.5, "temporal_coherence": 0.944 }, "geometry": { "type": "Point", "coordinates": [ 14.092402, 40.814539 ] } },
{ "type": "Feature", "properties": { "pid": "CFsynt_001231", "mean_velocity": 11.88, "temporal_coherence": 0.817 }, "geometry": { "type": "Point", "coordinates": [ 14.199874, 40.799972 ] } },
{ "type": "Feature", "properties": { "pid": "CFsynt_001233", "mean_velocity": -4.04, "temporal_coherence": 0.894 }, "geometry": { "type": "Point", "coordinates": [ 14.227063, 40.827294 ] } },
{ "type": "Feature", "properties": { "pid": "CFsynt_001234", "mean_velocity": 12.4, "temporal_coherence": 0.937 }, "geometry": { "type": "Point", "coordinates": [ 14.092087, 40.869053 ] } },
{ "type": "Feature", "properties": { "pid": "CFsynt_001235", "mean_velocity": -4.1, "temporal_coherence": 0.909 }, "geometry": { "type": "Point", "coordinates": [ 14.058756, 40.90075 ] } },
{ "type": "Feature", "properties": { "pid": "CFsynt_001236", "mean_velocity": 32.92, "temporal_coherence": 0.907 }, "geometry": { "type": "Point", "coordinates": [ 14.090026, 40.825624 ] } },
{ "type": "Feature", "properties": { "pid": "CFsynt_001238", "mean_velocity": 18.14, "temporal_coherence": 0.77 }, "geometry": { "type": "Point", "coordinates": [ 14.08108, 40.846771 ] } },
{ "type": "Feature", "properties": { "pid": "CFsynt_001239", "mean_velocity": -2.79, "temporal_coherence": 0.989 }, "geometry": { "type": "Point", "coordinates": [ 14.069061, 40.912369 ] } },
{ "type": "Feature", "properties": { "pid": "CFsynt_001241", "mean_velocity": 68.64, "temporal_coherence": 0.725 }, "geometry": { "type": "Point", "coordinates": [ 14.122915, 40.812181 ] } },
{ "type": "Feature", "properties": { "pid": "CFsynt_001242", "mean_velocity": 6.89, "temporal_coherence": 0.732 }, "geometry": { "type": "Point", "coordinates": [ 14.13462, 40.886646 ] } },
{ "type": "Feature", "properties": { "pid": "CFsynt_001244", "mean_velocity": 70.31, "temporal_coherence": 0.738 }, "geometry": { "type": "Point", "coordinates": [ 14.133637, 40.843779 ] } },
{ "type": "Feature", "properties": { "pid": "CFsynt_001247", "mean_velocity": 19.18, "temporal_coherence": 0.902 }, "geometry": { "type": "Point", "coordinates": [ 14.089563, 40.795452 ] } },
{ "type": "Feature", "properties": { "pid": "CFsynt_001249", "mean_velocity": -1.67, "temporal_coherence": 0.938 }, "geometry": { "type": "Point", "coordinates": [ 14.299603, 40.868171 ] } },
{ "type": "Feature", "properties": { "pid": "CFsynt_001250", "mean_velocity": -5.71, "temporal_coherence": 0.959 }, "geometry": { "type": "Point", "coordinates": [ 14.058951, 40.856266 ] } },
{ "type": "Feature", "properties": { "pid": "CFsynt_001251", "mean_velocity": -2.71, "temporal_coherence": 0.704 }, "geometry": { "type": "Point", "coordinates": [ 14.061147, 40.852509 ] } },
{ "type": "Feature", "properties": { "pid": "CFsynt_001252", "mean_velocity": -4.85, "temporal_coherence": 0.858 }, "geometry": { "type": "Point", "coordinates": [ 14.063445, 40.913614 ] } },
{ "type": "Feature", "properties": { "pid": "CFsynt_001253", "mean_velocity": -2.57, "temporal_coherence": 0.792 }, "geometry": { "type": "Point", "coordinates": [ 14.209675, 40.869957 ] } },
{ "type": "Feature", "properties": { "pid": "CFsynt_001254", "mean_velocity": -7.13, "temporal_coherence": 0.778 }, "geometry": { "type": "Point", "coordinates": [ 14.065371, 40.856787 ] } },
{ "type": "Feature", "properties": { "pid": "CFsynt_001256", "mean_velocity": -0.12, "temporal_coherence": 0.908 }, "geometry": { "type": "Point", "coordinates": [ 14.248739, 40.840695 ] } },
{ "type": "Feature", "properties": { "pid": "CFsynt_001261", "mean_velocity": -2.1, "temporal_coherence": 0.89 }, "geometry": { "type": "Point", "coordinates": [ 14.146367, 40.9088 ] } },
{ "type": "Feature", "properties": { "pid": "CFsynt_001264", "mean_velocity": 10.28, "temporal_coherence": 0.729 }, "geometry": { "type": "Point", "coordinates": [ 14.19729, 40.861237 ] } },
{ "type": "Feature", "properties": { "pid": "CFsynt_001266", "mean_velocity": 18.3, "temporal_coherence": 0.809 }, "geometry": { "type": "Point", "coordinates": [ 14.079399, 40.817668 ] } },
{ "type": "Feature", "properties": { "pid": "CFsynt_001269", "mean_velocity": 55.95, "temporal_coherence": 0.88 }, "geometry": { "type": "Point", "coordinates": [ 14.173165, 40.824403 ] } },
{ "type": "Feature", "properties": { "pid": "CFsynt_001273", "mean_velocity": 14.74, "temporal_coherence": 0.862 }, "geometry": { "type": "Point", "coordinates": [ 14.199578, 40.803097 ] } },
{ "type": "Feature", "properties": { "pid": "CFsynt_001274", "mean_velocity": -0.21, "temporal_coherence": 0.946 }, "geometry": { "type": "Point", "coordinates": [ 14.067135, 40.887775 ] } },
{ "type": "Feature", "properties": { "pid": "CFsynt_001275", "mean_velocity": -1.26, "temporal_coherence": 0.883 }, "geometry": { "type": "Point", "coordinates": [ 14.123115, 40.896232 ] } },
{ "type": "Feature", "properties": { "pid": "CFsynt_001276", "mean_velocity": 31.87, "temporal_coherence": 0.898 }, "geometry": { "type": "Point", "coordinates": [ 14.08603, 40.830635 ] } },
{ "type": "Feature", "properties": { "pid": "CFsynt_001277", "mean_velocity": -3.72, "temporal_coherence": 0.874 }, "geometry": { "type": "Point", "coordinates": [ 14.059952, 40.878216 ] } },
{ "type": "Feature", "properties": { "pid": "CFsynt_001278", "mean_velocity": -2.91, "temporal_coherence": 0.755 }, "geometry": { "type": "Point", "coordinates": [ 14.281182, 40.870189 ] } },
{ "type": "Feature", "properties": { "pid": "CFsynt_001279", "mean_velocity": -2.91, "temporal_coherence": 0.852 }, "geometry": { "type": "Point", "coordinates": [ 14.200906, 40.893159 ] } },
{ "type": "Feature", "properties": { "pid": "CFsynt_001280", "mean_velocity": 7.32, "temporal_coherence": 0.926 }, "geometry": { "type": "Point", "coordinates": [ 14.134015, 40.889359 ] } },
{ "type": "Feature", "properties": { "pid": "CFsynt_001282", "mean_velocity": 29.69, "temporal_coherence": 0.74 }, "geometry": { "type": "Point", "coordinates": [ 14.155141, 40.788485 ] } },
{ "type": "Feature", "properties": { "pid": "CFsynt_001286", "mean_velocity": -0.47, "temporal_coherence": 0.966 }, "geometry": { "type": "Point", "coordinates": [ 14.143533, 40.903534 ] } },
{ "type": "Feature", "properties": { "pid": "CFsynt_001289", "mean_velocity": 13.92, "temporal_coherence": 0.945 }, "geometry": { "type": "Point", "coordinates": [ 14.194701, 40.793702 ] } },
{ "type": "Feature", "properties": { "pid": "CFsynt_001290", "mean_velocity": 68.74, "temporal_coherence": 0.836 }, "geometry": { "type": "Point", "coordinates": [ 14.163927, 40.826309 ] } },
{ "type": "Feature", "properties": { "pid": "CFsynt_001291", "mean_velocity": -2.1, "temporal_coherence": 0.829 }, "geometry": { "type": "Point", "coordinates": [ 14.221038, 40.808076 ] } },
{ "type": "Feature", "properties": { "pid": "CFsynt_001292", "mean_velocity": -1.9, "temporal_coherence": 0.72 }, "geometry": { "type": "Point", "coordinates": [ 14.190776, 40.909208 ] } },
{ "type": "Feature", "properties": { "pid": "CFsynt_001293", "mean_velocity": 23.11, "temporal_coherence": 0.932 }, "geometry": { "type": "Point", "coordinates": [ 14.123008, 40.786001 ] } },
{ "type": "Feature", "properties": { "pid": "CFsynt_001294", "mean_velocity": 17.48, "temporal_coherence": 0.9 }, "geometry": { "type": "Point", "coordinates": [ 14.130262, 40.876312 ] } },
{ "type": "Feature", "properties": { "pid": "CFsynt_001299", "mean_velocity": 17.75, "temporal_coherence": 0.892 }, "geometry": { "type": "Point", "coordinates": [ 14.142838, 40.875754 ] } },
{ "type": "Feature", "properties": { "pid": "CFsynt_001300", "mean_velocity": 32.76, "temporal_coherence": 0.709 }, "geometry": { "type": "Point", "coordinates": [ 14.092216, 40.842136 ] } },
{ "type": "Feature", "properties": { "pid": "CFsynt_001301", "mean_velocity": -4.14, "temporal_coherence": 0.742 }, "geometry": { "type": "Point", "coordinates": [ 14.193175, 40.878745 ] } },
{ "type": "Feature", "properties": { "pid": "CFsynt_001302", "mean_velocity": -1.36, "temporal_coherence": 0.967 }, "geometry": { "type": "Point", "coordinates": [ 14.249106, 40.918228 ] } },
{ "type": "Feature", "properties": { "pid": "CFsynt_001303", "mean_velocity": 42.88, "temporal_coherence": 0.811 }, "geometry": { "type": "Point", "coordinates": [ 14.104652, 40.845883 ] } },
{ "type": "Feature", "properties": { "pid": "CFsynt_001304", "mean_velocity": 2.08, "temporal_coherence": 0.826 }, "geometry": { "type": "Point", "coordinates": [ 14.269769, 40.855638 ] } },
{ "type": "Feature", "properties": { "pid": "CFsynt_001307", "mean_velocity": -4.47, "temporal_coherence": 0.762 }, "geometry": { "type": "Point", "coordinates": [ 14.223995, 40.901673 ] } },
{ "type": "Feature", "properties": { "pid": "CFsynt_001310", "mean_velocity": 86.04, "temporal_coherence": 0.972 }, "geometry": { "type": "Point", "coordinates": [ 14.143821, 40.829628 ] } },
{ "type": "Feature", "properties": { "pid": "CFsynt_001311", "mean_velocity": -0.79, "temporal_coherence": 0.782 }, "geometry": { "type": "Point", "coordinates": [ 14.297931, 40.810407 ] } },
{ "type": "Feature", "properties": { "pid": "CFsynt_001312", "mean_velocity": 21.81, "temporal_coherence": 0.79 }, "geometry": { "type": "Point", "coordinates": [ 14.197903, 40.832451 ] } },
{ "type": "Feature", "properties": { "pid": "CFsynt_001315", "mean_velocity": -1.95, "temporal_coherence": 0.921 }, "geometry": { "type": "Point", "coordinates": [ 14.227321, 40.791052 ] } },
{ "type": "Feature", "properties": { "pid": "CFsynt_001316", "mean_velocity": 2.29, "temporal_coherence": 0.741 }, "geometry": { "type": "Point", "coordinates": [ 14.193174, 40.916486 ] } },
{ "type": "Feature", "properties": { "pid": "CFsynt_001318", "mean_velocity": -4.14, "temporal_coherence": 0.916 }, "geometry": { "type": "Point", "coordinates": [ 14.245603, 40.842545 ] } },
{ "type": "Feature", "properties": { "pid": "CFsynt_001319", "mean_velocity": -3.01, "temporal_coherence": 0.827 }, "geometry": { "type": "Point", "coordinates": [ 14.277122, 40.818864 ] } },
{ "type": "Feature", "properties": { "pid": "CFsynt_001324", "mean_velocity": -3.86, "temporal_coherence": 0.956 }, "geometry": { "type": "Point", "coordinates": [ 14.125908, 40.891528 ] } },
{ "type": "Feature", "properties": { "pid": "CFsynt_001325", "mean_velocity": -4.16, "temporal_coherence": 0.908 }, "geometry": { "type": "Point", "coordinates": [ 14.284841, 40.822868 ] } },
{ "type": "Feature", "properties": { "pid": "CFsynt_001329", "mean_velocity": 18.08, "temporal_coherence": 0.912 }, "geometry": { "type": "Point", "coordinates": [ 14.076571, 40.836744 ] } },
{ "type": "Feature", "properties": { "pid": "CFsynt_001330", "mean_velocity": -0.95, "temporal_coherence": 0.967 }, "geometry": { "type": "Point", "coordinates": [ 14.254723, 40.798078 ] } },
{ "type": "Feature", "properties": { "pid": "CFsynt_001331", "mean_velocity": -5.83, "temporal_coherence": 0.872 }, "geometry": { "type": "Point", "coordinates": [ 14.174011, 40.919415 ] } },
{ "type": "Feature", "properties": { "pid": "CFsynt_001332", "mean_velocity": 38.45, "temporal_coherence": 0.916 }, "geometry": { "type": "Point", "coordinates": [ 14.185581, 40.825011 ] } },
{ "type": "Feature", "properties": { "pid": "CFsynt_001336", "mean_velocity": -3.78, "temporal_coherence": 0.967 }, "geometry": { "type": "Point", "coordinates": [ 14.084407, 40.875629 ] } },
{ "type": "Feature", "properties": { "pid": "CFsynt_001337", "mean_velocity": 14.31, "temporal_coherence": 0.722 }, "geometry": { "type": "Point", "coordinates": [ 14.202339, 40.847885 ] } },
{ "type": "Feature", "properties": { "pid": "CFsynt_001338", "mean_velocity": -2.06, "temporal_coherence": 0.766 }, "geometry": { "type": "Point", "coordinates": [ 14.284663, 40.783786 ] } },
{ "type": "Feature", "properties": { "pid": "CFsynt_001340", "mean_velocity": -1.76, "temporal_coherence": 0.723 }, "geometry": { "type": "Point", "coordinates": [ 14.059321, 40.858427 ] } },
{ "type": "Feature", "properties": { "pid": "CFsynt_001341", "mean_velocity": -4.24, "temporal_coherence": 0.762 }, "geometry": { "type": "Point", "coordinates": [ 14.265179, 40.81131 ] } },
{ "type": "Feature", "properties": { "pid": "CFsynt_001342", "mean_velocity": -1.14, "temporal_coherence": 0.715 }, "geometry": { "type": "Point", "coordinates": [ 14.169711, 40.918027 ] } },
{ "type": "Feature", "properties": { "pid": "CFsynt_001345", "mean_velocity": 6.87, "temporal_coherence": 0.986 }, "geometry": { "type": "Point", "coordinates": [ 14.206091, 40.856629 ] } },
{ "type": "Feature", "properties": { "pid": "CFsynt_001347", "mean_velocity": 74.3, "temporal_coherence": 0.713 }, "geometry": { "type": "Point", "coordinates": [ 14.137295, 40.845812 ] } },
{ "type": "Feature", "properties": { "pid": "CFsynt_001348", "mean_velocity": 65.51, "temporal_coherence": 0.906 }, "geometry": { "type": "Point", "coordinates": [ 14.15111, 40.807577 ] } },
{ "type": "Feature", "properties": { "pid": "CFsynt_001349", "mean_velocity": -4.79, "temporal_coherence": 0.848 }, "geometry": { "type": "Point", "coordinates": [ 14.064336, 40.783415 ] } },
{ "type": "Feature", "properties": { "pid": "CFsynt_001351", "mean_velocity": -3.44, "temporal_coherence": 0.8 }, "geometry": { "type": "Point", "coordinates": [ 14.272938, 40.788376 ] } },
{ "type": "Feature", "properties": { "pid": "CFsynt_001354", "mean_velocity": 0.06, "temporal_coherence": 0.82 }, "geometry": { "type": "Point", "coordinates": [ 14.283557, 40.848013 ] } },
{ "type": "Feature", "properties": { "pid": "CFsynt_001356", "mean_velocity": 0.3, "temporal_coherence": 0.921 }, "geometry": { "type": "Point", "coordinates": [ 14.180933, 40.887516 ] } },
{ "type": "Feature", "properties": { "pid": "CFsynt_001357", "mean_velocity": 19.28, "temporal_coherence": 0.729 }, "geometry": { "type": "Point", "coordinates": [ 14.164466, 40.785427 ] } },
{ "type": "Feature", "properties": { "pid": "CFsynt_001359", "mean_velocity": 0.3, "temporal_coherence": 0.768 }, "geometry": { "type": "Point", "coordinates": [ 14.077384, 40.878062 ] } },
{ "type": "Feature", "properties": { "pid": "CFsynt_001360", "mean_velocity": -2.16, "temporal_coherence": 0.791 }, "geometry": { "type": "Point", "coordinates": [ 14.223816, 40.846232 ] } },
{ "type": "Feature", "properties": { "pid": "CFsynt_001361", "mean_velocity": 2.04, "temporal_coherence": 0.947 }, "geometry": { "type": "Point", "coordinates": [ 14.139253, 40.898617 ] } },
{ "type": "Feature", "properties": { "pid": "CFsynt_001364", "mean_velocity": 36.04, "temporal_coherence": 0.971 }, "geometry": { "type": "Point", "coordinates": [ 14.163901, 40.793157 ] } },
{ "type": "Feature", "properties": { "pid": "CFsynt_001366", "mean_velocity": 12.02, "temporal_coherence": 0.705 }, "geometry": { "type": "Point", "coordinates": [ 14.092155, 40.790499 ] } },
{ "type": "Feature", "properties": { "pid": "CFsynt_001367", "mean_velocity": -4.09, "temporal_coherence": 0.936 }, "geometry": { "type": "Point", "coordinates": [ 14.070491, 40.901036 ] } },
{ "type": "Feature", "properties": { "pid": "CFsynt_001372", "mean_velocity": 52.22, "temporal_coherence": 0.892 }, "geometry": { "type": "Point", "coordinates": [ 14.147448, 40.856522 ] } },
{ "type": "Feature", "properties": { "pid": "CFsynt_001373", "mean_velocity": -0.41, "temporal_coherence": 0.972 }, "geometry": { "type": "Point", "coordinates": [ 14.264601, 40.908103 ] } },
{ "type": "Feature", "properties": { "pid": "CFsynt_001375", "mean_velocity": 0.22, "temporal_coherence": 0.955 }, "geometry": { "type": "Point", "coordinates": [ 14.053413, 40.786261 ] } },
{ "type": "Feature", "properties": { "pid": "CFsynt_001378", "mean_velocity": 7.06, "temporal_coherence": 0.743 }, "geometry": { "type": "Point", "coordinates": [ 14.213928, 40.836644 ] } },
{ "type": "Feature", "properties": { "pid": "CFsynt_001387", "mean_velocity": 20.49, "temporal_coherence": 0.788 }, "geometry": { "type": "Point", "coordinates": [ 14.117512, 40.783137 ] } },
{ "type": "Feature", "properties": { "pid": "CFsynt_001394", "mean_velocity": -5.59, "temporal_coherence": 0.975 }, "geometry": { "type": "Point", "coordinates": [ 14.272065, 40.913978 ] } },
{ "type": "Feature", "properties": { "pid": "CFsynt_001396", "mean_velocity": 41.42, "temporal_coherence": 0.751 }, "geometry": { "type": "Point", "coordinates": [ 14.18512, 40.830185 ] } },
{ "type": "Feature", "properties": { "pid": "CFsynt_001397", "mean_velocity": -0.46, "temporal_coherence": 0.73 }, "geometry": { "type": "Point", "coordinates": [ 14.295566, 40.817494 ] } },
{ "type": "Feature", "properties": { "pid": "CFsynt_001399", "mean_velocity": -4.21, "temporal_coherence": 0.878 }, "geometry": { "type": "Point", "coordinates": [ 14.145198, 40.898481 ] } },
{ "type": "Feature", "properties": { "pid": "CFsynt_001403", "mean_velocity": 44.27, "temporal_coherence": 0.748 }, "geometry": { "type": "Point", "coordinates": [ 14.12009, 40.852766 ] } },
{ "type": "Feature", "properties": { "pid": "CFsynt_001407", "mean_velocity": -2.21, "temporal_coherence": 0.965 }, "geometry": { "type": "Point", "coordinates": [ 14.057343, 40.863609 ] } },
{ "type": "Feature", "properties": { "pid": "CFsynt_001408", "mean_velocity": -3.23, "temporal_coherence": 0.751 }, "geometry": { "type": "Point", "coordinates": [ 14.281518, 40.866048 ] } },
{ "type": "Feature", "properties": { "pid": "CFsynt_001409", "mean_velocity": -4.62, "temporal_coherence": 0.879 }, "geometry": { "type": "Point", "coordinates": [ 14.235275, 40.798065 ] } },
{ "type": "Feature", "properties": { "pid": "CFsynt_001410", "mean_velocity": -2.53, "temporal_coherence": 0.839 }, "geometry": { "type": "Point", "coordinates": [ 14.270706, 40.897698 ] } },
{ "type": "Feature", "properties": { "pid": "CFsynt_001414", "mean_velocity": -2.33, "temporal_coherence": 0.895 }, "geometry": { "type": "Point", "coordinates": [ 14.066811, 40.878475 ] } },
{ "type": "Feature", "properties": { "pid": "CFsynt_001415", "mean_velocity": -0.31, "temporal_coherence": 0.705 }, "geometry": { "type": "Point", "coordinates": [ 14.260779, 40.910402 ] } },
{ "type": "Feature", "properties": { "pid": "CFsynt_001417", "mean_velocity": -5.39, "temporal_coherence": 0.813 }, "geometry": { "type": "Point", "coordinates": [ 14.187614, 40.917974 ] } },
{ "type": "Feature", "properties": { "pid": "CFsynt_001418", "mean_velocity": -1.55, "temporal_coherence": 0.947 }, "geometry": { "type": "Point", "coordinates": [ 14.290687, 40.843067 ] } },
{ "type": "Feature", "properties": { "pid": "CFsynt_001421", "mean_velocity": 28.88, "temporal_coherence": 0.877 }, "geometry": { "type": "Point", "coordinates": [ 14.170052, 40.795605 ] } },
{ "type": "Feature", "properties": { "pid": "CFsynt_001422", "mean_velocity": 64.43, "temporal_coherence": 0.797 }, "geometry": { "type": "Point", "coordinates": [ 14.162357, 40.810895 ] } },
{ "type": "Feature", "properties": { "pid": "CFsynt_001423", "mean_velocity": 65.12, "temporal_coherence": 0.874 }, "geometry": { "type": "Point", "coordinates": [ 14.142039, 40.849353 ] } },
{ "type": "Feature", "properties": { "pid": "CFsynt_001424", "mean_velocity": -3.08, "temporal_coherence": 0.705 }, "geometry": { "type": "Point", "coordinates": [ 14.134864, 40.894775 ] } },
{ "type": "Feature", "properties": { "pid": "CFsynt_001425", "mean_velocity": 39.75, "temporal_coherence": 0.957 }, "geometry": { "type": "Point", "coordinates": [ 14.143537, 40.793611 ] } },
{ "type": "Feature", "properties": { "pid": "CFsynt_001427", "mean_velocity": -4.7, "temporal_coherence": 0.874 }, "geometry": { "type": "Point", "coordinates": [ 14.052456, 40.789074 ] } },
{ "type": "Feature", "properties": { "pid": "CFsynt_001428", "mean_velocity": 2.02, "temporal_coherence": 0.732 }, "geometry": { "type": "Point", "coordinates": [ 14.256162, 40.867888 ] } },
{ "type": "Feature", "properties": { "pid": "CFsynt_001430", "mean_velocity": 0.94, "temporal_coherence": 0.898 }, "geometry": { "type": "Point", "coordinates": [ 14.299899, 40.909851 ] } },
{ "type": "Feature", "properties": { "pid": "CFsynt_001433", "mean_velocity": -3.97, "temporal_coherence": 0.762 }, "geometry": { "type": "Point", "coordinates": [ 14.075682, 40.784157 ] } },
{ "type": "Feature", "properties": { "pid": "CFsynt_001437", "mean_velocity": 49.2, "temporal_coherence": 0.818 }, "geometry": { "type": "Point", "coordinates": [ 14.179569, 40.824395 ] } },
{ "type": "Feature", "properties": { "pid": "CFsynt_001440", "mean_velocity": -0.0, "temporal_coherence": 0.777 }, "geometry": { "type": "Point", "coordinates": [ 14.098545, 40.91841 ] } },
{ "type": "Feature", "properties": { "pid": "CFsynt_001442", "mean_velocity": -1.35, "temporal_coherence": 0.928 }, "geometry": { "type": "Point", "coordinates": [ 14.074545, 40.88851 ] } },
{ "type": "Feature", "properties": { "pid": "CFsynt_001445", "mean_velocity": -2.33, "temporal_coherence": 0.969 }, "geometry": { "type": "Point", "coordinates": [ 14.194885, 40.8777 ] } },
{ "type": "Feature", "properties": { "pid": "CFsynt_001446", "mean_velocity": -4.08, "temporal_coherence": 0.796 }, "geometry": { "type": "Point", "coordinates": [ 14.29461, 40.875606 ] } },
{ "type": "Feature", "properties": { "pid": "CFsynt_001447", "mean_velocity": 37.63, "temporal_coherence": 0.934 }, "geometry": { "type": "Point", "coordinates": [ 14.185793, 40.826496 ] } },
{ "type": "Feature", "properties": { "pid": "CFsynt_001448", "mean_velocity": 9.44, "temporal_coherence": 0.707 }, "geometry": { "type": "Point", "coordinates": [ 14.211537, 40.845084 ] } },
{ "type": "Feature", "properties": { "pid": "CFsynt_001449", "mean_velocity": 24.3, "temporal_coherence": 0.969 }, "geometry": { "type": "Point", "coordinates": [ 14.088542, 40.848047 ] } },
{ "type": "Feature", "properties": { "pid": "CFsynt_001450", "mean_velocity": 0.65, "temporal_coherence": 0.871 }, "geometry": { "type": "Point", "coordinates": [ 14.262169, 40.803187 ] } },
{ "type": "Feature", "properties": { "pid": "CFsynt_001451", "mean_velocity": 14.15, "temporal_coherence": 0.873 }, "geometry": { "type": "Point", "coordinates": [ 14.209159, 40.81655 ] } },
{ "type": "Feature", "properties": { "pid": "CFsynt_001455", "mean_velocity": 1.45, "temporal_coherence": 0.96 }, "geometry": { "type": "Point", "coordinates": [ 14.056268, 40.856927 ] } },
{ "type": "Feature", "properties": { "pid": "CFsynt_001456", "mean_velocity": -4.52, "temporal_coherence": 0.891 }, "geometry": { "type": "Point", "coordinates": [ 14.095519, 40.89161 ] } },
{ "type": "Feature", "properties": { "pid": "CFsynt_001457", "mean_velocity": -2.27, "temporal_coherence": 0.879 }, "geometry": { "type": "Point", "coordinates": [ 14.156974, 40.90526 ] } },
{ "type": "Feature", "properties": { "pid": "CFsynt_001459", "mean_velocity": 15.01, "temporal_coherence": 0.971 }, "geometry": { "type": "Point", "coordinates": [ 14.13971, 40.877562 ] } },
{ "type": "Feature", "properties": { "pid": "CFsynt_001460", "mean_velocity": -4.5, "temporal_coherence": 0.959 }, "geometry": { "type": "Point", "coordinates": [ 14.253524, 40.84678 ] } },
{ "type": "Feature", "properties": { "pid": "CFsynt_001461", "mean_velocity": 13.58, "temporal_coherence": 0.731 }, "geometry": { "type": "Point", "coordinates": [ 14.186738, 40.863038 ] } },
{ "type": "Feature", "properties": { "pid": "CFsynt_001466", "mean_velocity": 44.64, "temporal_coherence": 0.827 }, "geometry": { "type": "Point", "coordinates": [ 14.15608, 40.798302 ] } },
{ "type": "Feature", "properties": { "pid": "CFsynt_001468", "mean_velocity": -1.16, "temporal_coherence": 0.873 }, "geometry": { "type": "Point", "coordinates": [ 14.239353, 40.900635 ] } },
{ "type": "Feature", "properties": { "pid": "CFsynt_001469", "mean_velocity": 6.38, "temporal_coherence": 0.825 }, "geometry": { "type": "Point", "coordinates": [ 14.078973, 40.867654 ] } },
{ "type": "Feature", "properties": { "pid": "CFsynt_001471", "mean_velocity": -5.04, "temporal_coherence": 0.92 }, "geometry": { "type": "Point", "coordinates": [ 14.084492, 40.906515 ] } },
{ "type": "Feature", "properties": { "pid": "CFsynt_001472", "mean_velocity": 10.63, "temporal_coherence": 0.76 }, "geometry": { "type": "Point", "coordinates": [ 14.061121, 40.823625 ] } },
{ "type": "Feature", "properties": { "pid": "CFsynt_001474", "mean_velocity": 45.25, "temporal_coherence": 0.886 }, "geometry": { "type": "Point", "coordinates": [ 14.180669, 40.829715 ] } },
{ "type": "Feature", "properties": { "pid": "CFsynt_001475", "mean_velocity": 29.47, "temporal_coherence": 0.776 }, "geometry": { "type": "Point", "coordinates": [ 14.177376, 40.853848 ] } },
{ "type": "Feature", "properties": { "pid": "CFsynt_001476", "mean_velocity": 59.08, "temporal_coherence": 0.759 }, "geometry": { "type": "Point", "coordinates": [ 14.156634, 40.846426 ] } },
{ "type": "Feature", "properties": { "pid": "CFsynt_001478", "mean_velocity": 55.14, "temporal_coherence": 0.809 }, "geometry": { "type": "Point", "coordinates": [ 14.171021, 40.83642 ] } },
{ "type": "Feature", "properties": { "pid": "CFsynt_001480", "mean_velocity": 55.57, "temporal_coherence": 0.929 }, "geometry": { "type": "Point", "coordinates": [ 14.152312, 40.850521 ] } },
{ "type": "Feature", "properties": { "pid": "CFsynt_001482", "mean_velocity": 7.62, "temporal_coherence": 0.953 }, "geometry": { "type": "Point", "coordinates": [ 14.201957, 40.859023 ] } },
{ "type": "Feature", "properties": { "pid": "CFsynt_001484", "mean_velocity": 7.51, "temporal_coherence": 0.766 }, "geometry": { "type": "Point", "coordinates": [ 14.214907, 40.812846 ] } },
{ "type": "Feature", "properties": { "pid": "CFsynt_001492", "mean_velocity": -3.41, "temporal_coherence": 0.749 }, "geometry": { "type": "Point", "coordinates": [ 14.217973, 40.897201 ] } },
{ "type": "Feature", "properties": { "pid": "CFsynt_001496", "mean_velocity": -0.41, "temporal_coherence": 0.892 }, "geometry": { "type": "Point", "coordinates": [ 14.278306, 40.819804 ] } },
{ "type": "Feature", "properties": { "pid": "CFsynt_001498", "mean_velocity": 12.84, "temporal_coherence": 0.943 }, "geometry": { "type": "Point", "coordinates": [ 14.130825, 40.879117 ] } },
{ "type": "Feature", "properties": { "pid": "CFsynt_001500", "mean_velocity": -3.11, "temporal_coherence": 0.963 }, "geometry": { "type": "Point", "coordinates": [ 14.224838, 40.850277 ] } },
{ "type": "Feature", "properties": { "pid": "CFsynt_001502", "mean_velocity": 45.39, "temporal_coherence": 0.947 }, "geometry": { "type": "Point", "coordinates": [ 14.137565, 40.793881 ] } },
{ "type": "Feature", "properties": { "pid": "CFsynt_001503", "mean_velocity": 75.66, "temporal_coherence": 0.716 }, "geometry": { "type": "Point", "coordinates": [ 14.153274, 40.839882 ] } },
{ "type": "Feature", "properties": { "pid": "CFsynt_001504", "mean_velocity": -3.19, "temporal_coherence": 0.824 }, "geometry": { "type": "Point", "coordinates": [ 14.265516, 40.855855 ] } },
{ "type": "Feature", "properties": { "pid": "CFsynt_001505", "mean_velocity": 0.11, "temporal_coherence": 0.85 }, "geometry": { "type": "Point", "coordinates": [ 14.176671, 40.892402 ] } },
{ "type": "Feature", "properties": { "pid": "CFsynt_001507", "mean_velocity": -6.18, "temporal_coherence": 0.837 }, "geometry": { "type": "Point", "coordinates": [ 14.163316, 40.91269 ] } },
{ "type": "Feature", "properties": { "pid": "CFsynt_001508", "mean_velocity": 11.73, "temporal_coherence": 0.716 }, "geometry": { "type": "Point", "coordinates": [ 14.092494, 40.871873 ] } },
{ "type": "Feature", "properties": { "pid": "CFsynt_001509", "mean_velocity": -5.06, "temporal_coherence": 0.702 }, "geometry": { "type": "Point", "coordinates": [ 14.246109, 40.865055 ] } },
{ "type": "Feature", "properties": { "pid": "CFsynt_001510", "mean_velocity": -2.89, "temporal_coherence": 0.852 }, "geometry": { "type": "Point", "coordinates": [ 14.068035, 40.868574 ] } },
{ "type": "Feature", "properties": { "pid": "CFsynt_001511", "mean_velocity": 16.87, "temporal_coherence": 0.962 }, "geometry": { "type": "Point", "coordinates": [ 14.087589, 40.858132 ] } },
{ "type": "Feature", "properties": { "pid": "CFsynt_001513", "mean_velocity": -0.8, "temporal_coherence": 0.916 }, "geometry": { "type": "Point", "coordinates": [ 14.246708, 40.885693 ] } },
{ "type": "Feature", "properties": { "pid": "CFsynt_001514", "mean_velocity": -1.34, "temporal_coherence": 0.712 }, "geometry": { "type": "Point", "coordinates": [ 14.289459, 40.888941 ] } },
{ "type": "Feature", "properties": { "pid": "CFsynt_001515", "mean_velocity": 42.03, "temporal_coherence": 0.802 }, "geometry": { "type": "Point", "coordinates": [ 14.10905, 40.852246 ] } },
{ "type": "Feature", "properties": { "pid": "CFsynt_001516", "mean_velocity": -4.08, "temporal_coherence": 0.745 }, "geometry": { "type": "Point", "coordinates": [ 14.06211, 40.91667 ] } },
{ "type": "Feature", "properties": { "pid": "CFsynt_001518", "mean_velocity": 14.83, "temporal_coherence": 0.865 }, "geometry": { "type": "Point", "coordinates": [ 14.074783, 40.82528 ] } },
{ "type": "Feature", "properties": { "pid": "CFsynt_001521", "mean_velocity": 40.31, "temporal_coherence": 0.96 }, "geometry": { "type": "Point", "coordinates": [ 14.183523, 40.823324 ] } },
{ "type": "Feature", "properties": { "pid": "CFsynt_001522", "mean_velocity": -5.14, "temporal_coherence": 0.805 }, "geometry": { "type": "Point", "coordinates": [ 14.286019, 40.843179 ] } },
{ "type": "Feature", "properties": { "pid": "CFsynt_001523", "mean_velocity": -3.96, "temporal_coherence": 0.805 }, "geometry": { "type": "Point", "coordinates": [ 14.250558, 40.790037 ] } },
{ "type": "Feature", "properties": { "pid": "CFsynt_001524", "mean_velocity": -2.47, "temporal_coherence": 0.745 }, "geometry": { "type": "Point", "coordinates": [ 14.235366, 40.794079 ] } },
{ "type": "Feature", "properties": { "pid": "CFsynt_001525", "mean_velocity": 14.2, "temporal_coherence": 0.901 }, "geometry": { "type": "Point", "coordinates": [ 14.080802, 40.801438 ] } },
{ "type": "Feature", "properties": { "pid": "CFsynt_001526", "mean_velocity": -0.21, "temporal_coherence": 0.816 }, "geometry": { "type": "Point", "coordinates": [ 14.133728, 40.900492 ] } },
{ "type": "Feature", "properties": { "pid": "CFsynt_001527", "mean_velocity": -2.05, "temporal_coherence": 0.767 }, "geometry": { "type": "Point", "coordinates": [ 14.168737, 40.898832 ] } },
{ "type": "Feature", "properties": { "pid": "CFsynt_001528", "mean_velocity": 15.15, "temporal_coherence": 0.861 }, "geometry": { "type": "Point", "coordinates": [ 14.072754, 40.828929 ] } },
{ "type": "Feature", "properties": { "pid": "CFsynt_001529", "mean_velocity": 25.99, "temporal_coherence": 0.795 }, "geometry": { "type": "Point", "coordinates": [ 14.109295, 40.791026 ] } },
{ "type": "Feature", "properties": { "pid": "CFsynt_001532", "mean_velocity": 30.49, "temporal_coherence": 0.71 }, "geometry": { "type": "Point", "coordinates": [ 14.18957, 40.83043 ] } },
{ "type": "Feature", "properties": { "pid": "CFsynt_001534", "mean_velocity": -1.55, "temporal_coherence": 0.8 }, "geometry": { "type": "Point", "coordinates": [ 14.05028, 40.820054 ] } },
{ "type": "Feature", "properties": { "pid": "CFsynt_001537", "mean_velocity": -1.0, "temporal_coherence": 0.892 }, "geometry": { "type": "Point", "coordinates": [ 14.246917, 40.908076 ] } },
{ "type": "Feature", "properties": { "pid": "CFsynt_001538", "mean_velocity": -4.28, "temporal_coherence": 0.727 }, "geometry": { "type": "Point", "coordinates": [ 14.266371, 40.783268 ] } },
{ "type": "Feature", "properties": { "pid": "CFsynt_001539", "mean_velocity": 62.14, "temporal_coherence": 0.989 }, "geometry": { "type": "Point", "coordinates": [ 14.15999, 40.808254 ] } },
{ "type": "Feature", "properties": { "pid": "CFsynt_001541", "mean_velocity": 46.91, "temporal_coherence": 0.763 }, "geometry": { "type": "Point", "coordinates": [ 14.099818, 40.829039 ] } },
{ "type": "Feature", "properties": { "pid": "CFsynt_001542", "mean_velocity": 15.4, "temporal_coherence": 0.961 }, "geometry": { "type": "Point", "coordinates": [ 14.134635, 40.876713 ] } },
{ "type": "Feature", "properties": { "pid": "CFsynt_001544", "mean_velocity": 33.97, "temporal_coherence": 0.74 }, "geometry": { "type": "Point", "coordinates": [ 14.165571, 40.859142 ] } },
{ "type": "Feature", "properties": { "pid": "CFsynt_001545", "mean_velocity": 80.39, "temporal_coherence": 0.749 }, "geometry": { "type": "Point", "coordinates": [ 14.143697, 40.814962 ] } },
{ "type": "Feature", "properties": { "pid": "CFsynt_001546", "mean_velocity": 25.76, "temporal_coherence": 0.727 }, "geometry": { "type": "Point", "coordinates": [ 14.099869, 40.855751 ] } },
{ "type": "Feature", "properties": { "pid": "CFsynt_001548", "mean_velocity": 18.83, "temporal_coherence": 0.723 }, "geometry": { "type": "Point", "coordinates": [ 14.121016, 40.780227 ] } },
{ "type": "Feature", "properties": { "pid": "CFsynt_001550", "mean_velocity": -2.29, "temporal_coherence": 0.975 }, "geometry": { "type": "Point", "coordinates": [ 14.067958, 40.919158 ] } },
{ "type": "Feature", "properties": { "pid": "CFsynt_001551", "mean_velocity": 11.41, "temporal_coherence": 0.745 }, "geometry": { "type": "Point", "coordinates": [ 14.157258, 40.88083 ] } },
{ "type": "Feature", "properties": { "pid": "CFsynt_001552", "mean_velocity": 65.69, "temporal_coherence": 0.887 }, "geometry": { "type": "Point", "coordinates": [ 14.11786, 40.813699 ] } },
{ "type": "Feature", "properties": { "pid": "CFsynt_001553", "mean_velocity": 54.55, "temporal_coherence": 0.782 }, "geometry": { "type": "Point", "coordinates": [ 14.137089, 40.799809 ] } },
{ "type": "Feature", "properties": { "pid": "CFsynt_001554", "mean_velocity": 2.58, "temporal_coherence": 0.954 }, "geometry": { "type": "Point", "coordinates": [ 14.098439, 40.882954 ] } },
{ "type": "Feature", "properties": { "pid": "CFsynt_001556", "mean_velocity": -3.08, "temporal_coherence": 0.842 }, "geometry": { "type": "Point", "coordinates": [ 14.299701, 40.813845 ] } },
{ "type": "Feature", "properties": { "pid": "CFsynt_001557", "mean_velocity": 50.98, "temporal_coherence": 0.765 }, "geometry": { "type": "Point", "coordinates": [ 14.1744, 40.817881 ] } },
{ "type": "Feature", "properties": { "pid": "CFsynt_001558", "mean_velocity": -8.22, "temporal_coherence": 0.81 }, "geometry": { "type": "Point", "coordinates": [ 14.21647, 40.913763 ] } },
{ "type": "Feature", "properties": { "pid": "CFsynt_001562", "mean_velocity": -5.36, "temporal_coherence": 0.897 }, "geometry": { "type": "Point", "coordinates": [ 14.288036, 40.781656 ] } },
{ "type": "Feature", "properties": { "pid": "CFsynt_001563", "mean_velocity": -4.81, "temporal_coherence": 0.834 }, "geometry": { "type": "Point", "coordinates": [ 14.293496, 40.8392 ] } },
{ "type": "Feature", "properties": { "pid": "CFsynt_001565", "mean_velocity": -2.68, "temporal_coherence": 0.707 }, "geometry": { "type": "Point", "coordinates": [ 14.16367, 40.919096 ] } },
{ "type": "Feature", "properties": { "pid": "CFsynt_001570", "mean_velocity": 17.37, "temporal_coherence": 0.772 }, "geometry": { "type": "Point", "coordinates": [ 14.148135, 40.877024 ] } },
{ "type": "Feature", "properties": { "pid": "CFsynt_001580", "mean_velocity": -3.6, "temporal_coherence": 0.885 }, "geometry": { "type": "Point", "coordinates": [ 14.288071, 40.806537 ] } },
{ "type": "Feature", "properties": { "pid": "CFsynt_001581", "mean_velocity": 3.42, "temporal_coherence": 0.985 }, "geometry": { "type": "Point", "coordinates": [ 14.121161, 40.912448 ] } },
{ "type": "Feature", "properties": { "pid": "CFsynt_001582", "mean_velocity": 31.1, "temporal_coherence": 0.726 }, "geometry": { "type": "Point", "coordinates": [ 14.146482, 40.788887 ] } },
{ "type": "Feature", "properties": { "pid": "CFsynt_001583", "mean_velocity": 1.71, "temporal_coherence": 0.744 }, "geometry": { "type": "Point", "coordinates": [ 14.107745, 40.902317 ] } },
{ "type": "Feature", "properties": { "pid": "CFsynt_001584", "mean_velocity": 8.98, "temporal_coherence": 0.92 }, "geometry": { "type": "Point", "coordinates": [ 14.205827, 40.859803 ] } },
{ "type": "Feature", "properties": { "pid": "CFsynt_001586", "mean_velocity": 28.4, "temporal_coherence": 0.774 }, "geometry": { "type": "Point", "coordinates": [ 14.129946, 40.78623 ] } },
{ "type": "Feature", "properties": { "pid": "CFsynt_001588", "mean_velocity": 18.69, "temporal_coherence": 0.96 }, "geometry": { "type": "Point", "coordinates": [ 14.115927, 40.871238 ] } },
{ "type": "Feature", "properties": { "pid": "CFsynt_001589", "mean_velocity": 21.77, "temporal_coherence": 0.751 }, "geometry": { "type": "Point", "coordinates": [ 14.079242, 40.839089 ] } },
{ "type": "Feature", "properties": { "pid": "CFsynt_001590", "mean_velocity": 32.32, "temporal_coherence": 0.984 }, "geometry": { "type": "Point", "coordinates": [ 14.086604, 40.826803 ] } },
{ "type": "Feature", "properties": { "pid": "CFsynt_001594", "mean_velocity": -2.65, "temporal_coherence": 0.87 }, "geometry": { "type": "Point", "coordinates": [ 14.271895, 40.870916 ] } },
{ "type": "Feature", "properties": { "pid": "CFsynt_001596", "mean_velocity": 22.47, "temporal_coherence": 0.871 }, "geometry": { "type": "Point", "coordinates": [ 14.085657, 40.81387 ] } },
{ "type": "Feature", "properties": { "pid": "CFsynt_001597", "mean_velocity": -2.16, "temporal_coherence": 0.736 }, "geometry": { "type": "Point", "coordinates": [ 14.080884, 40.886667 ] } },
{ "type": "Feature", "properties": { "pid": "CFsynt_001598", "mean_velocity": -2.69, "temporal_coherence": 0.884 }, "geometry": { "type": "Point", "coordinates": [ 14.265477, 40.832801 ] } },
{ "type": "Feature", "properties": { "pid": "CFsynt_001599", "mean_velocity": 16.36, "temporal_coherence": 0.79 }, "geometry": { "type": "Point", "coordinates": [ 14.106766, 40.868 ] } },
{ "type": "Feature", "properties": { "pid": "CFsynt_001602", "mean_velocity": 1.36, "temporal_coherence": 0.884 }, "geometry": { "type": "Point", "coordinates": [ 14.226535, 40.852271 ] } },
{ "type": "Feature", "properties": { "pid": "CFsynt_001603", "mean_velocity": -2.06, "temporal_coherence": 0.797 }, "geometry": { "type": "Point", "coordinates": [ 14.266197, 40.863295 ] } },
{ "type": "Feature", "properties": { "pid": "CFsynt_001608", "mean_velocity": 76.07, "temporal_coherence": 0.872 }, "geometry": { "type": "Point", "coordinates": [ 14.154688, 40.818075 ] } },
{ "type": "Feature", "properties": { "pid": "CFsynt_001612", "mean_velocity": -0.37, "temporal_coherence": 0.853 }, "geometry": { "type": "Point", "coordinates": [ 14.253836, 40.880226 ] } },
{ "type": "Feature", "properties": { "pid": "CFsynt_001613", "mean_velocity": 88.23, "temporal_coherence": 0.744 }, "geometry": { "type": "Point", "coordinates": [ 14.139712, 40.834747 ] } },
{ "type": "Feature", "properties": { "pid": "CFsynt_001614", "mean_velocity": 0.67, "temporal_coherence": 0.794 }, "geometry": { "type": "Point", "coordinates": [ 14.272186, 40.832583 ] } },
{ "type": "Feature", "properties": { "pid": "CFsynt_001615", "mean_velocity": 0.96, "temporal_coherence": 0.973 }, "geometry": { "type": "Point", "coordinates": [ 14.091792, 40.905608 ] } },
{ "type": "Feature", "properties": { "pid": "CFsynt_001620", "mean_velocity": 32.07, "temporal_coherence": 0.703 }, "geometry": { "type": "Point", "coordinates": [ 14.090319, 40.817579 ] } },
{ "type": "Feature", "properties": { "pid": "CFsynt_001621", "mean_velocity": -3.48, "temporal_coherence": 0.858 }, "geometry": { "type": "Point", "coordinates": [ 14.180485, 40.89354 ] } },
{ "type": "Feature", "properties": { "pid": "CFsynt_001623", "mean_velocity": -1.73, "temporal_coherence": 0.964 }, "geometry": { "type": "Point", "coordinates": [ 14.055822, 40.784851 ] } },
{ "type": "Feature", "properties": { "pid": "CFsynt_001624", "mean_velocity": 82.0, "temporal_coherence": 0.947 }, "geometry": { "type": "Point", "coordinates": [ 14.144618, 40.83512 ] } },
{ "type": "Feature", "properties": { "pid": "CFsynt_001630", "mean_velocity": 37.47, "temporal_coherence": 0.881 }, "geometry": { "type": "Point", "coordinates": [ 14.169031, 40.851597 ] } },
{ "type": "Feature", "properties": { "pid": "CFsynt_001631", "mean_velocity": -0.59, "temporal_coherence": 0.706 }, "geometry": { "type": "Point", "coordinates": [ 14.279926, 40.886353 ] } },
{ "type": "Feature", "properties": { "pid": "CFsynt_001632", "mean_velocity": -3.97, "temporal_coherence": 0.901 }, "geometry": { "type": "Point", "coordinates": [ 14.216253, 40.919648 ] } },
{ "type": "Feature", "properties": { "pid": "CFsynt_001633", "mean_velocity": -4.79, "temporal_coherence": 0.865 }, "geometry": { "type": "Point", "coordinates": [ 14.230217, 40.863855 ] } },
{ "type": "Feature", "properties": { "pid": "CFsynt_001636", "mean_velocity": 60.26, "temporal_coherence": 0.815 }, "geometry": { "type": "Point", "coordinates": [ 14.146973, 40.849446 ] } },
{ "type": "Feature", "properties": { "pid": "CFsynt_001638", "mean_velocity": 18.74, "temporal_coherence": 0.81 }, "geometry": { "type": "Point", "coordinates": [ 14.101304, 40.863072 ] } },
{ "type": "Feature", "properties": { "pid": "CFsynt_001639", "mean_velocity": -2.13, "temporal_coherence": 0.705 }, "geometry": { "type": "Point", "coordinates": [ 14.241646, 40.827129 ] } },
{ "type": "Feature", "properties": { "pid": "CFsynt_001642", "mean_velocity": 61.54, "temporal_coherence": 0.856 }, "geometry": { "type": "Point", "coordinates": [ 14.165787, 40.818888 ] } },
{ "type": "Feature", "properties": { "pid": "CFsynt_001643", "mean_velocity": -2.18, "temporal_coherence": 0.971 }, "geometry": { "type": "Point", "coordinates": [ 14.088163, 40.88686 ] } },
{ "type": "Feature", "properties": { "pid": "CFsynt_001644", "mean_velocity": -2.15, "temporal_coherence": 0.892 }, "geometry": { "type": "Point", "coordinates": [ 14.083759, 40.884963 ] } },
{ "type": "Feature", "properties": { "pid": "CFsynt_001645", "mean_velocity": 49.06, "temporal_coherence": 0.799 }, "geometry": { "type": "Point", "coordinates": [ 14.16451, 40.805699 ] } },
{ "type": "Feature", "properties": { "pid": "CFsynt_001647", "mean_velocity": -0.96, "temporal_coherence": 0.779 }, "geometry": { "type": "Point", "coordinates": [ 14.260858, 40.8293 ] } },
{ "type": "Feature", "properties": { "pid": "CFsynt_001649", "mean_velocity": 0.27, "temporal_coherence": 0.857 }, "geometry": { "type": "Point", "coordinates": [ 14.262789, 40.886046 ] } },
{ "type": "Feature", "properties": { "pid": "CFsynt_001650", "mean_velocity": -6.86, "temporal_coherence": 0.737 }, "geometry": { "type": "Point", "coordinates": [ 14.107149, 40.907561 ] } },
{ "type": "Feature", "properties": { "pid": "CFsynt_001651", "mean_velocity": 37.22, "temporal_coherence": 0.856 }, "geometry": { "type": "Point", "coordinates": [ 14.109499, 40.80004 ] } },
{ "type": "Feature", "properties": { "pid": "CFsynt_001652", "mean_velocity": 35.29, "temporal_coherence": 0.818 }, "geometry": { "type": "Point", "coordinates": [ 14.103871, 40.855082 ] } },
{ "type": "Feature", "properties": { "pid": "CFsynt_001655", "mean_velocity": -0.03, "temporal_coherence": 0.909 }, "geometry": { "type": "Point", "coordinates": [ 14.146594, 40.897117 ] } },
{ "type": "Feature", "properties": { "pid": "CFsynt_001656", "mean_velocity": -6.33, "temporal_coherence": 0.94 }, "geometry": { "type": "Point", "coordinates": [ 14.09516, 40.902812 ] } },
{ "type": "Feature", "properties": { "pid": "CFsynt_001657", "mean_velocity": -0.91, "temporal_coherence": 0.732 }, "geometry": { "type": "Point", "coordinates": [ 14.275535, 40.899753 ] } },
{ "type": "Feature", "properties": { "pid": "CFsynt_001658", "mean_velocity": 29.52, "temporal_coherence": 0.85 }, "geometry": { "type": "Point", "coordinates": [ 14.145767, 40.78563 ] } },
{ "type": "Feature", "properties": { "pid": "CFsynt_001660", "mean_velocity": 24.08, "temporal_coherence": 0.904 }, "geometry": { "type": "Point", "coordinates": [ 14.076963, 40.836088 ] } },
{ "type": "Feature", "properties": { "pid": "CFsynt_001664", "mean_velocity": -3.94, "temporal_coherence": 0.778 }, "geometry": { "type": "Point", "coordinates": [ 14.296045, 40.786163 ] } },
{ "type": "Feature", "properties": { "pid": "CFsynt_001665", "mean_velocity": -0.17, "temporal_coherence": 0.792 }, "geometry": { "type": "Point", "coordinates": [ 14.276789, 40.841157 ] } },
{ "type": "Feature", "properties": { "pid": "CFsynt_001666", "mean_velocity": -1.4, "temporal_coherence": 0.745 }, "geometry": { "type": "Point", "coordinates": [ 14.27603, 40.898889 ] } },
{ "type": "Feature", "properties": { "pid": "CFsynt_001667", "mean_velocity": 42.42, "temporal_coherence": 0.755 }, "geometry": { "type": "Point", "coordinates": [ 14.096022, 40.826214 ] } },
{ "type": "Feature", "properties": { "pid": "CFsynt_001669", "mean_velocity": -0.62, "temporal_coherence": 0.931 }, "geometry": { "type": "Point", "coordinates": [ 14.281553, 40.852106 ] } },
{ "type": "Feature", "properties": { "pid": "CFsynt_001671", "mean_velocity": -2.8, "temporal_coherence": 0.958 }, "geometry": { "type": "Point", "coordinates": [ 14.209486, 40.791297 ] } },
{ "type": "Feature", "properties": { "pid": "CFsynt_001673", "mean_velocity": 10.98, "temporal_coherence": 0.961 }, "geometry": { "type": "Point", "coordinates": [ 14.067205, 40.832283 ] } },
{ "type": "Feature", "properties": { "pid": "CFsynt_001674", "mean_velocity": -3.17, "temporal_coherence": 0.759 }, "geometry": { "type": "Point", "coordinates": [ 14.256443, 40.844239 ] } },
{ "type": "Feature", "properties": { "pid": "CFsynt_001676", "mean_velocity": -4.63, "temporal_coherence": 0.987 }, "geometry": { "type": "Point", "coordinates": [ 14.241229, 40.807766 ] } },
{ "type": "Feature", "properties": { "pid": "CFsynt_001681", "mean_velocity": -6.04, "temporal_coherence": 0.83 }, "geometry": { "type": "Point", "coordinates": [ 14.267947, 40.880564 ] } },
{ "type": "Feature", "properties": { "pid": "CFsynt_001683", "mean_velocity": -1.65, "temporal_coherence": 0.833 }, "geometry": { "type": "Point", "coordinates": [ 14.113478, 40.913132 ] } },
{ "type": "Feature", "properties": { "pid": "CFsynt_001685", "mean_velocity": -3.02, "temporal_coherence": 0.725 }, "geometry": { "type": "Point", "coordinates": [ 14.099118, 40.910193 ] } },
{ "type": "Feature", "properties": { "pid": "CFsynt_001686", "mean_velocity": 34.75, "temporal_coherence": 0.808 }, "geometry": { "type": "Point", "coordinates": [ 14.175834, 40.849511 ] } },
{ "type": "Feature", "properties": { "pid": "CFsynt_001687", "mean_velocity": 5.64, "temporal_coherence": 0.718 }, "geometry": { "type": "Point", "coordinates": [ 14.17653, 40.88118 ] } },
{ "type": "Feature", "properties": { "pid": "CFsynt_001688", "mean_velocity": 22.74, "temporal_coherence": 0.977 }, "geometry": { "type": "Point", "coordinates": [ 14.198967, 40.827328 ] } },
{ "type": "Feature", "properties": { "pid": "CFsynt_001689", "mean_velocity": 88.78, "temporal_coherence": 0.857 }, "geometry": { "type": "Point", "coordinates": [ 14.14458, 40.826352 ] } },
{ "type": "Feature", "properties": { "pid": "CFsynt_001691", "mean_velocity": -0.57, "temporal_coherence": 0.967 }, "geometry": { "type": "Point", "coordinates": [ 14.294815, 40.836282 ] } },
{ "type": "Feature", "properties": { "pid": "CFsynt_001692", "mean_velocity": 49.96, "temporal_coherence": 0.966 }, "geometry": { "type": "Point", "coordinates": [ 14.10155, 40.833504 ] } },
{ "type": "Feature", "properties": { "pid": "CFsynt_001693", "mean_velocity": -6.2, "temporal_coherence": 0.946 }, "geometry": { "type": "Point", "coordinates": [ 14.243592, 40.800462 ] } },
{ "type": "Feature", "properties": { "pid": "CFsynt_001694", "mean_velocity": -4.01, "temporal_coherence": 0.793 }, "geometry": { "type": "Point", "coordinates": [ 14.226612, 40.804518 ] } },
{ "type": "Feature", "properties": { "pid": "CFsynt_001695", "mean_velocity": 16.08, "temporal_coherence": 0.919 }, "geometry": { "type": "Point", "coordinates": [ 14.181696, 40.865145 ] } },
{ "type": "Feature", "properties": { "pid": "CFsynt_001696", "mean_velocity": 24.95, "temporal_coherence": 0.919 }, "geometry": { "type": "Point", "coordinates": [ 14.084674, 40.817199 ] } },
{ "type": "Feature", "properties": { "pid": "CFsynt_001699", "mean_velocity": 2.36, "temporal_coherence": 0.84 }, "geometry": { "type": "Point", "coordinates": [ 14.239333, 40.863976 ] } },
{ "type": "Feature", "properties": { "pid": "CFsynt_001700", "mean_velocity": -3.48, "temporal_coherence": 0.935 }, "geometry": { "type": "Point", "coordinates": [ 14.296179, 40.788808 ] } },
{ "type": "Feature", "properties": { "pid": "CFsynt_001702", "mean_velocity": 40.32, "temporal_coherence": 0.934 }, "geometry": { "type": "Point", "coordinates": [ 14.132095, 40.859458 ] } },
{ "type": "Feature", "properties": { "pid": "CFsynt_001703", "mean_velocity": -0.01, "temporal_coherence": 0.925 }, "geometry": { "type": "Point", "coordinates": [ 14.215085, 40.875614 ] } },
{ "type": "Feature", "properties": { "pid": "CFsynt_001704", "mean_velocity": 63.01, "temporal_coherence": 0.873 }, "geometry": { "type": "Point", "coordinates": [ 14.16744, 40.836936 ] } },
{ "type": "Feature", "properties": { "pid": "CFsynt_001708", "mean_velocity": -3.1, "temporal_coherence": 0.734 }, "geometry": { "type": "Point", "coordinates": [ 14.283906, 40.827145 ] } },
{ "type": "Feature", "properties": { "pid": "CFsynt_001710", "mean_velocity": -1.23, "temporal_coherence": 0.708 }, "geometry": { "type": "Point", "coordinates": [ 14.25846, 40.838268 ] } },
{ "type": "Feature", "properties": { "pid": "CFsynt_001711", "mean_velocity": -6.94, "temporal_coherence": 0.964 }, "geometry": { "type": "Point", "coordinates": [ 14.141007, 40.900281 ] } },
{ "type": "Feature", "properties": { "pid": "CFsynt_001713", "mean_velocity": -3.66, "temporal_coherence": 0.883 }, "geometry": { "type": "Point", "coordinates": [ 14.286224, 40.802439 ] } },
{ "type": "Feature", "properties": { "pid": "CFsynt_001714", "mean_velocity": 62.22, "temporal_coherence": 0.842 }, "geometry": { "type": "Point", "coordinates": [ 14.117383, 40.809264 ] } },
{ "type": "Feature", "properties": { "pid": "CFsynt_001716", "mean_velocity": 42.4, "temporal_coherence": 0.965 }, "geometry": { "type": "Point", "coordinates": [ 14.127688, 40.857185 ] } },
{ "type": "Feature", "properties": { "pid": "CFsynt_001717", "mean_velocity": -1.96, "temporal_coherence": 0.89 }, "geometry": { "type": "Point", "coordinates": [ 14.205845, 40.909559 ] } },
{ "type": "Feature", "properties": { "pid": "CFsynt_001718", "mean_velocity": -2.08, "temporal_coherence": 0.869 }, "geometry": { "type": "Point", "coordinates": [ 14.220959, 40.89844 ] } },
{ "type": "Feature", "properties": { "pid": "CFsynt_001719", "mean_velocity": -1.77, "temporal_coherence": 0.854 }, "geometry": { "type": "Point", "coordinates": [ 14.270583, 40.838802 ] } },
{ "type": "Feature", "properties": { "pid": "CFsynt_001723", "mean_velocity": 27.79, "temporal_coherence": 0.711 }, "geometry": { "type": "Point", "coordinates": [ 14.193422, 40.83186 ] } },
{ "type": "Feature", "properties": { "pid": "CFsynt_001724", "mean_velocity": -0.2, "temporal_coherence": 0.772 }, "geometry": { "type": "Point", "coordinates": [ 14.173725, 40.914191 ] } },
{ "type": "Feature", "properties": { "pid": "CFsynt_001726", "mean_velocity": 22.74, "temporal_coherence": 0.934 }, "geometry": { "type": "Point", "coordinates": [ 14.131, 40.781218 ] } },
{ "type": "Feature", "properties": { "pid": "CFsynt_001727", "mean_velocity": -2.09, "temporal_coherence": 0.856 }, "geometry": { "type": "Point", "coordinates": [ 14.280879, 40.807871 ] } },
{ "type": "Feature", "properties": { "pid": "CFsynt_001729", "mean_velocity": 30.8, "temporal_coherence": 0.711 }, "geometry": { "type": "Point", "coordinates": [ 14.144967, 40.787366 ] } },
{ "type": "Feature", "properties": { "pid": "CFsynt_001732", "mean_velocity": -4.0, "temporal_coherence": 0.845 }, "geometry": { "type": "Point", "coordinates": [ 14.247415, 40.82019 ] } },
{ "type": "Feature", "properties": { "pid": "CFsynt_001733", "mean_velocity": 41.04, "temporal_coherence": 0.706 }, "geometry": { "type": "Point", "coordinates": [ 14.104708, 40.803367 ] } },
{ "type": "Feature", "properties": { "pid": "CFsynt_001734", "mean_velocity": -2.75, "temporal_coherence": 0.925 }, "geometry": { "type": "Point", "coordinates": [ 14.281317, 40.908199 ] } },
{ "type": "Feature", "properties": { "pid": "CFsynt_001735", "mean_velocity": -5.46, "temporal_coherence": 0.941 }, "geometry": { "type": "Point", "coordinates": [ 14.24636, 40.831401 ] } },
{ "type": "Feature", "properties": { "pid": "CFsynt_001737", "mean_velocity": 33.85, "temporal_coherence": 0.877 }, "geometry": { "type": "Point", "coordinates": [ 14.092618, 40.839264 ] } },
{ "type": "Feature", "properties": { "pid": "CFsynt_001740", "mean_velocity": 32.23, "temporal_coherence": 0.8 }, "geometry": { "type": "Point", "coordinates": [ 14.101253, 40.851384 ] } },
{ "type": "Feature", "properties": { "pid": "CFsynt_001741", "mean_velocity": 41.15, "temporal_coherence": 0.852 }, "geometry": { "type": "Point", "coordinates": [ 14.096916, 40.842412 ] } },
{ "type": "Feature", "properties": { "pid": "CFsynt_001744", "mean_velocity": -2.03, "temporal_coherence": 0.869 }, "geometry": { "type": "Point", "coordinates": [ 14.235905, 40.90162 ] } },
{ "type": "Feature", "properties": { "pid": "CFsynt_001748", "mean_velocity": 55.43, "temporal_coherence": 0.948 }, "geometry": { "type": "Point", "coordinates": [ 14.168079, 40.811809 ] } },
{ "type": "Feature", "properties": { "pid": "CFsynt_001749", "mean_velocity": -2.85, "temporal_coherence": 0.823 }, "geometry": { "type": "Point", "coordinates": [ 14.160364, 40.906132 ] } },
{ "type": "Feature", "properties": { "pid": "CFsynt_001750", "mean_velocity": -5.42, "temporal_coherence": 0.94 }, "geometry": { "type": "Point", "coordinates": [ 14.215727, 40.914233 ] } },
{ "type": "Feature", "properties": { "pid": "CFsynt_001751", "mean_velocity": 26.14, "temporal_coherence": 0.84 }, "geometry": { "type": "Point", "coordinates": [ 14.088445, 40.808099 ] } },
{ "type": "Feature", "properties": { "pid": "CFsynt_001753", "mean_velocity": -2.99, "temporal_coherence": 0.896 }, "geometry": { "type": "Point", "coordinates": [ 14.265408, 40.912772 ] } },
{ "type": "Feature", "properties": { "pid": "CFsynt_001754", "mean_velocity": 83.53, "temporal_coherence": 0.935 }, "geometry": { "type": "Point", "coordinates": [ 14.131373, 40.836408 ] } },
{ "type": "Feature", "properties": { "pid": "CFsynt_001756", "mean_velocity": -4.2, "temporal_coherence": 0.731 }, "geometry": { "type": "Point", "coordinates": [ 14.070898, 40.781679 ] } },
{ "type": "Feature", "properties": { "pid": "CFsynt_001758", "mean_velocity": -4.03, "temporal_coherence": 0.854 }, "geometry": { "type": "Point", "coordinates": [ 14.291839, 40.822616 ] } },
{ "type": "Feature", "properties": { "pid": "CFsynt_001759", "mean_velocity": -4.16, "temporal_coherence": 0.909 }, "geometry": { "type": "Point", "coordinates": [ 14.29735, 40.861778 ] } },
{ "type": "Feature", "properties": { "pid": "CFsynt_001760", "mean_velocity": 82.52, "temporal_coherence": 0.847 }, "geometry": { "type": "Point", "coordinates": [ 14.126327, 40.82326 ] } },
{ "type": "Feature", "properties": { "pid": "CFsynt_001762", "mean_velocity": 28.45, "temporal_coherence": 0.705 }, "geometry": { "type": "Point", "coordinates": [ 14.091414, 40.805848 ] } },
{ "type": "Feature", "properties": { "pid": "CFsynt_001763", "mean_velocity": -1.86, "temporal_coherence": 0.771 }, "geometry": { "type": "Point", "coordinates": [ 14.0561, 40.810618 ] } },
{ "type": "Feature", "properties": { "pid": "CFsynt_001764", "mean_velocity": -4.61, "temporal_coherence": 0.893 }, "geometry": { "type": "Point", "coordinates": [ 14.064832, 40.874269 ] } },
{ "type": "Feature", "properties": { "pid": "CFsynt_001767", "mean_velocity": -4.3, "temporal_coherence": 0.719 }, "geometry": { "type": "Point", "coordinates": [ 14.051477, 40.827945 ] } },
{ "type": "Feature", "properties": { "pid": "CFsynt_001769", "mean_velocity": -1.85, "temporal_coherence": 0.973 }, "geometry": { "type": "Point", "coordinates": [ 14.269904, 40.884455 ] } },
{ "type": "Feature", "properties": { "pid": "CFsynt_001774", "mean_velocity": -2.13, "temporal_coherence": 0.817 }, "geometry": { "type": "Point", "coordinates": [ 14.215156, 40.883129 ] } },
{ "type": "Feature", "properties": { "pid": "CFsynt_001775", "mean_velocity": 40.86, "temporal_coherence": 0.716 }, "geometry": { "type": "Point", "coordinates": [ 14.181416, 40.836969 ] } },
{ "type": "Feature", "properties": { "pid": "CFsynt_001776", "mean_velocity": -6.55, "temporal_coherence": 0.904 }, "geometry": { "type": "Point", "coordinates": [ 14.236697, 40.796087 ] } },
{ "type": "Feature", "properties": { "pid": "CFsynt_001777", "mean_velocity": -1.45, "temporal_coherence": 0.955 }, "geometry": { "type": "Point", "coordinates": [ 14.159744, 40.917255 ] } },
{ "type": "Feature", "properties": { "pid": "CFsynt_001778", "mean_velocity": 45.07, "temporal_coherence": 0.791 }, "geometry": { "type": "Point", "coordinates": [ 14.130359, 40.79628 ] } },
{ "type": "Feature", "properties": { "pid": "CFsynt_001779", "mean_velocity": -0.94, "temporal_coherence": 0.908 }, "geometry": { "type": "Point", "coordinates": [ 14.165619, 40.887202 ] } },
{ "type": "Feature", "properties": { "pid": "CFsynt_001781", "mean_velocity": -3.2, "temporal_coherence": 0.817 }, "geometry": { "type": "Point", "coordinates": [ 14.261006, 40.813038 ] } },
{ "type": "Feature", "properties": { "pid": "CFsynt_001782", "mean_velocity": 41.38, "temporal_coherence": 0.939 }, "geometry": { "type": "Point", "coordinates": [ 14.105604, 40.850885 ] } },
{ "type": "Feature", "properties": { "pid": "CFsynt_001783", "mean_velocity": 11.18, "temporal_coherence": 0.705 }, "geometry": { "type": "Point", "coordinates": [ 14.074524, 40.800138 ] } },
{ "type": "Feature", "properties": { "pid": "CFsynt_001784", "mean_velocity": 52.05, "temporal_coherence": 0.79 }, "geometry": { "type": "Point", "coordinates": [ 14.101442, 40.828207 ] } },
{ "type": "Feature", "properties": { "pid": "CFsynt_001786", "mean_velocity": 11.93, "temporal_coherence": 0.924 }, "geometry": { "type": "Point", "coordinates": [ 14.125758, 40.884765 ] } },
{ "type": "Feature", "properties": { "pid": "CFsynt_001787", "mean_velocity": -3.93, "temporal_coherence": 0.856 }, "geometry": { "type": "Point", "coordinates": [ 14.228954, 40.912391 ] } },
{ "type": "Feature", "properties": { "pid": "CFsynt_001788", "mean_velocity": -3.15, "temporal_coherence": 0.958 }, "geometry": { "type": "Point", "coordinates": [ 14.278359, 40.857308 ] } },
{ "type": "Feature", "properties": { "pid": "CFsynt_001789", "mean_velocity": -4.97, "temporal_coherence": 0.977 }, "geometry": { "type": "Point", "coordinates": [ 14.052546, 40.803027 ] } },
{ "type": "Feature", "properties": { "pid": "CFsynt_001790", "mean_velocity": -1.05, "temporal_coherence": 0.878 }, "geometry": { "type": "Point", "coordinates": [ 14.251857, 40.888318 ] } },
{ "type": "Feature", "properties": { "pid": "CFsynt_001791", "mean_velocity": 52.42, "temporal_coherence": 0.763 }, "geometry": { "type": "Point", "coordinates": [ 14.119223, 40.850102 ] } },
{ "type": "Feature", "properties": { "pid": "CFsynt_001792", "mean_velocity": 15.79, "temporal_coherence": 0.823 }, "geometry": { "type": "Point", "coordinates": [ 14.09282, 40.791833 ] } },
{ "type": "Feature", "properties": { "pid": "CFsynt_001793", "mean_velocity": -3.53, "temporal_coherence": 0.805 }, "geometry": { "type": "Point", "coordinates": [ 14.229781, 40.834237 ] } },
{ "type": "Feature", "properties": { "pid": "CFsynt_001794", "mean_velocity": -2.37, "temporal_coherence": 0.746 }, "geometry": { "type": "Point", "coordinates": [ 14.293841, 40.874271 ] } },
{ "type": "Feature", "properties": { "pid": "CFsynt_001795", "mean_velocity": -5.0, "temporal_coherence": 0.945 }, "geometry": { "type": "Point", "coordinates": [ 14.115556, 40.89236 ] } },
{ "type": "Feature", "properties": { "pid": "CFsynt_001796", "mean_velocity": 13.75, "temporal_coherence": 0.838 }, "geometry": { "type": "Point", "coordinates": [ 14.194962, 40.80378 ] } },
{ "type": "Feature", "properties": { "pid": "CFsynt_001798", "mean_velocity": 27.25, "temporal_coherence": 0.882 }, "geometry": { "type": "Point", "coordinates": [ 14.190743, 40.828319 ] } },
{ "type": "Feature", "properties": { "pid": "CFsynt_001799", "mean_velocity": 11.47, "temporal_coherence": 0.722 }, "geometry": { "type": "Point", "coordinates": [ 14.21034, 40.808805 ] } },
{ "type": "Feature", "properties": { "pid": "CFsynt_001800", "mean_velocity": 10.45, "temporal_coherence": 0.754 }, "geometry": { "type": "Point", "coordinates": [ 14.206997, 40.795122 ] } },
{ "type": "Feature", "properties": { "pid": "CFsynt_001801", "mean_velocity": -2.83, "temporal_coherence": 0.922 }, "geometry": { "type": "Point", "coordinates": [ 14.210828, 40.904751 ] } },
{ "type": "Feature", "properties": { "pid": "CFsynt_001802", "mean_velocity": 15.82, "temporal_coherence": 0.731 }, "geometry": { "type": "Point", "coordinates": [ 14.069173, 40.82375 ] } },
{ "type": "Feature", "properties": { "pid": "CFsynt_001803", "mean_velocity": -2.55, "temporal_coherence": 0.842 }, "geometry": { "type": "Point", "coordinates": [ 14.231127, 40.847012 ] } },
{ "type": "Feature", "properties": { "pid": "CFsynt_001804", "mean_velocity": 0.7, "temporal_coherence": 0.858 }, "geometry": { "type": "Point", "coordinates": [ 14.225678, 40.800108 ] } },
{ "type": "Feature", "properties": { "pid": "CFsynt_001805", "mean_velocity": -3.41, "temporal_coherence": 0.966 }, "geometry": { "type": "Point", "coordinates": [ 14.227951, 40.883496 ] } },
{ "type": "Feature", "properties": { "pid": "CFsynt_001807", "mean_velocity": 74.27, "temporal_coherence": 0.895 }, "geometry": { "type": "Point", "coordinates": [ 14.159583, 40.821097 ] } },
{ "type": "Feature", "properties": { "pid": "CFsynt_001810", "mean_velocity": 10.6, "temporal_coherence": 0.778 }, "geometry": { "type": "Point", "coordinates": [ 14.094487, 40.78393 ] } },
{ "type": "Feature", "properties": { "pid": "CFsynt_001811", "mean_velocity": 28.32, "temporal_coherence": 0.911 }, "geometry": { "type": "Point", "coordinates": [ 14.157879, 40.865982 ] } },
{ "type": "Feature", "properties": { "pid": "CFsynt_001812", "mean_velocity": -0.56, "temporal_coherence": 0.736 }, "geometry": { "type": "Point", "coordinates": [ 14.245443, 40.886253 ] } },
{ "type": "Feature", "properties": { "pid": "CFsynt_001813", "mean_velocity": 34.2, "temporal_coherence": 0.942 }, "geometry": { "type": "Point", "coordinates": [ 14.098748, 40.805123 ] } },
{ "type": "Feature", "properties": { "pid": "CFsynt_001814", "mean_velocity": 2.75, "temporal_coherence": 0.931 }, "geometry": { "type": "Point", "coordinates": [ 14.270627, 40.859733 ] } },
{ "type": "Feature", "properties": { "pid": "CFsynt_001815", "mean_velocity": 31.54, "temporal_coherence": 0.844 }, "geometry": { "type": "Point", "coordinates": [ 14.188282, 40.81731 ] } },
{ "type": "Feature", "properties": { "pid": "CFsynt_001816", "mean_velocity": -0.49, "temporal_coherence": 0.854 }, "geometry": { "type": "Point", "coordinates": [ 14.250522, 40.859736 ] } },
{ "type": "Feature", "properties": { "pid": "CFsynt_001819", "mean_velocity": 10.01, "temporal_coherence": 0.921 }, "geometry": { "type": "Point", "coordinates": [ 14.209719, 40.842025 ] } },
{ "type": "Feature", "properties": { "pid": "CFsynt_001820", "mean_velocity": -0.46, "temporal_coherence": 0.731 }, "geometry": { "type": "Point", "coordinates": [ 14.299111, 40.876679 ] } },
{ "type": "Feature", "properties": { "pid": "CFsynt_001821", "mean_velocity": 22.87, "temporal_coherence": 0.899 }, "geometry": { "type": "Point", "coordinates": [ 14.172626, 40.864047 ] } },
{ "type": "Feature", "properties": { "pid": "CFsynt_001822", "mean_velocity": 39.69, "temporal_coherence": 0.77 }, "geometry": { "type": "Point", "coordinates": [ 14.183311, 40.81716 ] } },
{ "type": "Feature", "properties": { "pid": "CFsynt_001823", "mean_velocity": 8.9, "temporal_coherence": 0.734 }, "geometry": { "type": "Point", "coordinates": [ 14.204579, 40.805552 ] } },
{ "type": "Feature", "properties": { "pid": "CFsynt_001826", "mean_velocity": -2.63, "temporal_coherence": 0.796 }, "geometry": { "type": "Point", "coordinates": [ 14.179549, 40.90225 ] } },
{ "type": "Feature", "properties": { "pid": "CFsynt_001827", "mean_velocity": 20.85, "temporal_coherence": 0.761 }, "geometry": { "type": "Point", "coordinates": [ 14.169662, 40.786386 ] } },
{ "type": "Feature", "properties": { "pid": "CFsynt_001828", "mean_velocity": -3.32, "temporal_coherence": 0.815 }, "geometry": { "type": "Point", "coordinates": [ 14.297289, 40.904783 ] } },
{ "type": "Feature", "properties": { "pid": "CFsynt_001829", "mean_velocity": 25.19, "temporal_coherence": 0.782 }, "geometry": { "type": "Point", "coordinates": [ 14.173117, 40.793431 ] } },
{ "type": "Feature", "properties": { "pid": "CFsynt_001833", "mean_velocity": -0.68, "temporal_coherence": 0.804 }, "geometry": { "type": "Point", "coordinates": [ 14.082456, 40.884772 ] } },
{ "type": "Feature", "properties": { "pid": "CFsynt_001834", "mean_velocity": 10.0, "temporal_coherence": 0.863 }, "geometry": { "type": "Point", "coordinates": [ 14.092906, 40.868652 ] } },
{ "type": "Feature", "properties": { "pid": "CFsynt_001835", "mean_velocity": 10.6, "temporal_coherence": 0.971 }, "geometry": { "type": "Point", "coordinates": [ 14.057604, 40.820758 ] } },
{ "type": "Feature", "properties": { "pid": "CFsynt_001838", "mean_velocity": -0.71, "temporal_coherence": 0.904 }, "geometry": { "type": "Point", "coordinates": [ 14.25308, 40.893445 ] } },
{ "type": "Feature", "properties": { "pid": "CFsynt_001839", "mean_velocity": -6.44, "temporal_coherence": 0.892 }, "geometry": { "type": "Point", "coordinates": [ 14.242705, 40.818897 ] } },
{ "type": "Feature", "properties": { "pid": "CFsynt_001841", "mean_velocity": 19.36, "temporal_coherence": 0.852 }, "geometry": { "type": "Point", "coordinates": [ 14.195295, 40.808389 ] } },
{ "type": "Feature", "properties": { "pid": "CFsynt_001845", "mean_velocity": 9.0, "temporal_coherence": 0.816 }, "geometry": { "type": "Point", "coordinates": [ 14.211725, 40.8098 ] } },
{ "type": "Feature", "properties": { "pid": "CFsynt_001846", "mean_velocity": 57.54, "temporal_coherence": 0.91 }, "geometry": { "type": "Point", "coordinates": [ 14.124609, 40.851294 ] } },
{ "type": "Feature", "properties": { "pid": "CFsynt_001847", "mean_velocity": 8.06, "temporal_coherence": 0.872 }, "geometry": { "type": "Point", "coordinates": [ 14.216053, 40.811545 ] } },
{ "type": "Feature", "properties": { "pid": "CFsynt_001849", "mean_velocity": -2.2, "temporal_coherence": 0.828 }, "geometry": { "type": "Point", "coordinates": [ 14.250296, 40.886573 ] } },
{ "type": "Feature", "properties": { "pid": "CFsynt_001851", "mean_velocity": -2.15, "temporal_coherence": 0.868 }, "geometry": { "type": "Point", "coordinates": [ 14.29268, 40.911157 ] } },
{ "type": "Feature", "properties": { "pid": "CFsynt_001853", "mean_velocity": -6.32, "temporal_coherence": 0.729 }, "geometry": { "type": "Point", "coordinates": [ 14.249267, 40.84702 ] } },
{ "type": "Feature", "properties": { "pid": "CFsynt_001854", "mean_velocity": -5.37, "temporal_coherence": 0.891 }, "geometry": { "type": "Point", "coordinates": [ 14.276422, 40.807026 ] } },
{ "type": "Feature", "properties": { "pid": "CFsynt_001856", "mean_velocity": 21.05, "temporal_coherence": 0.817 }, "geometry": { "type": "Point", "coordinates": [ 14.094944, 40.795437 ] } },
{ "type": "Feature", "properties": { "pid": "CFsynt_001857", "mean_velocity": 46.55, "temporal_coherence": 0.911 }, "geometry": { "type": "Point", "coordinates": [ 14.113199, 40.803601 ] } },
{ "type": "Feature", "properties": { "pid": "CFsynt_001858", "mean_velocity": -1.8, "temporal_coherence": 0.79 }, "geometry": { "type": "Point", "coordinates": [ 14.102626, 40.911486 ] } },
{ "type": "Feature", "properties": { "pid": "CFsynt_001860", "mean_velocity": 4.27, "temporal_coherence": 0.75 }, "geometry": { "type": "Point", "coordinates": [ 14.198909, 40.870317 ] } },
{ "type": "Feature", "properties": { "pid": "CFsynt_001864", "mean_velocity": -2.01, "temporal_coherence": 0.758 }, "geometry": { "type": "Point", "coordinates": [ 14.215318, 40.894341 ] } },
{ "type": "Feature", "properties": { "pid": "CFsynt_001865", "mean_velocity": -6.31, "temporal_coherence": 0.767 }, "geometry": { "type": "Point", "coordinates": [ 14.279391, 40.843538 ] } },
{ "type": "Feature", "properties": { "pid": "CFsynt_001867", "mean_velocity": 14.33, "temporal_coherence": 0.754 }, "geometry": { "type": "Point", "coordinates": [ 14.08912, 40.793169 ] } },
{ "type": "Feature", "properties": { "pid": "CFsynt_001868", "mean_velocity": 17.02, "temporal_coherence": 0.921 }, "geometry": { "type": "Point", "coordinates": [ 14.183277, 40.865978 ] } },
{ "type": "Feature", "properties": { "pid": "CFsynt_001869", "mean_velocity": -4.06, "temporal_coherence": 0.92 }, "geometry": { "type": "Point", "coordinates": [ 14.271523, 40.884959 ] } },
{ "type": "Feature", "properties": { "pid": "CFsynt_001874", "mean_velocity": 1.47, "temporal_coherence": 0.773 }, "geometry": { "type": "Point", "coordinates": [ 14.292771, 40.85755 ] } },
{ "type": "Feature", "properties": { "pid": "CFsynt_001875", "mean_velocity": -3.03, "temporal_coherence": 0.728 }, "geometry": { "type": "Point", "coordinates": [ 14.26155, 40.782266 ] } },
{ "type": "Feature", "properties": { "pid": "CFsynt_001876", "mean_velocity": 11.64, "temporal_coherence": 0.7 }, "geometry": { "type": "Point", "coordinates": [ 14.108048, 40.876679 ] } },
{ "type": "Feature", "properties": { "pid": "CFsynt_001877", "mean_velocity": -3.3, "temporal_coherence": 0.744 }, "geometry": { "type": "Point", "coordinates": [ 14.123047, 40.899901 ] } },
{ "type": "Feature", "properties": { "pid": "CFsynt_001880", "mean_velocity": 44.97, "temporal_coherence": 0.782 }, "geometry": { "type": "Point", "coordinates": [ 14.176596, 40.809206 ] } },
{ "type": "Feature", "properties": { "pid": "CFsynt_001882", "mean_velocity": 85.67, "temporal_coherence": 0.943 }, "geometry": { "type": "Point", "coordinates": [ 14.148414, 40.819294 ] } },
{ "type": "Feature", "properties": { "pid": "CFsynt_001883", "mean_velocity": -1.4, "temporal_coherence": 0.918 }, "geometry": { "type": "Point", "coordinates": [ 14.247261, 40.887526 ] } },
{ "type": "Feature", "properties": { "pid": "CFsynt_001885", "mean_velocity": 83.67, "temporal_coherence": 0.827 }, "geometry": { "type": "Point", "coordinates": [ 14.125896, 40.824748 ] } },
{ "type": "Feature", "properties": { "pid": "CFsynt_001886", "mean_velocity": 10.01, "temporal_coherence": 0.861 }, "geometry": { "type": "Point", "coordinates": [ 14.066896, 40.813646 ] } },
{ "type": "Feature", "properties": { "pid": "CFsynt_001887", "mean_velocity": 18.77, "temporal_coherence": 0.822 }, "geometry": { "type": "Point", "coordinates": [ 14.084727, 40.799482 ] } },
{ "type": "Feature", "properties": { "pid": "CFsynt_001888", "mean_velocity": -0.59, "temporal_coherence": 0.804 }, "geometry": { "type": "Point", "coordinates": [ 14.276651, 40.887104 ] } },
{ "type": "Feature", "properties": { "pid": "CFsynt_001889", "mean_velocity": 15.45, "temporal_coherence": 0.846 }, "geometry": { "type": "Point", "coordinates": [ 14.159422, 40.878637 ] } },
{ "type": "Feature", "properties": { "pid": "CFsynt_001890", "mean_velocity": 24.6, "temporal_coherence": 0.74 }, "geometry": { "type": "Point", "coordinates": [ 14.096082, 40.856389 ] } },
{ "type": "Feature", "properties": { "pid": "CFsynt_001894", "mean_velocity": 79.08, "temporal_coherence": 0.817 }, "geometry": { "type": "Point", "coordinates": [ 14.121745, 40.829021 ] } },
{ "type": "Feature", "properties": { "pid": "CFsynt_001895", "mean_velocity": -4.7, "temporal_coherence": 0.826 }, "geometry": { "type": "Point", "coordinates": [ 14.08133, 40.878059 ] } },
{ "type": "Feature", "properties": { "pid": "CFsynt_001896", "mean_velocity": -0.87, "temporal_coherence": 0.915 }, "geometry": { "type": "Point", "coordinates": [ 14.220203, 40.865134 ] } },
{ "type": "Feature", "properties": { "pid": "CFsynt_001900", "mean_velocity": 24.59, "temporal_coherence": 0.867 }, "geometry": { "type": "Point", "coordinates": [ 14.198701, 40.824615 ] } },
{ "type": "Feature", "properties": { "pid": "CFsynt_001903", "mean_velocity": -2.11, "temporal_coherence": 0.782 }, "geometry": { "type": "Point", "coordinates": [ 14.075065, 40.879284 ] } },
{ "type": "Feature", "properties": { "pid": "CFsynt_001906", "mean_velocity": 20.09, "temporal_coherence": 0.755 }, "geometry": { "type": "Point", "coordinates": [ 14.158427, 40.871386 ] } },
{ "type": "Feature", "properties": { "pid": "CFsynt_001907", "mean_velocity": -5.89, "temporal_coherence": 0.748 }, "geometry": { "type": "Point", "coordinates": [ 14.050821, 40.909198 ] } },
{ "type": "Feature", "properties": { "pid": "CFsynt_001911", "mean_velocity": 6.15, "temporal_coherence": 0.982 }, "geometry": { "type": "Point", "coordinates": [ 14.081795, 40.785378 ] } },
{ "type": "Feature", "properties": { "pid": "CFsynt_001912", "mean_velocity": -0.22, "temporal_coherence": 0.703 }, "geometry": { "type": "Point", "coordinates": [ 14.292132, 40.833967 ] } },
{ "type": "Feature", "properties": { "pid": "CFsynt_001916", "mean_velocity": 1.36, "temporal_coherence": 0.786 }, "geometry": { "type": "Point", "coordinates": [ 14.221396, 40.919273 ] } },
{ "type": "Feature", "properties": { "pid": "CFsynt_001920", "mean_velocity": 8.68, "temporal_coherence": 0.896 }, "geometry": { "type": "Point", "coordinates": [ 14.173278, 40.877291 ] } },
{ "type": "Feature", "properties": { "pid": "CFsynt_001921", "mean_velocity": 72.39, "temporal_coherence": 0.913 }, "geometry": { "type": "Point", "coordinates": [ 14.117079, 40.83097 ] } },
{ "type": "Feature", "properties": { "pid": "CFsynt_001923", "mean_velocity": 35.2, "temporal_coherence": 0.861 }, "geometry": { "type": "Point", "coordinates": [ 14.134303, 40.863665 ] } },
{ "type": "Feature", "properties": { "pid": "CFsynt_001924", "mean_velocity": -3.48, "temporal_coherence": 0.712 }, "geometry": { "type": "Point", "coordinates": [ 14.095081, 40.912198 ] } },
{ "type": "Feature", "properties": { "pid": "CFsynt_001926", "mean_velocity": 39.02, "temporal_coherence": 0.949 }, "geometry": { "type": "Point", "coordinates": [ 14.132142, 40.793297 ] } },
{ "type": "Feature", "properties": { "pid": "CFsynt_001930", "mean_velocity": 8.09, "temporal_coherence": 0.974 }, "geometry": { "type": "Point", "coordinates": [ 14.216763, 40.81329 ] } },
{ "type": "Feature", "properties": { "pid": "CFsynt_001933", "mean_velocity": -3.56, "temporal_coherence": 0.713 }, "geometry": { "type": "Point", "coordinates": [ 14.265051, 40.790716 ] } },
{ "type": "Feature", "properties": { "pid": "CFsynt_001934", "mean_velocity": -0.65, "temporal_coherence": 0.786 }, "geometry": { "type": "Point", "coordinates": [ 14.236395, 40.872115 ] } },
{ "type": "Feature", "properties": { "pid": "CFsynt_001935", "mean_velocity": 5.02, "temporal_coherence": 0.91 }, "geometry": { "type": "Point", "coordinates": [ 14.059811, 40.815019 ] } },
{ "type": "Feature", "properties": { "pid": "CFsynt_001936", "mean_velocity": 37.5, "temporal_coherence": 0.779 }, "geometry": { "type": "Point", "coordinates": [ 14.167757, 40.79865 ] } },
{ "type": "Feature", "properties": { "pid": "CFsynt_001937", "mean_velocity": 8.27, "temporal_coherence": 0.779 }, "geometry": { "type": "Point", "coordinates": [ 14.204988, 40.801192 ] } },
{ "type": "Feature", "properties": { "pid": "CFsynt_001938", "mean_velocity": 25.95, "temporal_coherence": 0.825 }, "geometry": { "type": "Point", "coordinates": [ 14.101214, 40.798667 ] } },
{ "type": "Feature", "properties": { "pid": "CFsynt_001940", "mean_velocity": 14.05, "temporal_coherence": 0.734 }, "geometry": { "type": "Point", "coordinates": [ 14.094841, 40.790184 ] } },
{ "type": "Feature", "properties": { "pid": "CFsynt_001941", "mean_velocity": 73.08, "temporal_coherence": 0.973 }, "geometry": { "type": "Point", "coordinates": [ 14.161919, 40.825287 ] } },
{ "type": "Feature", "properties": { "pid": "CFsynt_001943", "mean_velocity": 19.32, "temporal_coherence": 0.89 }, "geometry": { "type": "Point", "coordinates": [ 14.081233, 40.852461 ] } },
{ "type": "Feature", "properties": { "pid": "CFsynt_001944", "mean_velocity": -2.31, "temporal_coherence": 0.759 }, "geometry": { "type": "Point", "coordinates": [ 14.269081, 40.867511 ] } },
{ "type": "Feature", "properties": { "pid": "CFsynt_001945", "mean_velocity": -0.46, "temporal_coherence": 0.814 }, "geometry": { "type": "Point", "coordinates": [ 14.298449, 40.805163 ] } },
{ "type": "Feature", "properties": { "pid": "CFsynt_001947", "mean_velocity": -3.27, "temporal_coherence": 0.891 }, "geometry": { "type": "Point", "coordinates": [ 14.299576, 40.834498 ] } },
{ "type": "Feature", "properties": { "pid": "CFsynt_001952", "mean_velocity": -1.43, "temporal_coherence": 0.731 }, "geometry": { "type": "Point", "coordinates": [ 14.251276, 40.919612 ] } },
{ "type": "Feature", "properties": { "pid": "CFsynt_001954", "mean_velocity": -1.88, "temporal_coherence": 0.896 }, "geometry": { "type": "Point", "coordinates": [ 14.292712, 40.910782 ] } },
{ "type": "Feature", "properties": { "pid": "CFsynt_001956", "mean_velocity": 35.96, "temporal_coherence": 0.757 }, "geometry": { "type": "Point", "coordinates": [ 14.189594, 40.824799 ] } },
{ "type": "Feature", "properties": { "pid": "CFsynt_001957", "mean_velocity": -3.53, "temporal_coherence": 0.913 }, "geometry": { "type": "Point", "coordinates": [ 14.052665, 40.806143 ] } },
{ "type": "Feature", "properties": { "pid": "CFsynt_001960", "mean_velocity": -2.83, "temporal_coherence": 0.83 }, "geometry": { "type": "Point", "coordinates": [ 14.208274, 40.785544 ] } },
{ "type": "Feature", "properties": { "pid": "CFsynt_001961", "mean_velocity": 66.55, "temporal_coherence": 0.711 }, "geometry": { "type": "Point", "coordinates": [ 14.151004, 40.806699 ] } },
{ "type": "Feature", "properties": { "pid": "CFsynt_001963", "mean_velocity": -5.88, "temporal_coherence": 0.759 }, "geometry": { "type": "Point", "coordinates": [ 14.074538, 40.887827 ] } },
{ "type": "Feature", "properties": { "pid": "CFsynt_001964", "mean_velocity": -1.58, "temporal_coherence": 0.958 }, "geometry": { "type": "Point", "coordinates": [ 14.244533, 40.788938 ] } },
{ "type": "Feature", "properties": { "pid": "CFsynt_001965", "mean_velocity": -2.86, "temporal_coherence": 0.879 }, "geometry": { "type": "Point", "coordinates": [ 14.051755, 40.906544 ] } },
{ "type": "Feature", "properties": { "pid": "CFsynt_001966", "mean_velocity": -2.43, "temporal_coherence": 0.986 }, "geometry": { "type": "Point", "coordinates": [ 14.241636, 40.851852 ] } },
{ "type": "Feature", "properties": { "pid": "CFsynt_001967", "mean_velocity": -2.0, "temporal_coherence": 0.898 }, "geometry": { "type": "Point", "coordinates": [ 14.276204, 40.912722 ] } },
{ "type": "Feature", "properties": { "pid": "CFsynt_001970", "mean_velocity": 15.14, "temporal_coherence": 0.965 }, "geometry": { "type": "Point", "coordinates": [ 14.120542, 40.874658 ] } },
{ "type": "Feature", "properties": { "pid": "CFsynt_001972", "mean_velocity": -3.4, "temporal_coherence": 0.862 }, "geometry": { "type": "Point", "coordinates": [ 14.242606, 40.854491 ] } },
{ "type": "Feature", "properties": { "pid": "CFsynt_001974", "mean_velocity": -2.72, "temporal_coherence": 0.816 }, "geometry": { "type": "Point", "coordinates": [ 14.080694, 40.900387 ] } },
{ "type": "Feature", "properties": { "pid": "CFsynt_001976", "mean_velocity": -5.92, "temporal_coherence": 0.949 }, "geometry": { "type": "Point", "coordinates": [ 14.164537, 40.910999 ] } },
{ "type": "Feature", "properties": { "pid": "CFsynt_001979", "mean_velocity": 34.88, "temporal_coherence": 0.74 }, "geometry": { "type": "Point", "coordinates": [ 14.092421, 40.839923 ] } },
{ "type": "Feature", "properties": { "pid": "CFsynt_001980", "mean_velocity": -4.43, "temporal_coherence": 0.98 }, "geometry": { "type": "Point", "coordinates": [ 14.279273, 40.831703 ] } },
{ "type": "Feature", "properties": { "pid": "CFsynt_001984", "mean_velocity": -4.47, "temporal_coherence": 0.709 }, "geometry": { "type": "Point", "coordinates": [ 14.209412, 40.898297 ] } },
{ "type": "Feature", "properties": { "pid": "CFsynt_001993", "mean_velocity": -1.9, "temporal_coherence": 0.968 }, "geometry": { "type": "Point", "coordinates": [ 14.050661, 40.915513 ] } },
{ "type": "Feature", "properties": { "pid": "CFsynt_001995", "mean_velocity": -4.02, "temporal_coherence": 0.735 }, "geometry": { "type": "Point", "coordinates": [ 14.248593, 40.821039 ] } },
{ "type": "Feature", "properties": { "pid": "CFsynt_001998", "mean_velocity": -1.26, "temporal_coherence": 0.918 }, "geometry": { "type": "Point", "coordinates": [ 14.275253, 40.801804 ] } },
{ "type": "Feature", "properties": { "pid": "CFsynt_002000", "mean_velocity": -4.19, "temporal_coherence": 0.804 }, "geometry": { "type": "Point", "coordinates": [ 14.274392, 40.860678 ] } },
{ "type": "Feature", "properties": { "pid": "CFsynt_002004", "mean_velocity": -2.98, "temporal_coherence": 0.856 }, "geometry": { "type": "Point", "coordinates": [ 14.063611, 40.899618 ] } },
{ "type": "Feature", "properties": { "pid": "CFsynt_002005", "mean_velocity": -2.54, "temporal_coherence": 0.826 }, "geometry": { "type": "Point", "coordinates": [ 14.286677, 40.886428 ] } },
{ "type": "Feature", "properties": { "pid": "CFsynt_002006", "mean_velocity": 28.22, "temporal_coherence": 0.748 }, "geometry": { "type": "Point", "coordinates": [ 14.171887, 40.858188 ] } },
{ "type": "Feature", "properties": { "pid": "CFsynt_002007", "mean_velocity": 1.23, "temporal_coherence": 0.717 }, "geometry": { "type": "Point", "coordinates": [ 14.071075, 40.906762 ] } },
{ "type": "Feature", "properties": { "pid": "CFsynt_002008", "mean_velocity": -2.19, "temporal_coherence": 0.94 }, "geometry": { "type": "Point", "coordinates": [ 14.07428, 40.911215 ] } },
{ "type": "Feature", "properties": { "pid": "CFsynt_002009", "mean_velocity": -0.34, "temporal_coherence": 0.705 }, "geometry": { "type": "Point", "coordinates": [ 14.229385, 40.865823 ] } },
{ "type": "Feature", "properties": { "pid": "CFsynt_002011", "mean_velocity": -2.33, "temporal_coherence": 0.914 }, "geometry": { "type": "Point", "coordinates": [ 14.113112, 40.889548 ] } },
{ "type": "Feature", "properties": { "pid": "CFsynt_002012", "mean_velocity": -5.5, "temporal_coherence": 0.739 }, "geometry": { "type": "Point", "coordinates": [ 14.070538, 40.881838 ] } },
{ "type": "Feature", "properties": { "pid": "CFsynt_002013", "mean_velocity": 73.72, "temporal_coherence": 0.961 }, "geometry": { "type": "Point", "coordinates": [ 14.157912, 40.825056 ] } },
{ "type": "Feature", "properties": { "pid": "CFsynt_002015", "mean_velocity": 30.57, "temporal_coherence": 0.804 }, "geometry": { "type": "Point", "coordinates": [ 14.181344, 40.80337 ] } },
{ "type": "Feature", "properties": { "pid": "CFsynt_002016", "mean_velocity": -2.09, "temporal_coherence": 0.817 }, "geometry": { "type": "Point", "coordinates": [ 14.111095, 40.897506 ] } },
{ "type": "Feature", "properties": { "pid": "CFsynt_002018", "mean_velocity": 11.48, "temporal_coherence": 0.829 }, "geometry": { "type": "Point", "coordinates": [ 14.208172, 40.819584 ] } },
{ "type": "Feature", "properties": { "pid": "CFsynt_002019", "mean_velocity": 23.8, "temporal_coherence": 0.926 }, "geometry": { "type": "Point", "coordinates": [ 14.138378, 40.872605 ] } },
{ "type": "Feature", "properties": { "pid": "CFsynt_002020", "mean_velocity": 0.98, "temporal_coherence": 0.74 }, "geometry": { "type": "Point", "coordinates": [ 14.218887, 40.795152 ] } },
{ "type": "Feature", "properties": { "pid": "CFsynt_002021", "mean_velocity": 5.34, "temporal_coherence": 0.827 }, "geometry": { "type": "Point", "coordinates": [ 14.061513, 40.807453 ] } },
{ "type": "Feature", "properties": { "pid": "CFsynt_002023", "mean_velocity": 51.09, "temporal_coherence": 0.718 }, "geometry": { "type": "Point", "coordinates": [ 14.102005, 40.834373 ] } },
{ "type": "Feature", "properties": { "pid": "CFsynt_002025", "mean_velocity": 70.13, "temporal_coherence": 0.781 }, "geometry": { "type": "Point", "coordinates": [ 14.144281, 40.847679 ] } },
{ "type": "Feature", "properties": { "pid": "CFsynt_002026", "mean_velocity": -3.41, "temporal_coherence": 0.782 }, "geometry": { "type": "Point", "coordinates": [ 14.264988, 40.829663 ] } },
{ "type": "Feature", "properties": { "pid": "CFsynt_002027", "mean_velocity": -0.02, "temporal_coherence": 0.878 }, "geometry": { "type": "Point", "coordinates": [ 14.139573, 40.891315 ] } },
{ "type": "Feature", "properties": { "pid": "CFsynt_002029", "mean_velocity": 6.45, "temporal_coherence": 0.726 }, "geometry": { "type": "Point", "coordinates": [ 14.20212, 40.866513 ] } },
{ "type": "Feature", "properties": { "pid": "CFsynt_002032", "mean_velocity": 38.17, "temporal_coherence": 0.784 }, "geometry": { "type": "Point", "coordinates": [ 14.130001, 40.861634 ] } },
{ "type": "Feature", "properties": { "pid": "CFsynt_002033", "mean_velocity": 81.78, "temporal_coherence": 0.982 }, "geometry": { "type": "Point", "coordinates": [ 14.152171, 40.817479 ] } },
{ "type": "Feature", "properties": { "pid": "CFsynt_002035", "mean_velocity": -0.1, "temporal_coherence": 0.734 }, "geometry": { "type": "Point", "coordinates": [ 14.257018, 40.915897 ] } },
{ "type": "Feature", "properties": { "pid": "CFsynt_002039", "mean_velocity": -2.57, "temporal_coherence": 0.855 }, "geometry": { "type": "Point", "coordinates": [ 14.251515, 40.91068 ] } },
{ "type": "Feature", "properties": { "pid": "CFsynt_002040", "mean_velocity": 28.95, "temporal_coherence": 0.926 }, "geometry": { "type": "Point", "coordinates": [ 14.112594, 40.790661 ] } },
{ "type": "Feature", "properties": { "pid": "CFsynt_002041", "mean_velocity": -1.98, "temporal_coherence": 0.984 }, "geometry": { "type": "Point", "coordinates": [ 14.258391, 40.833912 ] } },
{ "type": "Feature", "properties": { "pid": "CFsynt_002042", "mean_velocity": -1.14, "temporal_coherence": 0.911 }, "geometry": { "type": "Point", "coordinates": [ 14.213383, 40.911248 ] } },
{ "type": "Feature", "properties": { "pid": "CFsynt_002048", "mean_velocity": 10.25, "temporal_coherence": 0.878 }, "geometry": { "type": "Point", "coordinates": [ 14.072556, 40.85893 ] } },
{ "type": "Feature", "properties": { "pid": "CFsynt_002049", "mean_velocity": 10.87, "temporal_coherence": 0.97 }, "geometry": { "type": "Point", "coordinates": [ 14.127523, 40.884593 ] } },
{ "type": "Feature", "properties": { "pid": "CFsynt_002053", "mean_velocity": 1.33, "temporal_coherence": 0.848 }, "geometry": { "type": "Point", "coordinates": [ 14.27437, 40.88655 ] } },
{ "type": "Feature", "properties": { "pid": "CFsynt_002055", "mean_velocity": 21.06, "temporal_coherence": 0.771 }, "geometry": { "type": "Point", "coordinates": [ 14.169142, 40.865957 ] } },
{ "type": "Feature", "properties": { "pid": "CFsynt_002057", "mean_velocity": 54.67, "temporal_coherence": 0.98 }, "geometry": { "type": "Point", "coordinates": [ 14.167714, 40.814833 ] } },
{ "type": "Feature", "properties": { "pid": "CFsynt_002058", "mean_velocity": -1.23, "temporal_coherence": 0.841 }, "geometry": { "type": "Point", "coordinates": [ 14.067967, 40.887733 ] } },
{ "type": "Feature", "properties": { "pid": "CFsynt_002061", "mean_velocity": 39.8, "temporal_coherence": 0.894 }, "geometry": { "type": "Point", "coordinates": [ 14.107085, 40.801947 ] } },
{ "type": "Feature", "properties": { "pid": "CFsynt_002062", "mean_velocity": 25.6, "temporal_coherence": 0.827 }, "geometry": { "type": "Point", "coordinates": [ 14.176179, 40.85794 ] } },
{ "type": "Feature", "properties": { "pid": "CFsynt_002063", "mean_velocity": -3.03, "temporal_coherence": 0.788 }, "geometry": { "type": "Point", "coordinates": [ 14.056304, 40.896069 ] } },
{ "type": "Feature", "properties": { "pid": "CFsynt_002066", "mean_velocity": 13.41, "temporal_coherence": 0.707 }, "geometry": { "type": "Point", "coordinates": [ 14.1757, 40.782949 ] } },
{ "type": "Feature", "properties": { "pid": "CFsynt_002068", "mean_velocity": 15.41, "temporal_coherence": 0.983 }, "geometry": { "type": "Point", "coordinates": [ 14.105062, 40.78261 ] } },
{ "type": "Feature", "properties": { "pid": "CFsynt_002070", "mean_velocity": -4.49, "temporal_coherence": 0.837 }, "geometry": { "type": "Point", "coordinates": [ 14.279264, 40.836375 ] } },
{ "type": "Feature", "properties": { "pid": "CFsynt_002071", "mean_velocity": 39.18, "temporal_coherence": 0.702 }, "geometry": { "type": "Point", "coordinates": [ 14.159993, 40.85605 ] } },
{ "type": "Feature", "properties": { "pid": "CFsynt_002072", "mean_velocity": 42.16, "temporal_coherence": 0.741 }, "geometry": { "type": "Point", "coordinates": [ 14.111051, 40.800876 ] } },
{ "type": "Feature", "properties": { "pid": "CFsynt_002073", "mean_velocity": -1.44, "temporal_coherence": 0.961 }, "geometry": { "type": "Point", "coordinates": [ 14.278088, 40.840843 ] } },
{ "type": "Feature", "properties": { "pid": "CFsynt_002075", "mean_velocity": 31.32, "temporal_coherence": 0.869 }, "geometry": { "type": "Point", "coordinates": [ 14.18391, 40.847964 ] } },
{ "type": "Feature", "properties": { "pid": "CFsynt_002077", "mean_velocity": 21.0, "temporal_coherence": 0.973 }, "geometry": { "type": "Point", "coordinates": [ 14.08408, 40.803655 ] } },
{ "type": "Feature", "properties": { "pid": "CFsynt_002080", "mean_velocity": 46.45, "temporal_coherence": 0.792 }, "geometry": { "type": "Point", "coordinates": [ 14.143633, 40.797889 ] } },
{ "type": "Feature", "properties": { "pid": "CFsynt_002081", "mean_velocity": 4.39, "temporal_coherence": 0.831 }, "geometry": { "type": "Point", "coordinates": [ 14.088053, 40.870748 ] } },
{ "type": "Feature", "properties": { "pid": "CFsynt_002085", "mean_velocity": -1.09, "temporal_coherence": 0.989 }, "geometry": { "type": "Point", "coordinates": [ 14.106408, 40.907359 ] } },
{ "type": "Feature", "properties": { "pid": "CFsynt_002087", "mean_velocity": 35.04, "temporal_coherence": 0.752 }, "geometry": { "type": "Point", "coordinates": [ 14.13117, 40.791138 ] } },
{ "type": "Feature", "properties": { "pid": "CFsynt_002088", "mean_velocity": -3.59, "temporal_coherence": 0.832 }, "geometry": { "type": "Point", "coordinates": [ 14.237858, 40.843288 ] } },
{ "type": "Feature", "properties": { "pid": "CFsynt_002090", "mean_velocity": 88.92, "temporal_coherence": 0.881 }, "geometry": { "type": "Point", "coordinates": [ 14.134777, 40.821045 ] } },
{ "type": "Feature", "properties": { "pid": "CFsynt_002092", "mean_velocity": 19.02, "temporal_coherence": 0.836 }, "geometry": { "type": "Point", "coordinates": [ 14.195866, 40.807618 ] } },
{ "type": "Feature", "properties": { "pid": "CFsynt_002095", "mean_velocity": -0.27, "temporal_coherence": 0.887 }, "geometry": { "type": "Point", "coordinates": [ 14.129369, 40.914614 ] } },
{ "type": "Feature", "properties": { "pid": "CFsynt_002098", "mean_velocity": 10.25, "temporal_coherence": 0.802 }, "geometry": { "type": "Point", "coordinates": [ 14.065942, 40.841382 ] } },
{ "type": "Feature", "properties": { "pid": "CFsynt_002100", "mean_velocity": -4.23, "temporal_coherence": 0.792 }, "geometry": { "type": "Point", "coordinates": [ 14.246662, 40.795829 ] } },
{ "type": "Feature", "properties": { "pid": "CFsynt_002101", "mean_velocity": 0.19, "temporal_coherence": 0.862 }, "geometry": { "type": "Point", "coordinates": [ 14.067918, 40.792343 ] } },
{ "type": "Feature", "properties": { "pid": "CFsynt_002102", "mean_velocity": 1.35, "temporal_coherence": 0.861 }, "geometry": { "type": "Point", "coordinates": [ 14.264014, 40.894769 ] } },
{ "type": "Feature", "properties": { "pid": "CFsynt_002106", "mean_velocity": -0.35, "temporal_coherence": 0.9 }, "geometry": { "type": "Point", "coordinates": [ 14.23694, 40.806793 ] } },
{ "type": "Feature", "properties": { "pid": "CFsynt_002108", "mean_velocity": 29.11, "temporal_coherence": 0.925 }, "geometry": { "type": "Point", "coordinates": [ 14.129046, 40.868154 ] } },
{ "type": "Feature", "properties": { "pid": "CFsynt_002110", "mean_velocity": 40.06, "temporal_coherence": 0.892 }, "geometry": { "type": "Point", "coordinates": [ 14.180558, 40.813265 ] } },
{ "type": "Feature", "properties": { "pid": "CFsynt_002111", "mean_velocity": 28.49, "temporal_coherence": 0.847 }, "geometry": { "type": "Point", "coordinates": [ 14.184642, 40.806831 ] } },
{ "type": "Feature", "properties": { "pid": "CFsynt_002113", "mean_velocity": 1.16, "temporal_coherence": 0.746 }, "geometry": { "type": "Point", "coordinates": [ 14.207802, 40.890996 ] } },
{ "type": "Feature", "properties": { "pid": "CFsynt_002116", "mean_velocity": 21.7, "temporal_coherence": 0.96 }, "geometry": { "type": "Point", "coordinates": [ 14.106727, 40.864827 ] } },
{ "type": "Feature", "properties": { "pid": "CFsynt_002118", "mean_velocity": 5.13, "temporal_coherence": 0.848 }, "geometry": { "type": "Point", "coordinates": [ 14.061392, 40.831485 ] } },
{ "type": "Feature", "properties": { "pid": "CFsynt_002119", "mean_velocity": -3.07, "temporal_coherence": 0.972 }, "geometry": { "type": "Point", "coordinates": [ 14.099672, 40.890573 ] } },
{ "type": "Feature", "properties": { "pid": "CFsynt_002120", "mean_velocity": 62.8, "temporal_coherence": 0.796 }, "geometry": { "type": "Point", "coordinates": [ 14.109433, 40.827729 ] } },
{ "type": "Feature", "properties": { "pid": "CFsynt_002123", "mean_velocity": 10.75, "temporal_coherence": 0.853 }, "geometry": { "type": "Point", "coordinates": [ 14.085953, 40.795167 ] } },
{ "type": "Feature", "properties": { "pid": "CFsynt_002125", "mean_velocity": 87.21, "temporal_coherence": 0.798 }, "geometry": { "type": "Point", "coordinates": [ 14.141699, 40.824111 ] } },
{ "type": "Feature", "properties": { "pid": "CFsynt_002126", "mean_velocity": 83.79, "temporal_coherence": 0.985 }, "geometry": { "type": "Point", "coordinates": [ 14.128312, 40.835487 ] } },
{ "type": "Feature", "properties": { "pid": "CFsynt_002127", "mean_velocity": 9.48, "temporal_coherence": 0.965 }, "geometry": { "type": "Point", "coordinates": [ 14.125098, 40.885733 ] } },
{ "type": "Feature", "properties": { "pid": "CFsynt_002128", "mean_velocity": -3.1, "temporal_coherence": 0.843 }, "geometry": { "type": "Point", "coordinates": [ 14.056022, 40.869581 ] } },
{ "type": "Feature", "properties": { "pid": "CFsynt_002130", "mean_velocity": 7.46, "temporal_coherence": 0.736 }, "geometry": { "type": "Point", "coordinates": [ 14.088613, 40.876954 ] } },
{ "type": "Feature", "properties": { "pid": "CFsynt_002133", "mean_velocity": -1.75, "temporal_coherence": 0.986 }, "geometry": { "type": "Point", "coordinates": [ 14.299273, 40.908367 ] } },
{ "type": "Feature", "properties": { "pid": "CFsynt_002136", "mean_velocity": 38.47, "temporal_coherence": 0.961 }, "geometry": { "type": "Point", "coordinates": [ 14.121229, 40.859687 ] } },
{ "type": "Feature", "properties": { "pid": "CFsynt_002139", "mean_velocity": -1.27, "temporal_coherence": 0.827 }, "geometry": { "type": "Point", "coordinates": [ 14.274839, 40.818223 ] } },
{ "type": "Feature", "properties": { "pid": "CFsynt_002140", "mean_velocity": -0.45, "temporal_coherence": 0.784 }, "geometry": { "type": "Point", "coordinates": [ 14.289696, 40.810867 ] } },
{ "type": "Feature", "properties": { "pid": "CFsynt_002142", "mean_velocity": -1.3, "temporal_coherence": 0.77 }, "geometry": { "type": "Point", "coordinates": [ 14.252394, 40.811008 ] } },
{ "type": "Feature", "properties": { "pid": "CFsynt_002143", "mean_velocity": -2.72, "temporal_coherence": 0.97 }, "geometry": { "type": "Point", "coordinates": [ 14.263856, 40.820843 ] } },
{ "type": "Feature", "properties": { "pid": "CFsynt_002144", "mean_velocity": 25.12, "temporal_coherence": 0.936 }, "geometry": { "type": "Point", "coordinates": [ 14.119453, 40.868868 ] } },
{ "type": "Feature", "properties": { "pid": "CFsynt_002146", "mean_velocity": -4.8, "temporal_coherence": 0.772 }, "geometry": { "type": "Point", "coordinates": [ 14.057359, 40.806028 ] } },
{ "type": "Feature", "properties": { "pid": "CFsynt_002148", "mean_velocity": -5.77, "temporal_coherence": 0.966 }, "geometry": { "type": "Point", "coordinates": [ 14.253326, 40.908744 ] } },
{ "type": "Feature", "properties": { "pid": "CFsynt_002150", "mean_velocity": -3.27, "temporal_coherence": 0.857 }, "geometry": { "type": "Point", "coordinates": [ 14.220307, 40.852308 ] } },
{ "type": "Feature", "properties": { "pid": "CFsynt_002152", "mean_velocity": -2.16, "temporal_coherence": 0.882 }, "geometry": { "type": "Point", "coordinates": [ 14.253354, 40.863345 ] } },
{ "type": "Feature", "properties": { "pid": "CFsynt_002153", "mean_velocity": -3.92, "temporal_coherence": 0.794 }, "geometry": { "type": "Point", "coordinates": [ 14.261775, 40.919417 ] } },
{ "type": "Feature", "properties": { "pid": "CFsynt_002154", "mean_velocity": -1.48, "temporal_coherence": 0.886 }, "geometry": { "type": "Point", "coordinates": [ 14.204699, 40.872305 ] } },
{ "type": "Feature", "properties": { "pid": "CFsynt_002156", "mean_velocity": -3.73, "temporal_coherence": 0.884 }, "geometry": { "type": "Point", "coordinates": [ 14.058386, 40.916844 ] } },
{ "type": "Feature", "properties": { "pid": "CFsynt_002160", "mean_velocity": 77.95, "temporal_coherence": 0.74 }, "geometry": { "type": "Point", "coordinates": [ 14.159983, 40.830473 ] } },
{ "type": "Feature", "properties": { "pid": "CFsynt_002161", "mean_velocity": 31.92, "temporal_coherence": 0.801 }, "geometry": { "type": "Point", "coordinates": [ 14.106912, 40.859539 ] } },
{ "type": "Feature", "properties": { "pid": "CFsynt_002162", "mean_velocity": 58.99, "temporal_coherence": 0.871 }, "geometry": { "type": "Point", "coordinates": [ 14.143893, 40.801852 ] } },
{ "type": "Feature", "properties": { "pid": "CFsynt_002165", "mean_velocity": 8.91, "temporal_coherence": 0.713 }, "geometry": { "type": "Point", "coordinates": [ 14.108399, 40.880964 ] } },
{ "type": "Feature", "properties": { "pid": "CFsynt_002166", "mean_velocity": -0.31, "temporal_coherence": 0.877 }, "geometry": { "type": "Point", "coordinates": [ 14.289186, 40.883863 ] } },
{ "type": "Feature", "properties": { "pid": "CFsynt_002168", "mean_velocity": 37.11, "temporal_coherence": 0.917 }, "geometry": { "type": "Point", "coordinates": [ 14.125064, 40.796435 ] } },
{ "type": "Feature", "properties": { "pid": "CFsynt_002169", "mean_velocity": 54.28, "temporal_coherence": 0.8 }, "geometry": { "type": "Point", "coordinates": [ 14.175728, 40.830715 ] } },
{ "type": "Feature", "properties": { "pid": "CFsynt_002171", "mean_velocity": 5.43, "temporal_coherence": 0.982 }, "geometry": { "type": "Point", "coordinates": [ 14.104638, 40.884202 ] } },
{ "type": "Feature", "properties": { "pid": "CFsynt_002172", "mean_velocity": 20.07, "temporal_coherence": 0.792 }, "geometry": { "type": "Point", "coordinates": [ 14.175777, 40.86661 ] } },
{ "type": "Feature", "properties": { "pid": "CFsynt_002173", "mean_velocity": 10.49, "temporal_coherence": 0.916 }, "geometry": { "type": "Point", "coordinates": [ 14.074023, 40.857136 ] } },
{ "type": "Feature", "properties": { "pid": "CFsynt_002177", "mean_velocity": -2.61, "temporal_coherence": 0.865 }, "geometry": { "type": "Point", "coordinates": [ 14.268935, 40.8629 ] } },
{ "type": "Feature", "properties": { "pid": "CFsynt_002178", "mean_velocity": 29.99, "temporal_coherence": 0.837 }, "geometry": { "type": "Point", "coordinates": [ 14.104449, 40.85711 ] } },
{ "type": "Feature", "properties": { "pid": "CFsynt_002182", "mean_velocity": -0.0, "temporal_coherence": 0.888 }, "geometry": { "type": "Point", "coordinates": [ 14.27306, 40.851722 ] } },
{ "type": "Feature", "properties": { "pid": "CFsynt_002184", "mean_velocity": 38.55, "temporal_coherence": 0.705 }, "geometry": { "type": "Point", "coordinates": [ 14.182673, 40.831837 ] } },
{ "type": "Feature", "properties": { "pid": "CFsynt_002186", "mean_velocity": -2.17, "temporal_coherence": 0.797 }, "geometry": { "type": "Point", "coordinates": [ 14.267286, 40.827301 ] } },
{ "type": "Feature", "properties": { "pid": "CFsynt_002187", "mean_velocity": 20.68, "temporal_coherence": 0.791 }, "geometry": { "type": "Point", "coordinates": [ 14.199407, 40.834382 ] } },
{ "type": "Feature", "properties": { "pid": "CFsynt_002188", "mean_velocity": 13.56, "temporal_coherence": 0.755 }, "geometry": { "type": "Point", "coordinates": [ 14.1064, 40.872313 ] } },
{ "type": "Feature", "properties": { "pid": "CFsynt_002189", "mean_velocity": 1.31, "temporal_coherence": 0.896 }, "geometry": { "type": "Point", "coordinates": [ 14.299584, 40.904301 ] } },
{ "type": "Feature", "properties": { "pid": "CFsynt_002190", "mean_velocity": -2.29, "temporal_coherence": 0.964 }, "geometry": { "type": "Point", "coordinates": [ 14.063404, 40.880323 ] } },
{ "type": "Feature", "properties": { "pid": "CFsynt_002191", "mean_velocity": -1.42, "temporal_coherence": 0.772 }, "geometry": { "type": "Point", "coordinates": [ 14.19352, 40.91301 ] } },
{ "type": "Feature", "properties": { "pid": "CFsynt_002192", "mean_velocity": -0.52, "temporal_coherence": 0.743 }, "geometry": { "type": "Point", "coordinates": [ 14.239102, 40.780515 ] } },
{ "type": "Feature", "properties": { "pid": "CFsynt_002197", "mean_velocity": 25.86, "temporal_coherence": 0.988 }, "geometry": { "type": "Point", "coordinates": [ 14.17855, 40.798306 ] } },
{ "type": "Feature", "properties": { "pid": "CFsynt_002198", "mean_velocity": 53.48, "temporal_coherence": 0.756 }, "geometry": { "type": "Point", "coordinates": [ 14.104982, 40.840631 ] } },
{ "type": "Feature", "properties": { "pid": "CFsynt_002199", "mean_velocity": -0.9, "temporal_coherence": 0.89 }, "geometry": { "type": "Point", "coordinates": [ 14.222248, 40.796487 ] } },
{ "type": "Feature", "properties": { "pid": "CFsynt_002202", "mean_velocity": 0.27, "temporal_coherence": 0.72 }, "geometry": { "type": "Point", "coordinates": [ 14.289471, 40.806646 ] } },
{ "type": "Feature", "properties": { "pid": "CFsynt_002203", "mean_velocity": 10.02, "temporal_coherence": 0.769 }, "geometry": { "type": "Point", "coordinates": [ 14.083933, 40.866759 ] } },
{ "type": "Feature", "properties": { "pid": "CFsynt_002204", "mean_velocity": 76.06, "temporal_coherence": 0.839 }, "geometry": { "type": "Point", "coordinates": [ 14.123747, 40.814045 ] } },
{ "type": "Feature", "properties": { "pid": "CFsynt_002205", "mean_velocity": 20.4, "temporal_coherence": 0.842 }, "geometry": { "type": "Point", "coordinates": [ 14.200414, 40.826712 ] } },
{ "type": "Feature", "properties": { "pid": "CFsynt_002206", "mean_velocity": -1.48, "temporal_coherence": 0.824 }, "geometry": { "type": "Point", "coordinates": [ 14.238238, 40.831597 ] } },
{ "type": "Feature", "properties": { "pid": "CFsynt_002207", "mean_velocity": 75.95, "temporal_coherence": 0.902 }, "geometry": { "type": "Point", "coordinates": [ 14.15837, 40.820308 ] } },
{ "type": "Feature", "properties": { "pid": "CFsynt_002208", "mean_velocity": -3.75, "temporal_coherence": 0.884 }, "geometry": { "type": "Point", "coordinates": [ 14.075324, 40.874732 ] } },
{ "type": "Feature", "properties": { "pid": "CFsynt_002214", "mean_velocity": -1.17, "temporal_coherence": 0.882 }, "geometry": { "type": "Point", "coordinates": [ 14.297484, 40.802679 ] } },
{ "type": "Feature", "properties": { "pid": "CFsynt_002216", "mean_velocity": 0.6, "temporal_coherence": 0.942 }, "geometry": { "type": "Point", "coordinates": [ 14.063066, 40.913348 ] } },
{ "type": "Feature", "properties": { "pid": "CFsynt_002220", "mean_velocity": 81.32, "temporal_coherence": 0.985 }, "geometry": { "type": "Point", "coordinates": [ 14.132998, 40.815904 ] } },
{ "type": "Feature", "properties": { "pid": "CFsynt_002221", "mean_velocity": -1.72, "temporal_coherence": 0.924 }, "geometry": { "type": "Point", "coordinates": [ 14.161211, 40.901051 ] } },
{ "type": "Feature", "properties": { "pid": "CFsynt_002222", "mean_velocity": 83.23, "temporal_coherence": 0.718 }, "geometry": { "type": "Point", "coordinates": [ 14.150687, 40.819033 ] } },
{ "type": "Feature", "properties": { "pid": "CFsynt_002224", "mean_velocity": -4.75, "temporal_coherence": 0.728 }, "geometry": { "type": "Point", "coordinates": [ 14.290529, 40.808234 ] } },
{ "type": "Feature", "properties": { "pid": "CFsynt_002226", "mean_velocity": -2.72, "temporal_coherence": 0.897 }, "geometry": { "type": "Point", "coordinates": [ 14.234529, 40.885657 ] } },
{ "type": "Feature", "properties": { "pid": "CFsynt_002229", "mean_velocity": -2.2, "temporal_coherence": 0.919 }, "geometry": { "type": "Point", "coordinates": [ 14.219582, 40.878 ] } },
{ "type": "Feature", "properties": { "pid": "CFsynt_002230", "mean_velocity": 55.06, "temporal_coherence": 0.799 }, "geometry": { "type": "Point", "coordinates": [ 14.128315, 40.801555 ] } },
{ "type": "Feature", "properties": { "pid": "CFsynt_002231", "mean_velocity": -0.14, "temporal_coherence": 0.817 }, "geometry": { "type": "Point", "coordinates": [ 14.220083, 40.797587 ] } },
{ "type": "Feature", "properties": { "pid": "CFsynt_002237", "mean_velocity": 49.56, "temporal_coherence": 0.759 }, "geometry": { "type": "Point", "coordinates": [ 14.122847, 40.853609 ] } },
{ "type": "Feature", "properties": { "pid": "CFsynt_002238", "mean_velocity": 11.11, "temporal_coherence": 0.799 }, "geometry": { "type": "Point", "coordinates": [ 14.13682, 40.880316 ] } },
{ "type": "Feature", "properties": { "pid": "CFsynt_002239", "mean_velocity": 37.24, "temporal_coherence": 0.964 }, "geometry": { "type": "Point", "coordinates": [ 14.18578, 40.827118 ] } },
{ "type": "Feature", "properties": { "pid": "CFsynt_002243", "mean_velocity": 58.99, "temporal_coherence": 0.742 }, "geometry": { "type": "Point", "coordinates": [ 14.103819, 40.825618 ] } },
{ "type": "Feature", "properties": { "pid": "CFsynt_002245", "mean_velocity": 13.25, "temporal_coherence": 0.716 }, "geometry": { "type": "Point", "coordinates": [ 14.087118, 40.790191 ] } },
{ "type": "Feature", "properties": { "pid": "CFsynt_002246", "mean_velocity": 19.92, "temporal_coherence": 0.871 }, "geometry": { "type": "Point", "coordinates": [ 14.10595, 40.787843 ] } },
{ "type": "Feature", "properties": { "pid": "CFsynt_002248", "mean_velocity": 87.7, "temporal_coherence": 0.867 }, "geometry": { "type": "Point", "coordinates": [ 14.142565, 40.830428 ] } },
{ "type": "Feature", "properties": { "pid": "CFsynt_002250", "mean_velocity": 33.95, "temporal_coherence": 0.733 }, "geometry": { "type": "Point", "coordinates": [ 14.184833, 40.831038 ] } },
{ "type": "Feature", "properties": { "pid": "CFsynt_002251", "mean_velocity": -4.52, "temporal_coherence": 0.83 }, "geometry": { "type": "Point", "coordinates": [ 14.25384, 40.78491 ] } },
{ "type": "Feature", "properties": { "pid": "CFsynt_002252", "mean_velocity": 0.7, "temporal_coherence": 0.919 }, "geometry": { "type": "Point", "coordinates": [ 14.139872, 40.891495 ] } },
{ "type": "Feature", "properties": { "pid": "CFsynt_002253", "mean_velocity": -1.76, "temporal_coherence": 0.821 }, "geometry": { "type": "Point", "coordinates": [ 14.200381, 40.910005 ] } },
{ "type": "Feature", "properties": { "pid": "CFsynt_002255", "mean_velocity": 23.95, "temporal_coherence": 0.977 }, "geometry": { "type": "Point", "coordinates": [ 14.181374, 40.796089 ] } },
{ "type": "Feature", "properties": { "pid": "CFsynt_002256", "mean_velocity": -6.41, "temporal_coherence": 0.979 }, "geometry": { "type": "Point", "coordinates": [ 14.293841, 40.898033 ] } },
{ "type": "Feature", "properties": { "pid": "CFsynt_002257", "mean_velocity": -1.94, "temporal_coherence": 0.947 }, "geometry": { "type": "Point", "coordinates": [ 14.260165, 40.80491 ] } },
{ "type": "Feature", "properties": { "pid": "CFsynt_002259", "mean_velocity": 34.98, "temporal_coherence": 0.852 }, "geometry": { "type": "Point", "coordinates": [ 14.154439, 40.862132 ] } },
{ "type": "Feature", "properties": { "pid": "CFsynt_002260", "mean_velocity": -6.04, "temporal_coherence": 0.936 }, "geometry": { "type": "Point", "coordinates": [ 14.232512, 40.826008 ] } },
{ "type": "Feature", "properties": { "pid": "CFsynt_002262", "mean_velocity": 0.06, "temporal_coherence": 0.832 }, "geometry": { "type": "Point", "coordinates": [ 14.162929, 40.908952 ] } },
{ "type": "Feature", "properties": { "pid": "CFsynt_002264", "mean_velocity": -5.34, "temporal_coherence": 0.78 }, "geometry": { "type": "Point", "coordinates": [ 14.192983, 40.879865 ] } },
{ "type": "Feature", "properties": { "pid": "CFsynt_002267", "mean_velocity": 24.73, "temporal_coherence": 0.71 }, "geometry": { "type": "Point", "coordinates": [ 14.177226, 40.79503 ] } },
{ "type": "Feature", "properties": { "pid": "CFsynt_002269", "mean_velocity": -4.57, "temporal_coherence": 0.905 }, "geometry": { "type": "Point", "coordinates": [ 14.282115, 40.822875 ] } },
{ "type": "Feature", "properties": { "pid": "CFsynt_002270", "mean_velocity": 7.21, "temporal_coherence": 0.94 }, "geometry": { "type": "Point", "coordinates": [ 14.212395, 40.847753 ] } },
{ "type": "Feature", "properties": { "pid": "CFsynt_002271", "mean_velocity": -1.23, "temporal_coherence": 0.802 }, "geometry": { "type": "Point", "coordinates": [ 14.207607, 40.788254 ] } },
{ "type": "Feature", "properties": { "pid": "CFsynt_002276", "mean_velocity": 30.15, "temporal_coherence": 0.723 }, "geometry": { "type": "Point", "coordinates": [ 14.191295, 40.836047 ] } },
{ "type": "Feature", "properties": { "pid": "CFsynt_002277", "mean_velocity": -2.02, "temporal_coherence": 0.965 }, "geometry": { "type": "Point", "coordinates": [ 14.092718, 40.894556 ] } },
{ "type": "Feature", "properties": { "pid": "CFsynt_002279", "mean_velocity": 7.12, "temporal_coherence": 0.896 }, "geometry": { "type": "Point", "coordinates": [ 14.218035, 40.817859 ] } },
{ "type": "Feature", "properties": { "pid": "CFsynt_002281", "mean_velocity": 9.17, "temporal_coherence": 0.921 }, "geometry": { "type": "Point", "coordinates": [ 14.08455, 40.866777 ] } },
{ "type": "Feature", "properties": { "pid": "CFsynt_002282", "mean_velocity": 87.36, "temporal_coherence": 0.853 }, "geometry": { "type": "Point", "coordinates": [ 14.128317, 40.830802 ] } },
{ "type": "Feature", "properties": { "pid": "CFsynt_002283", "mean_velocity": 1.96, "temporal_coherence": 0.984 }, "geometry": { "type": "Point", "coordinates": [ 14.234096, 40.850753 ] } },
{ "type": "Feature", "properties": { "pid": "CFsynt_002286", "mean_velocity": -1.99, "temporal_coherence": 0.858 }, "geometry": { "type": "Point", "coordinates": [ 14.287528, 40.832198 ] } },
{ "type": "Feature", "properties": { "pid": "CFsynt_002288", "mean_velocity": 33.55, "temporal_coherence": 0.864 }, "geometry": { "type": "Point", "coordinates": [ 14.087941, 40.822884 ] } },
{ "type": "Feature", "properties": { "pid": "CFsynt_002289", "mean_velocity": 52.16, "temporal_coherence": 0.914 }, "geometry": { "type": "Point", "coordinates": [ 14.11477, 40.804963 ] } },
{ "type": "Feature", "properties": { "pid": "CFsynt_002292", "mean_velocity": 12.43, "temporal_coherence": 0.822 }, "geometry": { "type": "Point", "coordinates": [ 14.207051, 40.842642 ] } },
{ "type": "Feature", "properties": { "pid": "CFsynt_002294", "mean_velocity": 8.81, "temporal_coherence": 0.861 }, "geometry": { "type": "Point", "coordinates": [ 14.116746, 40.883867 ] } },
{ "type": "Feature", "properties": { "pid": "CFsynt_002296", "mean_velocity": -0.58, "temporal_coherence": 0.988 }, "geometry": { "type": "Point", "coordinates": [ 14.24126, 40.881256 ] } },
{ "type": "Feature", "properties": { "pid": "CFsynt_002301", "mean_velocity": -1.77, "temporal_coherence": 0.826 }, "geometry": { "type": "Point", "coordinates": [ 14.249386, 40.83076 ] } },
{ "type": "Feature", "properties": { "pid": "CFsynt_002303", "mean_velocity": 50.64, "temporal_coherence": 0.89 }, "geometry": { "type": "Point", "coordinates": [ 14.170953, 40.843521 ] } },
{ "type": "Feature", "properties": { "pid": "CFsynt_002304", "mean_velocity": -2.68, "temporal_coherence": 0.975 }, "geometry": { "type": "Point", "coordinates": [ 14.15648, 40.895423 ] } },
{ "type": "Feature", "properties": { "pid": "CFsynt_002305", "mean_velocity": 22.0, "temporal_coherence": 0.985 }, "geometry": { "type": "Point", "coordinates": [ 14.124147, 40.781498 ] } },
{ "type": "Feature", "properties": { "pid": "CFsynt_002306", "mean_velocity": -3.85, "temporal_coherence": 0.862 }, "geometry": { "type": "Point", "coordinates": [ 14.181297, 40.884515 ] } },
{ "type": "Feature", "properties": { "pid": "CFsynt_002307", "mean_velocity": 16.75, "temporal_coherence": 0.71 }, "geometry": { "type": "Point", "coordinates": [ 14.155034, 40.880122 ] } },
{ "type": "Feature", "properties": { "pid": "CFsynt_002308", "mean_velocity": 19.18, "temporal_coherence": 0.752 }, "geometry": { "type": "Point", "coordinates": [ 14.203469, 40.826733 ] } },
{ "type": "Feature", "properties": { "pid": "CFsynt_002311", "mean_velocity": -0.95, "temporal_coherence": 0.928 }, "geometry": { "type": "Point", "coordinates": [ 14.052836, 40.816909 ] } },
{ "type": "Feature", "properties": { "pid": "CFsynt_002313", "mean_velocity": 20.44, "temporal_coherence": 0.941 }, "geometry": { "type": "Point", "coordinates": [ 14.082405, 40.815495 ] } },
{ "type": "Feature", "properties": { "pid": "CFsynt_002314", "mean_velocity": 45.34, "temporal_coherence": 0.96 }, "geometry": { "type": "Point", "coordinates": [ 14.132115, 40.79685 ] } },
{ "type": "Feature", "properties": { "pid": "CFsynt_002315", "mean_velocity": 36.35, "temporal_coherence": 0.933 }, "geometry": { "type": "Point", "coordinates": [ 14.113367, 40.858505 ] } },
{ "type": "Feature", "properties": { "pid": "CFsynt_002317", "mean_velocity": -5.4, "temporal_coherence": 0.853 }, "geometry": { "type": "Point", "coordinates": [ 14.251582, 40.916661 ] } },
{ "type": "Feature", "properties": { "pid": "CFsynt_002319", "mean_velocity": -2.95, "temporal_coherence": 0.95 }, "geometry": { "type": "Point", "coordinates": [ 14.296581, 40.837148 ] } },
{ "type": "Feature", "properties": { "pid": "CFsynt_002326", "mean_velocity": -1.81, "temporal_coherence": 0.792 }, "geometry": { "type": "Point", "coordinates": [ 14.090598, 40.885886 ] } },
{ "type": "Feature", "properties": { "pid": "CFsynt_002327", "mean_velocity": 13.06, "temporal_coherence": 0.819 }, "geometry": { "type": "Point", "coordinates": [ 14.087454, 40.862244 ] } },
{ "type": "Feature", "properties": { "pid": "CFsynt_002328", "mean_velocity": -3.91, "temporal_coherence": 0.785 }, "geometry": { "type": "Point", "coordinates": [ 14.196356, 40.904244 ] } },
{ "type": "Feature", "properties": { "pid": "CFsynt_002329", "mean_velocity": 39.44, "temporal_coherence": 0.87 }, "geometry": { "type": "Point", "coordinates": [ 14.17442, 40.845617 ] } },
{ "type": "Feature", "properties": { "pid": "CFsynt_002330", "mean_velocity": 11.74, "temporal_coherence": 0.875 }, "geometry": { "type": "Point", "coordinates": [ 14.198327, 40.794519 ] } },
{ "type": "Feature", "properties": { "pid": "CFsynt_002331", "mean_velocity": 18.54, "temporal_coherence": 0.954 }, "geometry": { "type": "Point", "coordinates": [ 14.139253, 40.875172 ] } },
{ "type": "Feature", "properties": { "pid": "CFsynt_002334", "mean_velocity": 46.76, "temporal_coherence": 0.796 }, "geometry": { "type": "Point", "coordinates": [ 14.154234, 40.798287 ] } },
{ "type": "Feature", "properties": { "pid": "CFsynt_002338", "mean_velocity": 27.69, "temporal_coherence": 0.801 }, "geometry": { "type": "Point", "coordinates": [ 14.194646, 40.832048 ] } },
{ "type": "Feature", "properties": { "pid": "CFsynt_002340", "mean_velocity": 10.0, "temporal_coherence": 0.939 }, "geometry": { "type": "Point", "coordinates": [ 14.079393, 40.789467 ] } },
{ "type": "Feature", "properties": { "pid": "CFsynt_002341", "mean_velocity": -2.4, "temporal_coherence": 0.805 }, "geometry": { "type": "Point", "coordinates": [ 14.05005, 40.861974 ] } },
{ "type": "Feature", "properties": { "pid": "CFsynt_002342", "mean_velocity": -2.41, "temporal_coherence": 0.753 }, "geometry": { "type": "Point", "coordinates": [ 14.241085, 40.880931 ] } },
{ "type": "Feature", "properties": { "pid": "CFsynt_002343", "mean_velocity": 71.93, "temporal_coherence": 0.72 }, "geometry": { "type": "Point", "coordinates": [ 14.113537, 40.823863 ] } },
{ "type": "Feature", "properties": { "pid": "CFsynt_002346", "mean_velocity": -0.12, "temporal_coherence": 0.776 }, "geometry": { "type": "Point", "coordinates": [ 14.280139, 40.872859 ] } },
{ "type": "Feature", "properties": { "pid": "CFsynt_002347", "mean_velocity": -1.88, "temporal_coherence": 0.711 }, "geometry": { "type": "Point", "coordinates": [ 14.272304, 40.785357 ] } },
{ "type": "Feature", "properties": { "pid": "CFsynt_002351", "mean_velocity": 1.65, "temporal_coherence": 0.872 }, "geometry": { "type": "Point", "coordinates": [ 14.277553, 40.918876 ] } },
{ "type": "Feature", "properties": { "pid": "CFsynt_002352", "mean_velocity": -1.88, "temporal_coherence": 0.914 }, "geometry": { "type": "Point", "coordinates": [ 14.098064, 40.905366 ] } },
{ "type": "Feature", "properties": { "pid": "CFsynt_002353", "mean_velocity": 16.28, "temporal_coherence": 0.885 }, "geometry": { "type": "Point", "coordinates": [ 14.188999, 40.79593 ] } },
{ "type": "Feature", "properties": { "pid": "CFsynt_002357", "mean_velocity": 10.61, "temporal_coherence": 0.781 }, "geometry": { "type": "Point", "coordinates": [ 14.175192, 40.780794 ] } },
{ "type": "Feature", "properties": { "pid": "CFsynt_002359", "mean_velocity": 2.01, "temporal_coherence": 0.853 }, "geometry": { "type": "Point", "coordinates": [ 14.073538, 40.788923 ] } },
{ "type": "Feature", "properties": { "pid": "CFsynt_002360", "mean_velocity": -5.7, "temporal_coherence": 0.966 }, "geometry": { "type": "Point", "coordinates": [ 14.270904, 40.790923 ] } },
{ "type": "Feature", "properties": { "pid": "CFsynt_002362", "mean_velocity": 46.36, "temporal_coherence": 0.879 }, "geometry": { "type": "Point", "coordinates": [ 14.168518, 40.847231 ] } },
{ "type": "Feature", "properties": { "pid": "CFsynt_002363", "mean_velocity": -1.43, "temporal_coherence": 0.78 }, "geometry": { "type": "Point", "coordinates": [ 14.287037, 40.827121 ] } },
{ "type": "Feature", "properties": { "pid": "CFsynt_002366", "mean_velocity": 13.8, "temporal_coherence": 0.908 }, "geometry": { "type": "Point", "coordinates": [ 14.106362, 40.781533 ] } },
{ "type": "Feature", "properties": { "pid": "CFsynt_002367", "mean_velocity": -2.23, "temporal_coherence": 0.754 }, "geometry": { "type": "Point", "coordinates": [ 14.151387, 40.896251 ] } },
{ "type": "Feature", "properties": { "pid": "CFsynt_002368", "mean_velocity": 86.1, "temporal_coherence": 0.871 }, "geometry": { "type": "Point", "coordinates": [ 14.136309, 40.820179 ] } },
{ "type": "Feature", "properties": { "pid": "CFsynt_002369", "mean_velocity": 12.97, "temporal_coherence": 0.705 }, "geometry": { "type": "Point", "coordinates": [ 14.181219, 40.781069 ] } },
{ "type": "Feature", "properties": { "pid": "CFsynt_002371", "mean_velocity": 44.56, "temporal_coherence": 0.933 }, "geometry": { "type": "Point", "coordinates": [ 14.124801, 40.858776 ] } },
{ "type": "Feature", "properties": { "pid": "CFsynt_002372", "mean_velocity": 37.11, "temporal_coherence": 0.884 }, "geometry": { "type": "Point", "coordinates": [ 14.118589, 40.797073 ] } },
{ "type": "Feature", "properties": { "pid": "CFsynt_002373", "mean_velocity": 51.61, "temporal_coherence": 0.871 }, "geometry": { "type": "Point", "coordinates": [ 14.102747, 40.832949 ] } },
{ "type": "Feature", "properties": { "pid": "CFsynt_002374", "mean_velocity": 19.24, "temporal_coherence": 0.72 }, "geometry": { "type": "Point", "coordinates": [ 14.135864, 40.874422 ] } },
{ "type": "Feature", "properties": { "pid": "CFsynt_002376", "mean_velocity": -5.95, "temporal_coherence": 0.84 }, "geometry": { "type": "Point", "coordinates": [ 14.28291, 40.890169 ] } },
{ "type": "Feature", "properties": { "pid": "CFsynt_002377", "mean_velocity": -5.99, "temporal_coherence": 0.809 }, "geometry": { "type": "Point", "coordinates": [ 14.204615, 40.910553 ] } },
{ "type": "Feature", "properties": { "pid": "CFsynt_002378", "mean_velocity": 15.27, "temporal_coherence": 0.945 }, "geometry": { "type": "Point", "coordinates": [ 14.068798, 40.833645 ] } },
{ "type": "Feature", "properties": { "pid": "CFsynt_002379", "mean_velocity": -3.62, "temporal_coherence": 0.915 }, "geometry": { "type": "Point", "coordinates": [ 14.231219, 40.836134 ] } },
{ "type": "Feature", "properties": { "pid": "CFsynt_002380", "mean_velocity": -5.47, "temporal_coherence": 0.759 }, "geometry": { "type": "Point", "coordinates": [ 14.275823, 40.849405 ] } },
{ "type": "Feature", "properties": { "pid": "CFsynt_002381", "mean_velocity": 18.56, "temporal_coherence": 0.958 }, "geometry": { "type": "Point", "coordinates": [ 14.098885, 40.861944 ] } },
{ "type": "Feature", "properties": { "pid": "CFsynt_002388", "mean_velocity": -1.7, "temporal_coherence": 0.954 }, "geometry": { "type": "Point", "coordinates": [ 14.246941, 40.837289 ] } },
{ "type": "Feature", "properties": { "pid": "CFsynt_002389", "mean_velocity": -3.17, "temporal_coherence": 0.812 }, "geometry": { "type": "Point", "coordinates": [ 14.05084, 40.861869 ] } },
{ "type": "Feature", "properties": { "pid": "CFsynt_002391", "mean_velocity": 0.43, "temporal_coherence": 0.881 }, "geometry": { "type": "Point", "coordinates": [ 14.249262, 40.838292 ] } },
{ "type": "Feature", "properties": { "pid": "CFsynt_002392", "mean_velocity": 79.78, "temporal_coherence": 0.896 }, "geometry": { "type": "Point", "coordinates": [ 14.134169, 40.840588 ] } },
{ "type": "Feature", "properties": { "pid": "CFsynt_002396", "mean_velocity": 29.56, "temporal_coherence": 0.959 }, "geometry": { "type": "Point", "coordinates": [ 14.104709, 40.858519 ] } },
{ "type": "Feature", "properties": { "pid": "CFsynt_002397", "mean_velocity": -3.6, "temporal_coherence": 0.828 }, "geometry": { "type": "Point", "coordinates": [ 14.084952, 40.896215 ] } },
{ "type": "Feature", "properties": { "pid": "CFsynt_002399", "mean_velocity": -3.67, "temporal_coherence": 0.854 }, "geometry": { "type": "Point", "coordinates": [ 14.191024, 40.903236 ] } },
{ "type": "Feature", "properties": { "pid": "CFsynt_002400", "mean_velocity": 13.13, "temporal_coherence": 0.914 }, "geometry": { "type": "Point", "coordinates": [ 14.202969, 40.850682 ] } },
{ "type": "Feature", "properties": { "pid": "CFsynt_002401", "mean_velocity": -5.14, "temporal_coherence": 0.77 }, "geometry": { "type": "Point", "coordinates": [ 14.259759, 40.790502 ] } },
{ "type": "Feature", "properties": { "pid": "CFsynt_002402", "mean_velocity": -1.36, "temporal_coherence": 0.839 }, "geometry": { "type": "Point", "coordinates": [ 14.248391, 40.865887 ] } },
{ "type": "Feature", "properties": { "pid": "CFsynt_002403", "mean_velocity": -1.88, "temporal_coherence": 0.987 }, "geometry": { "type": "Point", "coordinates": [ 14.288837, 40.910174 ] } },
{ "type": "Feature", "properties": { "pid": "CFsynt_002405", "mean_velocity": -1.6, "temporal_coherence": 0.809 }, "geometry": { "type": "Point", "coordinates": [ 14.101707, 40.908556 ] } },
{ "type": "Feature", "properties": { "pid": "CFsynt_002406", "mean_velocity": 13.96, "temporal_coherence": 0.776 }, "geometry": { "type": "Point", "coordinates": [ 14.191204, 40.794014 ] } },
{ "type": "Feature", "properties": { "pid": "CFsynt_002407", "mean_velocity": -3.84, "temporal_coherence": 0.782 }, "geometry": { "type": "Point", "coordinates": [ 14.116249, 40.888264 ] } },
{ "type": "Feature", "properties": { "pid": "CFsynt_002408", "mean_velocity": -1.41, "temporal_coherence": 0.744 }, "geometry": { "type": "Point", "coordinates": [ 14.125638, 40.918428 ] } },
{ "type": "Feature", "properties": { "pid": "CFsynt_002410", "mean_velocity": -3.51, "temporal_coherence": 0.758 }, "geometry": { "type": "Point", "coordinates": [ 14.22775, 40.883435 ] } },
{ "type": "Feature", "properties": { "pid": "CFsynt_002412", "mean_velocity": 17.62, "temporal_coherence": 0.843 }, "geometry": { "type": "Point", "coordinates": [ 14.150905, 40.874656 ] } },
{ "type": "Feature", "properties": { "pid": "CFsynt_002413", "mean_velocity": 32.17, "temporal_coherence": 0.804 }, "geometry": { "type": "Point", "coordinates": [ 14.185857, 40.812989 ] } },
{ "type": "Feature", "properties": { "pid": "CFsynt_002417", "mean_velocity": -4.37, "temporal_coherence": 0.863 }, "geometry": { "type": "Point", "coordinates": [ 14.183015, 40.914228 ] } },
{ "type": "Feature", "properties": { "pid": "CFsynt_002420", "mean_velocity": 7.89, "temporal_coherence": 0.964 }, "geometry": { "type": "Point", "coordinates": [ 14.065915, 40.810425 ] } },
{ "type": "Feature", "properties": { "pid": "CFsynt_002421", "mean_velocity": -0.95, "temporal_coherence": 0.934 }, "geometry": { "type": "Point", "coordinates": [ 14.087414, 40.91171 ] } },
{ "type": "Feature", "properties": { "pid": "CFsynt_002422", "mean_velocity": -1.73, "temporal_coherence": 0.939 }, "geometry": { "type": "Point", "coordinates": [ 14.251943, 40.878047 ] } },
{ "type": "Feature", "properties": { "pid": "CFsynt_002424", "mean_velocity": -2.82, "temporal_coherence": 0.939 }, "geometry": { "type": "Point", "coordinates": [ 14.291081, 40.821683 ] } },
{ "type": "Feature", "properties": { "pid": "CFsynt_002425", "mean_velocity": -2.25, "temporal_coherence": 0.864 }, "geometry": { "type": "Point", "coordinates": [ 14.240453, 40.859265 ] } },
{ "type": "Feature", "properties": { "pid": "CFsynt_002427", "mean_velocity": -2.18, "temporal_coherence": 0.945 }, "geometry": { "type": "Point", "coordinates": [ 14.230636, 40.802119 ] } },
{ "type": "Feature", "properties": { "pid": "CFsynt_002429", "mean_velocity": -8.16, "temporal_coherence": 0.794 }, "geometry": { "type": "Point", "coordinates": [ 14.249631, 40.866632 ] } },
{ "type": "Feature", "properties": { "pid": "CFsynt_002432", "mean_velocity": -8.95, "temporal_coherence": 0.846 }, "geometry": { "type": "Point", "coordinates": [ 14.199991, 40.918799 ] } },
{ "type": "Feature", "properties": { "pid": "CFsynt_002433", "mean_velocity": 13.99, "temporal_coherence": 0.895 }, "geometry": { "type": "Point", "coordinates": [ 14.123514, 40.876151 ] } },
{ "type": "Feature", "properties": { "pid": "CFsynt_002434", "mean_velocity": -6.35, "temporal_coherence": 0.81 }, "geometry": { "type": "Point", "coordinates": [ 14.232209, 40.897353 ] } },
{ "type": "Feature", "properties": { "pid": "CFsynt_002436", "mean_velocity": 23.44, "temporal_coherence": 0.917 }, "geometry": { "type": "Point", "coordinates": [ 14.200381, 40.835683 ] } },
{ "type": "Feature", "properties": { "pid": "CFsynt_002437", "mean_velocity": -2.93, "temporal_coherence": 0.702 }, "geometry": { "type": "Point", "coordinates": [ 14.22266, 40.90375 ] } },
{ "type": "Feature", "properties": { "pid": "CFsynt_002439", "mean_velocity": -0.82, "temporal_coherence": 0.853 }, "geometry": { "type": "Point", "coordinates": [ 14.249275, 40.790991 ] } },
{ "type": "Feature", "properties": { "pid": "CFsynt_002441", "mean_velocity": 17.34, "temporal_coherence": 0.837 }, "geometry": { "type": "Point", "coordinates": [ 14.076513, 40.815403 ] } },
{ "type": "Feature", "properties": { "pid": "CFsynt_002442", "mean_velocity": 33.39, "temporal_coherence": 0.891 }, "geometry": { "type": "Point", "coordinates": [ 14.088698, 40.817869 ] } },
{ "type": "Feature", "properties": { "pid": "CFsynt_002444", "mean_velocity": -1.92, "temporal_coherence": 0.78 }, "geometry": { "type": "Point", "coordinates": [ 14.169599, 40.91547 ] } },
{ "type": "Feature", "properties": { "pid": "CFsynt_002447", "mean_velocity": 12.55, "temporal_coherence": 0.871 }, "geometry": { "type": "Point", "coordinates": [ 14.14724, 40.882409 ] } },
{ "type": "Feature", "properties": { "pid": "CFsynt_002449", "mean_velocity": -0.04, "temporal_coherence": 0.749 }, "geometry": { "type": "Point", "coordinates": [ 14.199705, 40.902606 ] } },
{ "type": "Feature", "properties": { "pid": "CFsynt_002452", "mean_velocity": -1.56, "temporal_coherence": 0.812 }, "geometry": { "type": "Point", "coordinates": [ 14.216049, 40.787531 ] } },
{ "type": "Feature", "properties": { "pid": "CFsynt_002454", "mean_velocity": 6.97, "temporal_coherence": 0.936 }, "geometry": { "type": "Point", "coordinates": [ 14.211181, 40.795614 ] } },
{ "type": "Feature", "properties": { "pid": "CFsynt_002458", "mean_velocity": 10.43, "temporal_coherence": 0.882 }, "geometry": { "type": "Point", "coordinates": [ 14.109215, 40.878031 ] } },
{ "type": "Feature", "properties": { "pid": "CFsynt_002459", "mean_velocity": 22.59, "temporal_coherence": 0.967 }, "geometry": { "type": "Point", "coordinates": [ 14.182946, 40.859258 ] } },
{ "type": "Feature", "properties": { "pid": "CFsynt_002461", "mean_velocity": -4.75, "temporal_coherence": 0.955 }, "geometry": { "type": "Point", "coordinates": [ 14.226925, 40.877994 ] } },
{ "type": "Feature", "properties": { "pid": "CFsynt_002465", "mean_velocity": -3.85, "temporal_coherence": 0.778 }, "geometry": { "type": "Point", "coordinates": [ 14.242865, 40.850662 ] } },
{ "type": "Feature", "properties": { "pid": "CFsynt_002466", "mean_velocity": 0.68, "temporal_coherence": 0.856 }, "geometry": { "type": "Point", "coordinates": [ 14.269958, 40.83015 ] } },
{ "type": "Feature", "properties": { "pid": "CFsynt_002467", "mean_velocity": 14.55, "temporal_coherence": 0.739 }, "geometry": { "type": "Point", "coordinates": [ 14.202102, 40.850564 ] } },
{ "type": "Feature", "properties": { "pid": "CFsynt_002468", "mean_velocity": 10.55, "temporal_coherence": 0.986 }, "geometry": { "type": "Point", "coordinates": [ 14.201495, 40.854046 ] } },
{ "type": "Feature", "properties": { "pid": "CFsynt_002469", "mean_velocity": 84.28, "temporal_coherence": 0.963 }, "geometry": { "type": "Point", "coordinates": [ 14.128192, 40.82495 ] } },
{ "type": "Feature", "properties": { "pid": "CFsynt_002471", "mean_velocity": -3.16, "temporal_coherence": 0.986 }, "geometry": { "type": "Point", "coordinates": [ 14.280591, 40.904337 ] } },
{ "type": "Feature", "properties": { "pid": "CFsynt_002472", "mean_velocity": 0.01, "temporal_coherence": 0.925 }, "geometry": { "type": "Point", "coordinates": [ 14.239763, 40.834972 ] } },
{ "type": "Feature", "properties": { "pid": "CFsynt_002474", "mean_velocity": 75.37, "temporal_coherence": 0.716 }, "geometry": { "type": "Point", "coordinates": [ 14.136787, 40.810943 ] } },
{ "type": "Feature", "properties": { "pid": "CFsynt_002477", "mean_velocity": 26.33, "temporal_coherence": 0.913 }, "geometry": { "type": "Point", "coordinates": [ 14.085977, 40.840873 ] } },
{ "type": "Feature", "properties": { "pid": "CFsynt_002481", "mean_velocity": 18.03, "temporal_coherence": 0.966 }, "geometry": { "type": "Point", "coordinates": [ 14.098104, 40.791365 ] } },
{ "type": "Feature", "properties": { "pid": "CFsynt_002482", "mean_velocity": -3.86, "temporal_coherence": 0.749 }, "geometry": { "type": "Point", "coordinates": [ 14.060668, 40.908852 ] } },
{ "type": "Feature", "properties": { "pid": "CFsynt_002483", "mean_velocity": 41.83, "temporal_coherence": 0.714 }, "geometry": { "type": "Point", "coordinates": [ 14.128109, 40.859117 ] } },
{ "type": "Feature", "properties": { "pid": "CFsynt_002485", "mean_velocity": -5.45, "temporal_coherence": 0.738 }, "geometry": { "type": "Point", "coordinates": [ 14.141169, 40.910872 ] } },
{ "type": "Feature", "properties": { "pid": "CFsynt_002488", "mean_velocity": -5.18, "temporal_coherence": 0.758 }, "geometry": { "type": "Point", "coordinates": [ 14.062138, 40.903862 ] } },
{ "type": "Feature", "properties": { "pid": "CFsynt_002489", "mean_velocity": -2.98, "temporal_coherence": 0.781 }, "geometry": { "type": "Point", "coordinates": [ 14.206511, 40.887578 ] } },
{ "type": "Feature", "properties": { "pid": "CFsynt_002494", "mean_velocity": -1.46, "temporal_coherence": 0.874 }, "geometry": { "type": "Point", "coordinates": [ 14.286263, 40.86892 ] } },
{ "type": "Feature", "properties": { "pid": "CFsynt_002495", "mean_velocity": 23.11, "temporal_coherence": 0.842 }, "geometry": { "type": "Point", "coordinates": [ 14.181421, 40.854815 ] } },
{ "type": "Feature", "properties": { "pid": "CFsynt_002496", "mean_velocity": 11.37, "temporal_coherence": 0.886 }, "geometry": { "type": "Point", "coordinates": [ 14.190153, 40.788714 ] } },
{ "type": "Feature", "properties": { "pid": "CFsynt_002501", "mean_velocity": -5.7, "temporal_coherence": 0.859 }, "geometry": { "type": "Point", "coordinates": [ 14.228074, 40.899974 ] } },
{ "type": "Feature", "properties": { "pid": "CFsynt_002503", "mean_velocity": -7.52, "temporal_coherence": 0.786 }, "geometry": { "type": "Point", "coordinates": [ 14.270454, 40.867773 ] } },
{ "type": "Feature", "properties": { "pid": "CFsynt_002504", "mean_velocity": 10.66, "temporal_coherence": 0.973 }, "geometry": { "type": "Point", "coordinates": [ 14.110387, 40.882595 ] } },
{ "type": "Feature", "properties": { "pid": "CFsynt_002509", "mean_velocity": -0.33, "temporal_coherence": 0.832 }, "geometry": { "type": "Point", "coordinates": [ 14.216272, 40.914831 ] } },
{ "type": "Feature", "properties": { "pid": "CFsynt_002510", "mean_velocity": 59.15, "temporal_coherence": 0.771 }, "geometry": { "type": "Point", "coordinates": [ 14.164154, 40.811848 ] } },
{ "type": "Feature", "properties": { "pid": "CFsynt_002511", "mean_velocity": 48.31, "temporal_coherence": 0.85 }, "geometry": { "type": "Point", "coordinates": [ 14.151732, 40.855187 ] } },
{ "type": "Feature", "properties": { "pid": "CFsynt_002512", "mean_velocity": 5.47, "temporal_coherence": 0.984 }, "geometry": { "type": "Point", "coordinates": [ 14.06464, 40.850114 ] } },
{ "type": "Feature", "properties": { "pid": "CFsynt_002514", "mean_velocity": 44.49, "temporal_coherence": 0.949 }, "geometry": { "type": "Point", "coordinates": [ 14.097492, 40.830925 ] } },
{ "type": "Feature", "properties": { "pid": "CFsynt_002517", "mean_velocity": 14.55, "temporal_coherence": 0.703 }, "geometry": { "type": "Point", "coordinates": [ 14.095743, 40.789306 ] } },
{ "type": "Feature", "properties": { "pid": "CFsynt_002518", "mean_velocity": 15.97, "temporal_coherence": 0.804 }, "geometry": { "type": "Point", "coordinates": [ 14.189098, 40.859087 ] } },
{ "type": "Feature", "properties": { "pid": "CFsynt_002520", "mean_velocity": -3.78, "temporal_coherence": 0.738 }, "geometry": { "type": "Point", "coordinates": [ 14.07733, 40.87115 ] } },
{ "type": "Feature", "properties": { "pid": "CFsynt_002521", "mean_velocity": 27.25, "temporal_coherence": 0.969 }, "geometry": { "type": "Point", "coordinates": [ 14.193362, 40.825823 ] } },
{ "type": "Feature", "properties": { "pid": "CFsynt_002523", "mean_velocity": 10.54, "temporal_coherence": 0.929 }, "geometry": { "type": "Point", "coordinates": [ 14.211586, 40.834774 ] } },
{ "type": "Feature", "properties": { "pid": "CFsynt_002524", "mean_velocity": -3.22, "temporal_coherence": 0.871 }, "geometry": { "type": "Point", "coordinates": [ 14.29454, 40.784514 ] } },
{ "type": "Feature", "properties": { "pid": "CFsynt_002525", "mean_velocity": -2.85, "temporal_coherence": 0.968 }, "geometry": { "type": "Point", "coordinates": [ 14.073788, 40.91012 ] } },
{ "type": "Feature", "properties": { "pid": "CFsynt_002527", "mean_velocity": -4.57, "temporal_coherence": 0.888 }, "geometry": { "type": "Point", "coordinates": [ 14.291722, 40.885075 ] } },
{ "type": "Feature", "properties": { "pid": "CFsynt_002528", "mean_velocity": -1.65, "temporal_coherence": 0.964 }, "geometry": { "type": "Point", "coordinates": [ 14.270435, 40.894786 ] } },
{ "type": "Feature", "properties": { "pid": "CFsynt_002529", "mean_velocity": 8.62, "temporal_coherence": 0.86 }, "geometry": { "type": "Point", "coordinates": [ 14.213073, 40.807649 ] } },
{ "type": "Feature", "properties": { "pid": "CFsynt_002530", "mean_velocity": -6.08, "temporal_coherence": 0.896 }, "geometry": { "type": "Point", "coordinates": [ 14.209843, 40.87557 ] } },
{ "type": "Feature", "properties": { "pid": "CFsynt_002532", "mean_velocity": 0.42, "temporal_coherence": 0.97 }, "geometry": { "type": "Point", "coordinates": [ 14.230244, 40.79544 ] } },
{ "type": "Feature", "properties": { "pid": "CFsynt_002535", "mean_velocity": 13.99, "temporal_coherence": 0.952 }, "geometry": { "type": "Point", "coordinates": [ 14.199825, 40.801521 ] } },
{ "type": "Feature", "properties": { "pid": "CFsynt_002539", "mean_velocity": 40.4, "temporal_coherence": 0.782 }, "geometry": { "type": "Point", "coordinates": [ 14.177823, 40.806273 ] } },
{ "type": "Feature", "properties": { "pid": "CFsynt_002540", "mean_velocity": 21.32, "temporal_coherence": 0.749 }, "geometry": { "type": "Point", "coordinates": [ 14.177085, 40.792874 ] } },
{ "type": "Feature", "properties": { "pid": "CFsynt_002542", "mean_velocity": 82.53, "temporal_coherence": 0.701 }, "geometry": { "type": "Point", "coordinates": [ 14.128518, 40.816544 ] } },
{ "type": "Feature", "properties": { "pid": "CFsynt_002544", "mean_velocity": 41.85, "temporal_coherence": 0.955 }, "geometry": { "type": "Point", "coordinates": [ 14.182988, 40.821543 ] } },
{ "type": "Feature", "properties": { "pid": "CFsynt_002545", "mean_velocity": 63.31, "temporal_coherence": 0.891 }, "geometry": { "type": "Point", "coordinates": [ 14.138831, 40.850775 ] } },
{ "type": "Feature", "properties": { "pid": "CFsynt_002548", "mean_velocity": -5.42, "temporal_coherence": 0.727 }, "geometry": { "type": "Point", "coordinates": [ 14.122703, 40.893846 ] } },
{ "type": "Feature", "properties": { "pid": "CFsynt_002549", "mean_velocity": 12.43, "temporal_coherence": 0.881 }, "geometry": { "type": "Point", "coordinates": [ 14.115249, 40.879094 ] } },
{ "type": "Feature", "properties": { "pid": "CFsynt_002550", "mean_velocity": 11.13, "temporal_coherence": 0.836 }, "geometry": { "type": "Point", "coordinates": [ 14.18756, 40.869541 ] } },
{ "type": "Feature", "properties": { "pid": "CFsynt_002551", "mean_velocity": 12.01, "temporal_coherence": 0.815 }, "geometry": { "type": "Point", "coordinates": [ 14.174791, 40.876937 ] } },
{ "type": "Feature", "properties": { "pid": "CFsynt_002552", "mean_velocity": -3.05, "temporal_coherence": 0.728 }, "geometry": { "type": "Point", "coordinates": [ 14.216685, 40.90385 ] } },
{ "type": "Feature", "properties": { "pid": "CFsynt_002554", "mean_velocity": -7.21, "temporal_coherence": 0.808 }, "geometry": { "type": "Point", "coordinates": [ 14.112714, 40.902519 ] } },
{ "type": "Feature", "properties": { "pid": "CFsynt_002555", "mean_velocity": 3.24, "temporal_coherence": 0.861 }, "geometry": { "type": "Point", "coordinates": [ 14.230904, 40.786208 ] } },
{ "type": "Feature", "properties": { "pid": "CFsynt_002558", "mean_velocity": 62.71, "temporal_coherence": 0.937 }, "geometry": { "type": "Point", "coordinates": [ 14.164479, 40.813994 ] } },
{ "type": "Feature", "properties": { "pid": "CFsynt_002560", "mean_velocity": 10.25, "temporal_coherence": 0.986 }, "geometry": { "type": "Point", "coordinates": [ 14.209124, 40.814848 ] } },
{ "type": "Feature", "properties": { "pid": "CFsynt_002561", "mean_velocity": 0.99, "temporal_coherence": 0.701 }, "geometry": { "type": "Point", "coordinates": [ 14.22671, 40.80389 ] } },
{ "type": "Feature", "properties": { "pid": "CFsynt_002562", "mean_velocity": -1.18, "temporal_coherence": 0.899 }, "geometry": { "type": "Point", "coordinates": [ 14.246552, 40.916077 ] } },
{ "type": "Feature", "properties": { "pid": "CFsynt_002563", "mean_velocity": 31.57, "temporal_coherence": 0.758 }, "geometry": { "type": "Point", "coordinates": [ 14.179807, 40.804464 ] } },
{ "type": "Feature", "properties": { "pid": "CFsynt_002564", "mean_velocity": 13.09, "temporal_coherence": 0.818 }, "geometry": { "type": "Point", "coordinates": [ 14.205144, 40.83479 ] } },
{ "type": "Feature", "properties": { "pid": "CFsynt_002565", "mean_velocity": 87.73, "temporal_coherence": 0.912 }, "geometry": { "type": "Point", "coordinates": [ 14.144859, 40.826226 ] } },
{ "type": "Feature", "properties": { "pid": "CFsynt_002567", "mean_velocity": 10.38, "temporal_coherence": 0.969 }, "geometry": { "type": "Point", "coordinates": [ 14.058986, 40.841942 ] } },
{ "type": "Feature", "properties": { "pid": "CFsynt_002568", "mean_velocity": -2.88, "temporal_coherence": 0.771 }, "geometry": { "type": "Point", "coordinates": [ 14.219949, 40.884976 ] } },
{ "type": "Feature", "properties": { "pid": "CFsynt_002572", "mean_velocity": -5.06, "temporal_coherence": 0.986 }, "geometry": { "type": "Point", "coordinates": [ 14.247793, 40.904451 ] } },
{ "type": "Feature", "properties": { "pid": "CFsynt_002575", "mean_velocity": 7.83, "temporal_coherence": 0.876 }, "geometry": { "type": "Point", "coordinates": [ 14.209776, 40.854423 ] } },
{ "type": "Feature", "properties": { "pid": "CFsynt_002578", "mean_velocity": -5.82, "temporal_coherence": 0.815 }, "geometry": { "type": "Point", "coordinates": [ 14.065464, 40.871911 ] } },
{ "type": "Feature", "properties": { "pid": "CFsynt_002579", "mean_velocity": -2.77, "temporal_coherence": 0.807 }, "geometry": { "type": "Point", "coordinates": [ 14.298593, 40.788227 ] } },
{ "type": "Feature", "properties": { "pid": "CFsynt_002581", "mean_velocity": -4.29, "temporal_coherence": 0.836 }, "geometry": { "type": "Point", "coordinates": [ 14.272498, 40.825088 ] } },
{ "type": "Feature", "properties": { "pid": "CFsynt_002582", "mean_velocity": 1.38, "temporal_coherence": 0.855 }, "geometry": { "type": "Point", "coordinates": [ 14.052255, 40.856189 ] } },
{ "type": "Feature", "properties": { "pid": "CFsynt_002585", "mean_velocity": 73.07, "temporal_coherence": 0.765 }, "geometry": { "type": "Point", "coordinates": [ 14.159124, 40.825147 ] } },
{ "type": "Feature", "properties": { "pid": "CFsynt_002586", "mean_velocity": 23.79, "temporal_coherence": 0.931 }, "geometry": { "type": "Point", "coordinates": [ 14.126964, 40.785229 ] } },
{ "type": "Feature", "properties": { "pid": "CFsynt_002587", "mean_velocity": 22.3, "temporal_coherence": 0.818 }, "geometry": { "type": "Point", "coordinates": [ 14.078138, 40.838825 ] } },
{ "type": "Feature", "properties": { "pid": "CFsynt_002588", "mean_velocity": 57.78, "temporal_coherence": 0.762 }, "geometry": { "type": "Point", "coordinates": [ 14.160816, 40.847512 ] } },
{ "type": "Feature", "properties": { "pid": "CFsynt_002589", "mean_velocity": 21.73, "temporal_coherence": 0.734 }, "geometry": { "type": "Point", "coordinates": [ 14.146688, 40.874732 ] } },
{ "type": "Feature", "properties": { "pid": "CFsynt_002590", "mean_velocity": -2.48, "temporal_coherence": 0.703 }, "geometry": { "type": "Point", "coordinates": [ 14.252622, 40.854421 ] } },
{ "type": "Feature", "properties": { "pid": "CFsynt_002592", "mean_velocity": -5.0, "temporal_coherence": 0.839 }, "geometry": { "type": "Point", "coordinates": [ 14.219245, 40.916872 ] } },
{ "type": "Feature", "properties": { "pid": "CFsynt_002595", "mean_velocity": -2.97, "temporal_coherence": 0.852 }, "geometry": { "type": "Point", "coordinates": [ 14.294862, 40.899109 ] } },
{ "type": "Feature", "properties": { "pid": "CFsynt_002596", "mean_velocity": 0.74, "temporal_coherence": 0.84 }, "geometry": { "type": "Point", "coordinates": [ 14.055733, 40.878828 ] } },
{ "type": "Feature", "properties": { "pid": "CFsynt_002597", "mean_velocity": 15.61, "temporal_coherence": 0.73 }, "geometry": { "type": "Point", "coordinates": [ 14.147988, 40.876899 ] } },
{ "type": "Feature", "properties": { "pid": "CFsynt_002600", "mean_velocity": 52.9, "temporal_coherence": 0.794 }, "geometry": { "type": "Point", "coordinates": [ 14.149249, 40.856541 ] } },
{ "type": "Feature", "properties": { "pid": "CFsynt_002602", "mean_velocity": 65.82, "temporal_coherence": 0.928 }, "geometry": { "type": "Point", "coordinates": [ 14.162456, 40.813812 ] } },
{ "type": "Feature", "properties": { "pid": "CFsynt_002606", "mean_velocity": 10.15, "temporal_coherence": 0.854 }, "geometry": { "type": "Point", "coordinates": [ 14.208118, 40.800025 ] } },
{ "type": "Feature", "properties": { "pid": "CFsynt_002607", "mean_velocity": -3.93, "temporal_coherence": 0.899 }, "geometry": { "type": "Point", "coordinates": [ 14.09744, 40.894138 ] } },
{ "type": "Feature", "properties": { "pid": "CFsynt_002608", "mean_velocity": -3.9, "temporal_coherence": 0.8 }, "geometry": { "type": "Point", "coordinates": [ 14.223155, 40.806852 ] } },
{ "type": "Feature", "properties": { "pid": "CFsynt_002609", "mean_velocity": 33.31, "temporal_coherence": 0.876 }, "geometry": { "type": "Point", "coordinates": [ 14.131855, 40.789227 ] } },
{ "type": "Feature", "properties": { "pid": "CFsynt_002611", "mean_velocity": 0.29, "temporal_coherence": 0.774 }, "geometry": { "type": "Point", "coordinates": [ 14.267585, 40.891267 ] } },
{ "type": "Feature", "properties": { "pid": "CFsynt_002612", "mean_velocity": 12.71, "temporal_coherence": 0.868 }, "geometry": { "type": "Point", "coordinates": [ 14.172923, 40.875706 ] } },
{ "type": "Feature", "properties": { "pid": "CFsynt_002614", "mean_velocity": 15.67, "temporal_coherence": 0.82 }, "geometry": { "type": "Point", "coordinates": [ 14.10863, 40.780708 ] } },
{ "type": "Feature", "properties": { "pid": "CFsynt_002615", "mean_velocity": 8.33, "temporal_coherence": 0.862 }, "geometry": { "type": "Point", "coordinates": [ 14.173335, 40.874092 ] } },
{ "type": "Feature", "properties": { "pid": "CFsynt_002616", "mean_velocity": 11.88, "temporal_coherence": 0.919 }, "geometry": { "type": "Point", "coordinates": [ 14.08727, 40.862801 ] } },
{ "type": "Feature", "properties": { "pid": "CFsynt_002617", "mean_velocity": -1.92, "temporal_coherence": 0.758 }, "geometry": { "type": "Point", "coordinates": [ 14.279657, 40.88348 ] } },
{ "type": "Feature", "properties": { "pid": "CFsynt_002619", "mean_velocity": -2.1, "temporal_coherence": 0.735 }, "geometry": { "type": "Point", "coordinates": [ 14.291623, 40.890786 ] } },
{ "type": "Feature", "properties": { "pid": "CFsynt_002622", "mean_velocity": 21.11, "temporal_coherence": 0.93 }, "geometry": { "type": "Point", "coordinates": [ 14.096218, 40.795303 ] } },
{ "type": "Feature", "properties": { "pid": "CFsynt_002624", "mean_velocity": 25.92, "temporal_coherence": 0.933 }, "geometry": { "type": "Point", "coordinates": [ 14.195652, 40.821755 ] } },
{ "type": "Feature", "properties": { "pid": "CFsynt_002626", "mean_velocity": 29.36, "temporal_coherence": 0.723 }, "geometry": { "type": "Point", "coordinates": [ 14.192508, 40.814421 ] } },
{ "type": "Feature", "properties": { "pid": "CFsynt_002628", "mean_velocity": 68.32, "temporal_coherence": 0.919 }, "geometry": { "type": "Point", "coordinates": [ 14.11368, 40.834005 ] } },
{ "type": "Feature", "properties": { "pid": "CFsynt_002630", "mean_velocity": -3.13, "temporal_coherence": 0.823 }, "geometry": { "type": "Point", "coordinates": [ 14.053904, 40.851559 ] } },
{ "type": "Feature", "properties": { "pid": "CFsynt_002631", "mean_velocity": 33.91, "temporal_coherence": 0.954 }, "geometry": { "type": "Point", "coordinates": [ 14.174004, 40.853056 ] } },
{ "type": "Feature", "properties": { "pid": "CFsynt_002633", "mean_velocity": -0.88, "temporal_coherence": 0.853 }, "geometry": { "type": "Point", "coordinates": [ 14.212744, 40.874679 ] } },
{ "type": "Feature", "properties": { "pid": "CFsynt_002635", "mean_velocity": 61.71, "temporal_coherence": 0.796 }, "geometry": { "type": "Point", "coordinates": [ 14.154292, 40.846175 ] } },
{ "type": "Feature", "properties": { "pid": "CFsynt_002636", "mean_velocity": 54.95, "temporal_coherence": 0.721 }, "geometry": { "type": "Point", "coordinates": [ 14.164676, 40.806857 ] } },
{ "type": "Feature", "properties": { "pid": "CFsynt_002637", "mean_velocity": 36.53, "temporal_coherence": 0.749 }, "geometry": { "type": "Point", "coordinates": [ 14.09069, 40.830629 ] } },
{ "type": "Feature", "properties": { "pid": "CFsynt_002638", "mean_velocity": -0.48, "temporal_coherence": 0.94 }, "geometry": { "type": "Point", "coordinates": [ 14.268651, 40.856674 ] } },
{ "type": "Feature", "properties": { "pid": "CFsynt_002640", "mean_velocity": 1.86, "temporal_coherence": 0.707 }, "geometry": { "type": "Point", "coordinates": [ 14.237821, 40.811225 ] } },
{ "type": "Feature", "properties": { "pid": "CFsynt_002643", "mean_velocity": -1.56, "temporal_coherence": 0.838 }, "geometry": { "type": "Point", "coordinates": [ 14.280249, 40.817491 ] } },
{ "type": "Feature", "properties": { "pid": "CFsynt_002644", "mean_velocity": 65.94, "temporal_coherence": 0.806 }, "geometry": { "type": "Point", "coordinates": [ 14.114405, 40.817856 ] } },
{ "type": "Feature", "properties": { "pid": "CFsynt_002645", "mean_velocity": -3.41, "temporal_coherence": 0.754 }, "geometry": { "type": "Point", "coordinates": [ 14.285669, 40.828289 ] } },
{ "type": "Feature", "properties": { "pid": "CFsynt_002646", "mean_velocity": -5.33, "temporal_coherence": 0.777 }, "geometry": { "type": "Point", "coordinates": [ 14.241529, 40.883261 ] } },
{ "type": "Feature", "properties": { "pid": "CFsynt_002648", "mean_velocity": -1.41, "temporal_coherence": 0.944 }, "geometry": { "type": "Point", "coordinates": [ 14.222728, 40.842848 ] } },
{ "type": "Feature", "properties": { "pid": "CFsynt_002649", "mean_velocity": -2.63, "temporal_coherence": 0.87 }, "geometry": { "type": "Point", "coordinates": [ 14.275439, 40.876075 ] } },
{ "type": "Feature", "properties": { "pid": "CFsynt_002654", "mean_velocity": 71.06, "temporal_coherence": 0.831 }, "geometry": { "type": "Point", "coordinates": [ 14.161332, 40.821888 ] } },
{ "type": "Feature", "properties": { "pid": "CFsynt_002655", "mean_velocity": -1.58, "temporal_coherence": 0.931 }, "geometry": { "type": "Point", "coordinates": [ 14.298815, 40.797435 ] } },
{ "type": "Feature", "properties": { "pid": "CFsynt_002656", "mean_velocity": 45.89, "temporal_coherence": 0.935 }, "geometry": { "type": "Point", "coordinates": [ 14.144384, 40.793622 ] } },
{ "type": "Feature", "properties": { "pid": "CFsynt_002657", "mean_velocity": 21.37, "temporal_coherence": 0.878 }, "geometry": { "type": "Point", "coordinates": [ 14.193985, 40.848376 ] } },
{ "type": "Feature", "properties": { "pid": "CFsynt_002658", "mean_velocity": -8.07, "temporal_coherence": 0.812 }, "geometry": { "type": "Point", "coordinates": [ 14.060723, 40.861489 ] } },
{ "type": "Feature", "properties": { "pid": "CFsynt_002659", "mean_velocity": 45.51, "temporal_coherence": 0.764 }, "geometry": { "type": "Point", "coordinates": [ 14.095475, 40.836617 ] } },
{ "type": "Feature", "properties": { "pid": "CFsynt_002661", "mean_velocity": 72.66, "temporal_coherence": 0.887 }, "geometry": { "type": "Point", "coordinates": [ 14.145, 40.810152 ] } },
{ "type": "Feature", "properties": { "pid": "CFsynt_002665", "mean_velocity": -6.64, "temporal_coherence": 0.814 }, "geometry": { "type": "Point", "coordinates": [ 14.263687, 40.878179 ] } },
{ "type": "Feature", "properties": { "pid": "CFsynt_002666", "mean_velocity": -2.68, "temporal_coherence": 0.839 }, "geometry": { "type": "Point", "coordinates": [ 14.289598, 40.842238 ] } },
{ "type": "Feature", "properties": { "pid": "CFsynt_002667", "mean_velocity": -0.21, "temporal_coherence": 0.75 }, "geometry": { "type": "Point", "coordinates": [ 14.050333, 40.883987 ] } },
{ "type": "Feature", "properties": { "pid": "CFsynt_002668", "mean_velocity": 6.28, "temporal_coherence": 0.976 }, "geometry": { "type": "Point", "coordinates": [ 14.196698, 40.867453 ] } },
{ "type": "Feature", "properties": { "pid": "CFsynt_002671", "mean_velocity": 74.54, "temporal_coherence": 0.74 }, "geometry": { "type": "Point", "coordinates": [ 14.15971, 40.822928 ] } },
{ "type": "Feature", "properties": { "pid": "CFsynt_002673", "mean_velocity": 27.46, "temporal_coherence": 0.909 }, "geometry": { "type": "Point", "coordinates": [ 14.166845, 40.792811 ] } },
{ "type": "Feature", "properties": { "pid": "CFsynt_002674", "mean_velocity": -1.46, "temporal_coherence": 0.725 }, "geometry": { "type": "Point", "coordinates": [ 14.19878, 40.78292 ] } },
{ "type": "Feature", "properties": { "pid": "CFsynt_002675", "mean_velocity": -1.31, "temporal_coherence": 0.889 }, "geometry": { "type": "Point", "coordinates": [ 14.175285, 40.891215 ] } },
{ "type": "Feature", "properties": { "pid": "CFsynt_002676", "mean_velocity": -4.63, "temporal_coherence": 0.784 }, "geometry": { "type": "Point", "coordinates": [ 14.166922, 40.899938 ] } },
{ "type": "Feature", "properties": { "pid": "CFsynt_002677", "mean_velocity": -4.35, "temporal_coherence": 0.83 }, "geometry": { "type": "Point", "coordinates": [ 14.267172, 40.881009 ] } },
{ "type": "Feature", "properties": { "pid": "CFsynt_002678", "mean_velocity": -2.23, "temporal_coherence": 0.98 }, "geometry": { "type": "Point", "coordinates": [ 14.246238, 40.899715 ] } },
{ "type": "Feature", "properties": { "pid": "CFsynt_002679", "mean_velocity": 6.81, "temporal_coherence": 0.881 }, "geometry": { "type": "Point", "coordinates": [ 14.129, 40.88487 ] } },
{ "type": "Feature", "properties": { "pid": "CFsynt_002681", "mean_velocity": 0.44, "temporal_coherence": 0.978 }, "geometry": { "type": "Point", "coordinates": [ 14.277559, 40.86948 ] } },
{ "type": "Feature", "properties": { "pid": "CFsynt_002682", "mean_velocity": -2.62, "temporal_coherence": 0.846 }, "geometry": { "type": "Point", "coordinates": [ 14.074513, 40.899838 ] } },
{ "type": "Feature", "properties": { "pid": "CFsynt_002683", "mean_velocity": -4.93, "temporal_coherence": 0.955 }, "geometry": { "type": "Point", "coordinates": [ 14.198978, 40.915793 ] } },
{ "type": "Feature", "properties": { "pid": "CFsynt_002684", "mean_velocity": 49.09, "temporal_coherence": 0.724 }, "geometry": { "type": "Point", "coordinates": [ 14.11274, 40.804322 ] } },
{ "type": "Feature", "properties": { "pid": "CFsynt_002686", "mean_velocity": -2.8, "temporal_coherence": 0.952 }, "geometry": { "type": "Point", "coordinates": [ 14.099248, 40.900596 ] } },
{ "type": "Feature", "properties": { "pid": "CFsynt_002687", "mean_velocity": -1.55, "temporal_coherence": 0.878 }, "geometry": { "type": "Point", "coordinates": [ 14.224707, 40.806179 ] } },
{ "type": "Feature", "properties": { "pid": "CFsynt_002689", "mean_velocity": -2.43, "temporal_coherence": 0.942 }, "geometry": { "type": "Point", "coordinates": [ 14.178232, 40.908538 ] } },
{ "type": "Feature", "properties": { "pid": "CFsynt_002691", "mean_velocity": 89.99, "temporal_coherence": 0.965 }, "geometry": { "type": "Point", "coordinates": [ 14.140579, 40.818794 ] } },
{ "type": "Feature", "properties": { "pid": "CFsynt_002694", "mean_velocity": -2.24, "temporal_coherence": 0.806 }, "geometry": { "type": "Point", "coordinates": [ 14.283707, 40.902672 ] } },
{ "type": "Feature", "properties": { "pid": "CFsynt_002695", "mean_velocity": 13.48, "temporal_coherence": 0.709 }, "geometry": { "type": "Point", "coordinates": [ 14.078101, 40.848147 ] } },
{ "type": "Feature", "properties": { "pid": "CFsynt_002696", "mean_velocity": -0.25, "temporal_coherence": 0.975 }, "geometry": { "type": "Point", "coordinates": [ 14.267701, 40.78695 ] } },
{ "type": "Feature", "properties": { "pid": "CFsynt_002698", "mean_velocity": 33.32, "temporal_coherence": 0.88 }, "geometry": { "type": "Point", "coordinates": [ 14.144058, 40.789755 ] } },
{ "type": "Feature", "properties": { "pid": "CFsynt_002700", "mean_velocity": -4.43, "temporal_coherence": 0.727 }, "geometry": { "type": "Point", "coordinates": [ 14.229738, 40.809735 ] } },
{ "type": "Feature", "properties": { "pid": "CFsynt_002701", "mean_velocity": 22.03, "temporal_coherence": 0.849 }, "geometry": { "type": "Point", "coordinates": [ 14.184495, 40.858912 ] } },
{ "type": "Feature", "properties": { "pid": "CFsynt_002702", "mean_velocity": 51.34, "temporal_coherence": 0.917 }, "geometry": { "type": "Point", "coordinates": [ 14.142481, 40.797801 ] } },
{ "type": "Feature", "properties": { "pid": "CFsynt_002703", "mean_velocity": -2.14, "temporal_coherence": 0.748 }, "geometry": { "type": "Point", "coordinates": [ 14.265566, 40.821861 ] } },
{ "type": "Feature", "properties": { "pid": "CFsynt_002704", "mean_velocity": -2.59, "temporal_coherence": 0.703 }, "geometry": { "type": "Point", "coordinates": [ 14.235772, 40.846028 ] } },
{ "type": "Feature", "properties": { "pid": "CFsynt_002705", "mean_velocity": 63.15, "temporal_coherence": 0.8 }, "geometry": { "type": "Point", "coordinates": [ 14.165838, 40.835605 ] } },
{ "type": "Feature", "properties": { "pid": "CFsynt_002706", "mean_velocity": -6.76, "temporal_coherence": 0.78 }, "geometry": { "type": "Point", "coordinates": [ 14.28882, 40.783153 ] } },
{ "type": "Feature", "properties": { "pid": "CFsynt_002709", "mean_velocity": 6.72, "temporal_coherence": 0.742 }, "geometry": { "type": "Point", "coordinates": [ 14.216413, 40.823032 ] } },
{ "type": "Feature", "properties": { "pid": "CFsynt_002711", "mean_velocity": 16.02, "temporal_coherence": 0.961 }, "geometry": { "type": "Point", "coordinates": [ 14.101704, 40.783626 ] } },
{ "type": "Feature", "properties": { "pid": "CFsynt_002712", "mean_velocity": -2.76, "temporal_coherence": 0.98 }, "geometry": { "type": "Point", "coordinates": [ 14.102404, 40.901656 ] } },
{ "type": "Feature", "properties": { "pid": "CFsynt_002713", "mean_velocity": 0.32, "temporal_coherence": 0.968 }, "geometry": { "type": "Point", "coordinates": [ 14.070455, 40.888821 ] } },
{ "type": "Feature", "properties": { "pid": "CFsynt_002720", "mean_velocity": -5.81, "temporal_coherence": 0.742 }, "geometry": { "type": "Point", "coordinates": [ 14.178564, 40.904476 ] } },
{ "type": "Feature", "properties": { "pid": "CFsynt_002721", "mean_velocity": -4.3, "temporal_coherence": 0.793 }, "geometry": { "type": "Point", "coordinates": [ 14.26416, 40.848733 ] } },
{ "type": "Feature", "properties": { "pid": "CFsynt_002723", "mean_velocity": -6.65, "temporal_coherence": 0.8 }, "geometry": { "type": "Point", "coordinates": [ 14.148999, 40.895126 ] } },
{ "type": "Feature", "properties": { "pid": "CFsynt_002724", "mean_velocity": 17.17, "temporal_coherence": 0.762 }, "geometry": { "type": "Point", "coordinates": [ 14.078702, 40.851218 ] } },
{ "type": "Feature", "properties": { "pid": "CFsynt_002727", "mean_velocity": 11.94, "temporal_coherence": 0.746 }, "geometry": { "type": "Point", "coordinates": [ 14.069632, 40.824659 ] } },
{ "type": "Feature", "properties": { "pid": "CFsynt_002729", "mean_velocity": 0.32, "temporal_coherence": 0.864 }, "geometry": { "type": "Point", "coordinates": [ 14.288942, 40.825383 ] } },
{ "type": "Feature", "properties": { "pid": "CFsynt_002731", "mean_velocity": 42.57, "temporal_coherence": 0.711 }, "geometry": { "type": "Point", "coordinates": [ 14.11664, 40.855581 ] } },
{ "type": "Feature", "properties": { "pid": "CFsynt_002732", "mean_velocity": 29.92, "temporal_coherence": 0.99 }, "geometry": { "type": "Point", "coordinates": [ 14.190962, 40.82811 ] } },
{ "type": "Feature", "properties": { "pid": "CFsynt_002733", "mean_velocity": 65.8, "temporal_coherence": 0.788 }, "geometry": { "type": "Point", "coordinates": [ 14.126887, 40.846481 ] } },
{ "type": "Feature", "properties": { "pid": "CFsynt_002734", "mean_velocity": -3.85, "temporal_coherence": 0.721 }, "geometry": { "type": "Point", "coordinates": [ 14.108893, 40.897374 ] } },
{ "type": "Feature", "properties": { "pid": "CFsynt_002735", "mean_velocity": 57.38, "temporal_coherence": 0.9 }, "geometry": { "type": "Point", "coordinates": [ 14.163411, 40.809324 ] } },
{ "type": "Feature", "properties": { "pid": "CFsynt_002736", "mean_velocity": 17.76, "temporal_coherence": 0.841 }, "geometry": { "type": "Point", "coordinates": [ 14.082642, 40.856745 ] } },
{ "type": "Feature", "properties": { "pid": "CFsynt_002737", "mean_velocity": 39.86, "temporal_coherence": 0.763 }, "geometry": { "type": "Point", "coordinates": [ 14.183591, 40.820329 ] } },
{ "type": "Feature", "properties": { "pid": "CFsynt_002738", "mean_velocity": -4.6, "temporal_coherence": 0.774 }, "geometry": { "type": "Point", "coordinates": [ 14.234942, 40.901293 ] } },
{ "type": "Feature", "properties": { "pid": "CFsynt_002741", "mean_velocity": -4.02, "temporal_coherence": 0.833 }, "geometry": { "type": "Point", "coordinates": [ 14.274878, 40.878809 ] } },
{ "type": "Feature", "properties": { "pid": "CFsynt_002743", "mean_velocity": -5.74, "temporal_coherence": 0.906 }, "geometry": { "type": "Point", "coordinates": [ 14.251795, 40.890405 ] } },
{ "type": "Feature", "properties": { "pid": "CFsynt_002745", "mean_velocity": -4.62, "temporal_coherence": 0.915 }, "geometry": { "type": "Point", "coordinates": [ 14.257001, 40.832267 ] } },
{ "type": "Feature", "properties": { "pid": "CFsynt_002746", "mean_velocity": -2.41, "temporal_coherence": 0.775 }, "geometry": { "type": "Point", "coordinates": [ 14.089819, 40.884932 ] } },
{ "type": "Feature", "properties": { "pid": "CFsynt_002747", "mean_velocity": -3.18, "temporal_coherence": 0.873 }, "geometry": { "type": "Point", "coordinates": [ 14.084132, 40.914187 ] } },
{ "type": "Feature", "properties": { "pid": "CFsynt_002748", "mean_velocity": 0.94, "temporal_coherence": 0.819 }, "geometry": { "type": "Point", "coordinates": [ 14.174137, 40.900174 ] } },
{ "type": "Feature", "properties": { "pid": "CFsynt_002750", "mean_velocity": 1.39, "temporal_coherence": 0.89 }, "geometry": { "type": "Point", "coordinates": [ 14.095336, 40.890085 ] } },
{ "type": "Feature", "properties": { "pid": "CFsynt_002751", "mean_velocity": -1.38, "temporal_coherence": 0.802 }, "geometry": { "type": "Point", "coordinates": [ 14.239964, 40.834505 ] } },
{ "type": "Feature", "properties": { "pid": "CFsynt_002752", "mean_velocity": 0.35, "temporal_coherence": 0.92 }, "geometry": { "type": "Point", "coordinates": [ 14.272841, 40.902025 ] } },
{ "type": "Feature", "properties": { "pid": "CFsynt_002753", "mean_velocity": -2.92, "temporal_coherence": 0.81 }, "geometry": { "type": "Point", "coordinates": [ 14.053428, 40.909229 ] } },
{ "type": "Feature", "properties": { "pid": "CFsynt_002754", "mean_velocity": -1.81, "temporal_coherence": 0.901 }, "geometry": { "type": "Point", "coordinates": [ 14.285803, 40.784713 ] } },
{ "type": "Feature", "properties": { "pid": "CFsynt_002755", "mean_velocity": -0.06, "temporal_coherence": 0.79 }, "geometry": { "type": "Point", "coordinates": [ 14.26128, 40.802846 ] } },
{ "type": "Feature", "properties": { "pid": "CFsynt_002756", "mean_velocity": -0.69, "temporal_coherence": 0.747 }, "geometry": { "type": "Point", "coordinates": [ 14.282208, 40.808598 ] } },
{ "type": "Feature", "properties": { "pid": "CFsynt_002757", "mean_velocity": -1.44, "temporal_coherence": 0.858 }, "geometry": { "type": "Point", "coordinates": [ 14.232544, 40.789895 ] } },
{ "type": "Feature", "properties": { "pid": "CFsynt_002758", "mean_velocity": -3.16, "temporal_coherence": 0.892 }, "geometry": { "type": "Point", "coordinates": [ 14.225504, 40.830656 ] } },
{ "type": "Feature", "properties": { "pid": "CFsynt_002759", "mean_velocity": 20.88, "temporal_coherence": 0.902 }, "geometry": { "type": "Point", "coordinates": [ 14.182277, 40.794746 ] } },
{ "type": "Feature", "properties": { "pid": "CFsynt_002762", "mean_velocity": -3.69, "temporal_coherence": 0.725 }, "geometry": { "type": "Point", "coordinates": [ 14.059151, 40.808585 ] } },
{ "type": "Feature", "properties": { "pid": "CFsynt_002763", "mean_velocity": 10.37, "temporal_coherence": 0.873 }, "geometry": { "type": "Point", "coordinates": [ 14.121572, 40.879794 ] } },
{ "type": "Feature", "properties": { "pid": "CFsynt_002764", "mean_velocity": -4.31, "temporal_coherence": 0.869 }, "geometry": { "type": "Point", "coordinates": [ 14.051012, 40.831738 ] } },
{ "type": "Feature", "properties": { "pid": "CFsynt_002766", "mean_velocity": -4.36, "temporal_coherence": 0.765 }, "geometry": { "type": "Point", "coordinates": [ 14.159127, 40.903627 ] } },
{ "type": "Feature", "properties": { "pid": "CFsynt_002768", "mean_velocity": -1.41, "temporal_coherence": 0.935 }, "geometry": { "type": "Point", "coordinates": [ 14.273925, 40.861712 ] } },
{ "type": "Feature", "properties": { "pid": "CFsynt_002772", "mean_velocity": 0.82, "temporal_coherence": 0.869 }, "geometry": { "type": "Point", "coordinates": [ 14.287353, 40.882262 ] } },
{ "type": "Feature", "properties": { "pid": "CFsynt_002774", "mean_velocity": -6.65, "temporal_coherence": 0.919 }, "geometry": { "type": "Point", "coordinates": [ 14.248686, 40.881637 ] } },
{ "type": "Feature", "properties": { "pid": "CFsynt_002775", "mean_velocity": 42.14, "temporal_coherence": 0.952 }, "geometry": { "type": "Point", "coordinates": [ 14.13287, 40.792331 ] } },
{ "type": "Feature", "properties": { "pid": "CFsynt_002776", "mean_velocity": 8.76, "temporal_coherence": 0.718 }, "geometry": { "type": "Point", "coordinates": [ 14.218093, 40.840705 ] } },
{ "type": "Feature", "properties": { "pid": "CFsynt_002777", "mean_velocity": -3.36, "temporal_coherence": 0.804 }, "geometry": { "type": "Point", "coordinates": [ 14.179074, 40.903654 ] } },
{ "type": "Feature", "properties": { "pid": "CFsynt_002778", "mean_velocity": -4.43, "temporal_coherence": 0.844 }, "geometry": { "type": "Point", "coordinates": [ 14.105325, 40.915945 ] } },
{ "type": "Feature", "properties": { "pid": "CFsynt_002780", "mean_velocity": 2.33, "temporal_coherence": 0.772 }, "geometry": { "type": "Point", "coordinates": [ 14.063915, 40.867273 ] } },
{ "type": "Feature", "properties": { "pid": "CFsynt_002784", "mean_velocity": -5.78, "temporal_coherence": 0.897 }, "geometry": { "type": "Point", "coordinates": [ 14.092824, 40.890794 ] } },
{ "type": "Feature", "properties": { "pid": "CFsynt_002785", "mean_velocity": -4.46, "temporal_coherence": 0.849 }, "geometry": { "type": "Point", "coordinates": [ 14.230647, 40.8016 ] } },
{ "type": "Feature", "properties": { "pid": "CFsynt_002786", "mean_velocity": -0.51, "temporal_coherence": 0.811 }, "geometry": { "type": "Point", "coordinates": [ 14.229186, 40.87089 ] } },
{ "type": "Feature", "properties": { "pid": "CFsynt_002787", "mean_velocity": 6.94, "temporal_coherence": 0.73 }, "geometry": { "type": "Point", "coordinates": [ 14.186359, 40.878668 ] } },
{ "type": "Feature", "properties": { "pid": "CFsynt_002789", "mean_velocity": -2.46, "temporal_coherence": 0.91 }, "geometry": { "type": "Point", "coordinates": [ 14.14177, 40.90739 ] } },
{ "type": "Feature", "properties": { "pid": "CFsynt_002791", "mean_velocity": -2.62, "temporal_coherence": 0.712 }, "geometry": { "type": "Point", "coordinates": [ 14.05179, 40.913913 ] } },
{ "type": "Feature", "properties": { "pid": "CFsynt_002792", "mean_velocity": -4.02, "temporal_coherence": 0.763 }, "geometry": { "type": "Point", "coordinates": [ 14.244551, 40.819544 ] } },
{ "type": "Feature", "properties": { "pid": "CFsynt_002795", "mean_velocity": 6.34, "temporal_coherence": 0.908 }, "geometry": { "type": "Point", "coordinates": [ 14.198103, 40.866673 ] } },
{ "type": "Feature", "properties": { "pid": "CFsynt_002797", "mean_velocity": 29.47, "temporal_coherence": 0.774 }, "geometry": { "type": "Point", "coordinates": [ 14.132454, 40.868047 ] } },
{ "type": "Feature", "properties": { "pid": "CFsynt_002798", "mean_velocity": -4.36, "temporal_coherence": 0.964 }, "geometry": { "type": "Point", "coordinates": [ 14.227051, 40.784418 ] } },
{ "type": "Feature", "properties": { "pid": "CFsynt_002799", "mean_velocity": -4.89, "temporal_coherence": 0.923 }, "geometry": { "type": "Point", "coordinates": [ 14.253415, 40.833593 ] } },
{ "type": "Feature", "properties": { "pid": "CFsynt_002801", "mean_velocity": 51.94, "temporal_coherence": 0.828 }, "geometry": { "type": "Point", "coordinates": [ 14.172814, 40.810419 ] } },
{ "type": "Feature", "properties": { "pid": "CFsynt_002803", "mean_velocity": 10.05, "temporal_coherence": 0.963 }, "geometry": { "type": "Point", "coordinates": [ 14.202799, 40.798249 ] } },
{ "type": "Feature", "properties": { "pid": "CFsynt_002804", "mean_velocity": -2.32, "temporal_coherence": 0.985 }, "geometry": { "type": "Point", "coordinates": [ 14.064517, 40.900747 ] } },
{ "type": "Feature", "properties": { "pid": "CFsynt_002805", "mean_velocity": 25.16, "temporal_coherence": 0.907 }, "geometry": { "type": "Point", "coordinates": [ 14.100982, 40.858971 ] } },
{ "type": "Feature", "properties": { "pid": "CFsynt_002807", "mean_velocity": -0.19, "temporal_coherence": 0.844 }, "geometry": { "type": "Point", "coordinates": [ 14.241999, 40.901934 ] } },
{ "type": "Feature", "properties": { "pid": "CFsynt_002809", "mean_velocity": -0.81, "temporal_coherence": 0.896 }, "geometry": { "type": "Point", "coordinates": [ 14.078068, 40.918477 ] } },
{ "type": "Feature", "properties": { "pid": "CFsynt_002812", "mean_velocity": 0.67, "temporal_coherence": 0.85 }, "geometry": { "type": "Point", "coordinates": [ 14.231117, 40.865552 ] } },
{ "type": "Feature", "properties": { "pid": "CFsynt_002815", "mean_velocity": 30.12, "temporal_coherence": 0.882 }, "geometry": { "type": "Point", "coordinates": [ 14.192016, 40.816383 ] } },
{ "type": "Feature", "properties": { "pid": "CFsynt_002816", "mean_velocity": -3.84, "temporal_coherence": 0.943 }, "geometry": { "type": "Point", "coordinates": [ 14.111935, 40.915418 ] } },
{ "type": "Feature", "properties": { "pid": "CFsynt_002818", "mean_velocity": -1.08, "temporal_coherence": 0.804 }, "geometry": { "type": "Point", "coordinates": [ 14.156035, 40.899644 ] } },
{ "type": "Feature", "properties": { "pid": "CFsynt_002821", "mean_velocity": -1.38, "temporal_coherence": 0.928 }, "geometry": { "type": "Point", "coordinates": [ 14.226952, 40.83201 ] } },
{ "type": "Feature", "properties": { "pid": "CFsynt_002825", "mean_velocity": -1.54, "temporal_coherence": 0.812 }, "geometry": { "type": "Point", "coordinates": [ 14.244332, 40.917652 ] } },
{ "type": "Feature", "properties": { "pid": "CFsynt_002828", "mean_velocity": -2.09, "temporal_coherence": 0.702 }, "geometry": { "type": "Point", "coordinates": [ 14.26563, 40.792153 ] } },
{ "type": "Feature", "properties": { "pid": "CFsynt_002831", "mean_velocity": 34.63, "temporal_coherence": 0.766 }, "geometry": { "type": "Point", "coordinates": [ 14.160852, 40.860012 ] } },
{ "type": "Feature", "properties": { "pid": "CFsynt_002833", "mean_velocity": -2.3, "temporal_coherence": 0.767 }, "geometry": { "type": "Point", "coordinates": [ 14.269659, 40.86224 ] } },
{ "type": "Feature", "properties": { "pid": "CFsynt_002834", "mean_velocity": -2.1, "temporal_coherence": 0.812 }, "geometry": { "type": "Point", "coordinates": [ 14.228315, 40.83022 ] } },
{ "type": "Feature", "properties": { "pid": "CFsynt_002836", "mean_velocity": -2.37, "temporal_coherence": 0.878 }, "geometry": { "type": "Point", "coordinates": [ 14.21845, 40.876661 ] } },
{ "type": "Feature", "properties": { "pid": "CFsynt_002837", "mean_velocity": -3.63, "temporal_coherence": 0.757 }, "geometry": { "type": "Point", "coordinates": [ 14.108436, 40.891616 ] } },
{ "type": "Feature", "properties": { "pid": "CFsynt_002840", "mean_velocity": -5.71, "temporal_coherence": 0.809 }, "geometry": { "type": "Point", "coordinates": [ 14.258213, 40.792229 ] } },
{ "type": "Feature", "properties": { "pid": "CFsynt_002841", "mean_velocity": 22.31, "temporal_coherence": 0.814 }, "geometry": { "type": "Point", "coordinates": [ 14.155569, 40.784731 ] } },
{ "type": "Feature", "properties": { "pid": "CFsynt_002842", "mean_velocity": 23.3, "temporal_coherence": 0.719 }, "geometry": { "type": "Point", "coordinates": [ 14.157089, 40.786525 ] } },
{ "type": "Feature", "properties": { "pid": "CFsynt_002843", "mean_velocity": 12.8, "temporal_coherence": 0.736 }, "geometry": { "type": "Point", "coordinates": [ 14.101153, 40.867834 ] } },
{ "type": "Feature", "properties": { "pid": "CFsynt_002844", "mean_velocity": -3.23, "temporal_coherence": 0.831 }, "geometry": { "type": "Point", "coordinates": [ 14.090734, 40.900182 ] } },
{ "type": "Feature", "properties": { "pid": "CFsynt_002845", "mean_velocity": 6.54, "temporal_coherence": 0.925 }, "geometry": { "type": "Point", "coordinates": [ 14.200468, 40.867441 ] } },
{ "type": "Feature", "properties": { "pid": "CFsynt_002846", "mean_velocity": -0.14, "temporal_coherence": 0.849 }, "geometry": { "type": "Point", "coordinates": [ 14.09744, 40.905683 ] } },
{ "type": "Feature", "properties": { "pid": "CFsynt_002848", "mean_velocity": -1.33, "temporal_coherence": 0.794 }, "geometry": { "type": "Point", "coordinates": [ 14.252577, 40.903518 ] } },
{ "type": "Feature", "properties": { "pid": "CFsynt_002850", "mean_velocity": 91.02, "temporal_coherence": 0.878 }, "geometry": { "type": "Point", "coordinates": [ 14.140268, 40.830373 ] } },
{ "type": "Feature", "properties": { "pid": "CFsynt_002851", "mean_velocity": 29.97, "temporal_coherence": 0.848 }, "geometry": { "type": "Point", "coordinates": [ 14.155082, 40.78699 ] } },
{ "type": "Feature", "properties": { "pid": "CFsynt_002852", "mean_velocity": -1.71, "temporal_coherence": 0.814 }, "geometry": { "type": "Point", "coordinates": [ 14.266363, 40.784371 ] } },
{ "type": "Feature", "properties": { "pid": "CFsynt_002854", "mean_velocity": -5.03, "temporal_coherence": 0.972 }, "geometry": { "type": "Point", "coordinates": [ 14.249831, 40.858479 ] } },
{ "type": "Feature", "properties": { "pid": "CFsynt_002856", "mean_velocity": 1.06, "temporal_coherence": 0.967 }, "geometry": { "type": "Point", "coordinates": [ 14.221652, 40.918779 ] } },
{ "type": "Feature", "properties": { "pid": "CFsynt_002858", "mean_velocity": -3.69, "temporal_coherence": 0.867 }, "geometry": { "type": "Point", "coordinates": [ 14.246859, 40.805579 ] } },
{ "type": "Feature", "properties": { "pid": "CFsynt_002859", "mean_velocity": 39.0, "temporal_coherence": 0.749 }, "geometry": { "type": "Point", "coordinates": [ 14.16279, 40.797239 ] } },
{ "type": "Feature", "properties": { "pid": "CFsynt_002860", "mean_velocity": 48.32, "temporal_coherence": 0.821 }, "geometry": { "type": "Point", "coordinates": [ 14.150184, 40.798506 ] } },
{ "type": "Feature", "properties": { "pid": "CFsynt_002861", "mean_velocity": 42.17, "temporal_coherence": 0.921 }, "geometry": { "type": "Point", "coordinates": [ 14.182332, 40.829736 ] } },
{ "type": "Feature", "properties": { "pid": "CFsynt_002862", "mean_velocity": -1.2, "temporal_coherence": 0.871 }, "geometry": { "type": "Point", "coordinates": [ 14.122139, 40.913581 ] } },
{ "type": "Feature", "properties": { "pid": "CFsynt_002863", "mean_velocity": -1.94, "temporal_coherence": 0.879 }, "geometry": { "type": "Point", "coordinates": [ 14.060233, 40.867273 ] } },
{ "type": "Feature", "properties": { "pid": "CFsynt_002865", "mean_velocity": 9.6, "temporal_coherence": 0.709 }, "geometry": { "type": "Point", "coordinates": [ 14.065918, 40.845136 ] } },
{ "type": "Feature", "properties": { "pid": "CFsynt_002867", "mean_velocity": 28.77, "temporal_coherence": 0.863 }, "geometry": { "type": "Point", "coordinates": [ 14.191511, 40.833119 ] } },
{ "type": "Feature", "properties": { "pid": "CFsynt_002868", "mean_velocity": -3.63, "temporal_coherence": 0.9 }, "geometry": { "type": "Point", "coordinates": [ 14.299906, 40.832634 ] } },
{ "type": "Feature", "properties": { "pid": "CFsynt_002870", "mean_velocity": 9.73, "temporal_coherence": 0.956 }, "geometry": { "type": "Point", "coordinates": [ 14.210223, 40.858902 ] } },
{ "type": "Feature", "properties": { "pid": "CFsynt_002871", "mean_velocity": 1.41, "temporal_coherence": 0.863 }, "geometry": { "type": "Point", "coordinates": [ 14.162743, 40.917456 ] } },
{ "type": "Feature", "properties": { "pid": "CFsynt_002875", "mean_velocity": 35.73, "temporal_coherence": 0.924 }, "geometry": { "type": "Point", "coordinates": [ 14.09287, 40.814772 ] } },
{ "type": "Feature", "properties": { "pid": "CFsynt_002877", "mean_velocity": 12.59, "temporal_coherence": 0.832 }, "geometry": { "type": "Point", "coordinates": [ 14.146379, 40.884275 ] } },
{ "type": "Feature", "properties": { "pid": "CFsynt_002878", "mean_velocity": 13.86, "temporal_coherence": 0.765 }, "geometry": { "type": "Point", "coordinates": [ 14.183421, 40.790959 ] } },
{ "type": "Feature", "properties": { "pid": "CFsynt_002880", "mean_velocity": -4.25, "temporal_coherence": 0.909 }, "geometry": { "type": "Point", "coordinates": [ 14.076942, 40.889943 ] } },
{ "type": "Feature", "properties": { "pid": "CFsynt_002882", "mean_velocity": 8.58, "temporal_coherence": 0.828 }, "geometry": { "type": "Point", "coordinates": [ 14.189405, 40.874178 ] } },
{ "type": "Feature", "properties": { "pid": "CFsynt_002884", "mean_velocity": 23.41, "temporal_coherence": 0.919 }, "geometry": { "type": "Point", "coordinates": [ 14.189035, 40.849946 ] } },
{ "type": "Feature", "properties": { "pid": "CFsynt_002885", "mean_velocity": 15.7, "temporal_coherence": 0.849 }, "geometry": { "type": "Point", "coordinates": [ 14.094329, 40.787533 ] } },
{ "type": "Feature", "properties": { "pid": "CFsynt_002888", "mean_velocity": -0.5, "temporal_coherence": 0.975 }, "geometry": { "type": "Point", "coordinates": [ 14.061409, 40.899846 ] } },
{ "type": "Feature", "properties": { "pid": "CFsynt_002892", "mean_velocity": -0.47, "temporal_coherence": 0.973 }, "geometry": { "type": "Point", "coordinates": [ 14.209121, 40.895358 ] } },
{ "type": "Feature", "properties": { "pid": "CFsynt_002893", "mean_velocity": 8.07, "temporal_coherence": 0.878 }, "geometry": { "type": "Point", "coordinates": [ 14.206984, 40.804051 ] } },
{ "type": "Feature", "properties": { "pid": "CFsynt_002895", "mean_velocity": -1.3, "temporal_coherence": 0.789 }, "geometry": { "type": "Point", "coordinates": [ 14.055647, 40.781555 ] } },
{ "type": "Feature", "properties": { "pid": "CFsynt_002897", "mean_velocity": 27.65, "temporal_coherence": 0.737 }, "geometry": { "type": "Point", "coordinates": [ 14.089164, 40.814502 ] } },
{ "type": "Feature", "properties": { "pid": "CFsynt_002898", "mean_velocity": 13.99, "temporal_coherence": 0.754 }, "geometry": { "type": "Point", "coordinates": [ 14.210691, 40.817499 ] } },
{ "type": "Feature", "properties": { "pid": "CFsynt_002899", "mean_velocity": 33.43, "temporal_coherence": 0.836 }, "geometry": { "type": "Point", "coordinates": [ 14.151824, 40.791507 ] } },
{ "type": "Feature", "properties": { "pid": "CFsynt_002905", "mean_velocity": -2.28, "temporal_coherence": 0.859 }, "geometry": { "type": "Point", "coordinates": [ 14.218145, 40.803006 ] } },
{ "type": "Feature", "properties": { "pid": "CFsynt_002908", "mean_velocity": 1.77, "temporal_coherence": 0.897 }, "geometry": { "type": "Point", "coordinates": [ 14.297631, 40.83972 ] } },
{ "type": "Feature", "properties": { "pid": "CFsynt_002909", "mean_velocity": 13.75, "temporal_coherence": 0.757 }, "geometry": { "type": "Point", "coordinates": [ 14.194665, 40.802233 ] } },
{ "type": "Feature", "properties": { "pid": "CFsynt_002910", "mean_velocity": -5.67, "temporal_coherence": 0.946 }, "geometry": { "type": "Point", "coordinates": [ 14.234275, 40.826336 ] } },
{ "type": "Feature", "properties": { "pid": "CFsynt_002911", "mean_velocity": 14.98, "temporal_coherence": 0.831 }, "geometry": { "type": "Point", "coordinates": [ 14.073263, 40.85013 ] } },
{ "type": "Feature", "properties": { "pid": "CFsynt_002912", "mean_velocity": 11.06, "temporal_coherence": 0.971 }, "geometry": { "type": "Point", "coordinates": [ 14.184682, 40.871716 ] } },
{ "type": "Feature", "properties": { "pid": "CFsynt_002913", "mean_velocity": -1.82, "temporal_coherence": 0.722 }, "geometry": { "type": "Point", "coordinates": [ 14.225319, 40.833009 ] } },
{ "type": "Feature", "properties": { "pid": "CFsynt_002914", "mean_velocity": 68.18, "temporal_coherence": 0.8 }, "geometry": { "type": "Point", "coordinates": [ 14.162312, 40.837635 ] } },
{ "type": "Feature", "properties": { "pid": "CFsynt_002915", "mean_velocity": 15.04, "temporal_coherence": 0.774 }, "geometry": { "type": "Point", "coordinates": [ 14.074946, 40.80751 ] } },
{ "type": "Feature", "properties": { "pid": "CFsynt_002916", "mean_velocity": 28.75, "temporal_coherence": 0.803 }, "geometry": { "type": "Point", "coordinates": [ 14.100795, 40.856363 ] } },
{ "type": "Feature", "properties": { "pid": "CFsynt_002917", "mean_velocity": -4.43, "temporal_coherence": 0.895 }, "geometry": { "type": "Point", "coordinates": [ 14.277774, 40.799502 ] } },
{ "type": "Feature", "properties": { "pid": "CFsynt_002919", "mean_velocity": -1.18, "temporal_coherence": 0.815 }, "geometry": { "type": "Point", "coordinates": [ 14.23557, 40.894526 ] } },
{ "type": "Feature", "properties": { "pid": "CFsynt_002923", "mean_velocity": -4.96, "temporal_coherence": 0.847 }, "geometry": { "type": "Point", "coordinates": [ 14.225502, 40.822008 ] } },
{ "type": "Feature", "properties": { "pid": "CFsynt_002925", "mean_velocity": 14.09, "temporal_coherence": 0.962 }, "geometry": { "type": "Point", "coordinates": [ 14.201039, 40.844564 ] } },
{ "type": "Feature", "properties": { "pid": "CFsynt_002929", "mean_velocity": -0.97, "temporal_coherence": 0.928 }, "geometry": { "type": "Point", "coordinates": [ 14.232212, 40.823108 ] } },
{ "type": "Feature", "properties": { "pid": "CFsynt_002930", "mean_velocity": -2.01, "temporal_coherence": 0.831 }, "geometry": { "type": "Point", "coordinates": [ 14.202345, 40.869893 ] } },
{ "type": "Feature", "properties": { "pid": "CFsynt_002931", "mean_velocity": 30.5, "temporal_coherence": 0.879 }, "geometry": { "type": "Point", "coordinates": [ 14.090215, 40.810626 ] } },
{ "type": "Feature", "properties": { "pid": "CFsynt_002932", "mean_velocity": 7.05, "temporal_coherence": 0.806 }, "geometry": { "type": "Point", "coordinates": [ 14.193309, 40.785443 ] } },
{ "type": "Feature", "properties": { "pid": "CFsynt_002934", "mean_velocity": -4.04, "temporal_coherence": 0.828 }, "geometry": { "type": "Point", "coordinates": [ 14.223382, 40.905715 ] } },
{ "type": "Feature", "properties": { "pid": "CFsynt_002936", "mean_velocity": 47.9, "temporal_coherence": 0.957 }, "geometry": { "type": "Point", "coordinates": [ 14.123259, 40.79921 ] } },
{ "type": "Feature", "properties": { "pid": "CFsynt_002938", "mean_velocity": 45.93, "temporal_coherence": 0.835 }, "geometry": { "type": "Point", "coordinates": [ 14.100942, 40.838707 ] } },
{ "type": "Feature", "properties": { "pid": "CFsynt_002941", "mean_velocity": 10.69, "temporal_coherence": 0.869 }, "geometry": { "type": "Point", "coordinates": [ 14.09452, 40.781093 ] } },
{ "type": "Feature", "properties": { "pid": "CFsynt_002943", "mean_velocity": -3.37, "temporal_coherence": 0.966 }, "geometry": { "type": "Point", "coordinates": [ 14.078907, 40.897703 ] } },
{ "type": "Feature", "properties": { "pid": "CFsynt_002944", "mean_velocity": -4.39, "temporal_coherence": 0.775 }, "geometry": { "type": "Point", "coordinates": [ 14.112244, 40.901467 ] } },
{ "type": "Feature", "properties": { "pid": "CFsynt_002945", "mean_velocity": 12.24, "temporal_coherence": 0.908 }, "geometry": { "type": "Point", "coordinates": [ 14.1513, 40.885168 ] } },
{ "type": "Feature", "properties": { "pid": "CFsynt_002947", "mean_velocity": -5.98, "temporal_coherence": 0.913 }, "geometry": { "type": "Point", "coordinates": [ 14.261522, 40.890192 ] } },
{ "type": "Feature", "properties": { "pid": "CFsynt_002949", "mean_velocity": -0.09, "temporal_coherence": 0.922 }, "geometry": { "type": "Point", "coordinates": [ 14.283835, 40.788421 ] } },
{ "type": "Feature", "properties": { "pid": "CFsynt_002952", "mean_velocity": 13.62, "temporal_coherence": 0.852 }, "geometry": { "type": "Point", "coordinates": [ 14.072905, 40.819337 ] } },
{ "type": "Feature", "properties": { "pid": "CFsynt_002955", "mean_velocity": 85.35, "temporal_coherence": 0.73 }, "geometry": { "type": "Point", "coordinates": [ 14.127551, 40.826987 ] } },
{ "type": "Feature", "properties": { "pid": "CFsynt_002956", "mean_velocity": -5.86, "temporal_coherence": 0.725 }, "geometry": { "type": "Point", "coordinates": [ 14.075537, 40.88117 ] } },
{ "type": "Feature", "properties": { "pid": "CFsynt_002959", "mean_velocity": -3.4, "temporal_coherence": 0.828 }, "geometry": { "type": "Point", "coordinates": [ 14.295066, 40.871325 ] } },
{ "type": "Feature", "properties": { "pid": "CFsynt_002960", "mean_velocity": -4.54, "temporal_coherence": 0.743 }, "geometry": { "type": "Point", "coordinates": [ 14.261206, 40.803878 ] } },
{ "type": "Feature", "properties": { "pid": "CFsynt_002962", "mean_velocity": -0.33, "temporal_coherence": 0.91 }, "geometry": { "type": "Point", "coordinates": [ 14.059221, 40.887143 ] } },
{ "type": "Feature", "properties": { "pid": "CFsynt_002963", "mean_velocity": 9.49, "temporal_coherence": 0.936 }, "geometry": { "type": "Point", "coordinates": [ 14.201732, 40.86033 ] } },
{ "type": "Feature", "properties": { "pid": "CFsynt_002964", "mean_velocity": 57.5, "temporal_coherence": 0.805 }, "geometry": { "type": "Point", "coordinates": [ 14.104574, 40.826358 ] } },
{ "type": "Feature", "properties": { "pid": "CFsynt_002965", "mean_velocity": 14.63, "temporal_coherence": 0.854 }, "geometry": { "type": "Point", "coordinates": [ 14.187453, 40.790134 ] } },
{ "type": "Feature", "properties": { "pid": "CFsynt_002966", "mean_velocity": 55.52, "temporal_coherence": 0.828 }, "geometry": { "type": "Point", "coordinates": [ 14.122932, 40.850987 ] } },
{ "type": "Feature", "properties": { "pid": "CFsynt_002967", "mean_velocity": 62.91, "temporal_coherence": 0.82 }, "geometry": { "type": "Point", "coordinates": [ 14.112205, 40.817486 ] } },
{ "type": "Feature", "properties": { "pid": "CFsynt_002969", "mean_velocity": 17.13, "temporal_coherence": 0.719 }, "geometry": { "type": "Point", "coordinates": [ 14.083162, 40.856182 ] } },
{ "type": "Feature", "properties": { "pid": "CFsynt_002970", "mean_velocity": 0.33, "temporal_coherence": 0.773 }, "geometry": { "type": "Point", "coordinates": [ 14.166049, 40.915874 ] } },
{ "type": "Feature", "properties": { "pid": "CFsynt_002974", "mean_velocity": 49.47, "temporal_coherence": 0.746 }, "geometry": { "type": "Point", "coordinates": [ 14.17666, 40.813661 ] } },
{ "type": "Feature", "properties": { "pid": "CFsynt_002978", "mean_velocity": -2.38, "temporal_coherence": 0.824 }, "geometry": { "type": "Point", "coordinates": [ 14.237678, 40.889036 ] } },
{ "type": "Feature", "properties": { "pid": "CFsynt_002980", "mean_velocity": 9.48, "temporal_coherence": 0.842 }, "geometry": { "type": "Point", "coordinates": [ 14.207946, 40.855849 ] } },
{ "type": "Feature", "properties": { "pid": "CFsynt_002981", "mean_velocity": 25.19, "temporal_coherence": 0.786 }, "geometry": { "type": "Point", "coordinates": [ 14.110683, 40.86252 ] } },
{ "type": "Feature", "properties": { "pid": "CFsynt_002983", "mean_velocity": -0.49, "temporal_coherence": 0.73 }, "geometry": { "type": "Point", "coordinates": [ 14.205813, 40.908784 ] } },
{ "type": "Feature", "properties": { "pid": "CFsynt_002989", "mean_velocity": 12.77, "temporal_coherence": 0.852 }, "geometry": { "type": "Point", "coordinates": [ 14.207018, 40.829584 ] } },
{ "type": "Feature", "properties": { "pid": "CFsynt_002990", "mean_velocity": -3.15, "temporal_coherence": 0.911 }, "geometry": { "type": "Point", "coordinates": [ 14.259351, 40.918769 ] } },
{ "type": "Feature", "properties": { "pid": "CFsynt_002991", "mean_velocity": -2.19, "temporal_coherence": 0.718 }, "geometry": { "type": "Point", "coordinates": [ 14.268345, 40.792494 ] } },
{ "type": "Feature", "properties": { "pid": "CFsynt_002992", "mean_velocity": 22.75, "temporal_coherence": 0.828 }, "geometry": { "type": "Point", "coordinates": [ 14.119768, 40.785441 ] } },
{ "type": "Feature", "properties": { "pid": "CFsynt_002993", "mean_velocity": 33.5, "temporal_coherence": 0.825 }, "geometry": { "type": "Point", "coordinates": [ 14.189197, 40.825778 ] } },
{ "type": "Feature", "properties": { "pid": "CFsynt_002994", "mean_velocity": 22.97, "temporal_coherence": 0.94 }, "geometry": { "type": "Point", "coordinates": [ 14.193273, 40.837075 ] } },
{ "type": "Feature", "properties": { "pid": "CFsynt_002996", "mean_velocity": -2.47, "temporal_coherence": 0.955 }, "geometry": { "type": "Point", "coordinates": [ 14.219983, 40.910502 ] } },
{ "type": "Feature", "properties": { "pid": "CFsynt_002997", "mean_velocity": 27.97, "temporal_coherence": 0.733 }, "geometry": { "type": "Point", "coordinates": [ 14.090925, 40.843536 ] } },
{ "type": "Feature", "properties": { "pid": "CFsynt_003000", "mean_velocity": -1.38, "temporal_coherence": 0.786 }, "geometry": { "type": "Point", "coordinates": [ 14.270474, 40.917259 ] } },
{ "type": "Feature", "properties": { "pid": "CFsynt_003001", "mean_velocity": 13.58, "temporal_coherence": 0.718 }, "geometry": { "type": "Point", "coordinates": [ 14.202288, 40.80429 ] } },
{ "type": "Feature", "properties": { "pid": "CFsynt_003002", "mean_velocity": 39.51, "temporal_coherence": 0.937 }, "geometry": { "type": "Point", "coordinates": [ 14.101008, 40.848014 ] } },
{ "type": "Feature", "properties": { "pid": "CFsynt_003005", "mean_velocity": -3.01, "temporal_coherence": 0.754 }, "geometry": { "type": "Point", "coordinates": [ 14.254581, 40.886982 ] } },
{ "type": "Feature", "properties": { "pid": "CFsynt_003006", "mean_velocity": -3.33, "temporal_coherence": 0.794 }, "geometry": { "type": "Point", "coordinates": [ 14.201096, 40.781293 ] } },
{ "type": "Feature", "properties": { "pid": "CFsynt_003007", "mean_velocity": -1.66, "temporal_coherence": 0.953 }, "geometry": { "type": "Point", "coordinates": [ 14.062118, 40.858605 ] } },
{ "type": "Feature", "properties": { "pid": "CFsynt_003011", "mean_velocity": -1.75, "temporal_coherence": 0.966 }, "geometry": { "type": "Point", "coordinates": [ 14.287898, 40.883147 ] } },
{ "type": "Feature", "properties": { "pid": "CFsynt_003013", "mean_velocity": 2.31, "temporal_coherence": 0.963 }, "geometry": { "type": "Point", "coordinates": [ 14.232475, 40.813861 ] } },
{ "type": "Feature", "properties": { "pid": "CFsynt_003015", "mean_velocity": 0.86, "temporal_coherence": 0.939 }, "geometry": { "type": "Point", "coordinates": [ 14.235594, 40.912017 ] } },
{ "type": "Feature", "properties": { "pid": "CFsynt_003017", "mean_velocity": 10.6, "temporal_coherence": 0.823 }, "geometry": { "type": "Point", "coordinates": [ 14.056552, 40.830547 ] } },
{ "type": "Feature", "properties": { "pid": "CFsynt_003018", "mean_velocity": 6.33, "temporal_coherence": 0.738 }, "geometry": { "type": "Point", "coordinates": [ 14.124587, 40.888 ] } },
{ "type": "Feature", "properties": { "pid": "CFsynt_003020", "mean_velocity": 75.88, "temporal_coherence": 0.79 }, "geometry": { "type": "Point", "coordinates": [ 14.144043, 40.814594 ] } },
{ "type": "Feature", "properties": { "pid": "CFsynt_003023", "mean_velocity": 20.18, "temporal_coherence": 0.896 }, "geometry": { "type": "Point", "coordinates": [ 14.195512, 40.84739 ] } },
{ "type": "Feature", "properties": { "pid": "CFsynt_003024", "mean_velocity": -4.82, "temporal_coherence": 0.745 }, "geometry": { "type": "Point", "coordinates": [ 14.121105, 40.890109 ] } },
{ "type": "Feature", "properties": { "pid": "CFsynt_003025", "mean_velocity": 12.4, "temporal_coherence": 0.786 }, "geometry": { "type": "Point", "coordinates": [ 14.070974, 40.854322 ] } },
{ "type": "Feature", "properties": { "pid": "CFsynt_003026", "mean_velocity": -1.4, "temporal_coherence": 0.7 }, "geometry": { "type": "Point", "coordinates": [ 14.107411, 40.896967 ] } },
{ "type": "Feature", "properties": { "pid": "CFsynt_003027", "mean_velocity": 2.06, "temporal_coherence": 0.806 }, "geometry": { "type": "Point", "coordinates": [ 14.279307, 40.908857 ] } },
{ "type": "Feature", "properties": { "pid": "CFsynt_003030", "mean_velocity": -6.11, "temporal_coherence": 0.93 }, "geometry": { "type": "Point", "coordinates": [ 14.259073, 40.820564 ] } },
{ "type": "Feature", "properties": { "pid": "CFsynt_003032", "mean_velocity": 53.03, "temporal_coherence": 0.857 }, "geometry": { "type": "Point", "coordinates": [ 14.103628, 40.831689 ] } },
{ "type": "Feature", "properties": { "pid": "CFsynt_003033", "mean_velocity": -3.4, "temporal_coherence": 0.78 }, "geometry": { "type": "Point", "coordinates": [ 14.09673, 40.919752 ] } },
{ "type": "Feature", "properties": { "pid": "CFsynt_003038", "mean_velocity": 27.0, "temporal_coherence": 0.871 }, "geometry": { "type": "Point", "coordinates": [ 14.08345, 40.824887 ] } },
{ "type": "Feature", "properties": { "pid": "CFsynt_003041", "mean_velocity": -0.17, "temporal_coherence": 0.932 }, "geometry": { "type": "Point", "coordinates": [ 14.298041, 40.785076 ] } },
{ "type": "Feature", "properties": { "pid": "CFsynt_003042", "mean_velocity": -5.46, "temporal_coherence": 0.908 }, "geometry": { "type": "Point", "coordinates": [ 14.25177, 40.825671 ] } },
{ "type": "Feature", "properties": { "pid": "CFsynt_003043", "mean_velocity": 21.45, "temporal_coherence": 0.731 }, "geometry": { "type": "Point", "coordinates": [ 14.159741, 40.86932 ] } },
{ "type": "Feature", "properties": { "pid": "CFsynt_003044", "mean_velocity": -1.08, "temporal_coherence": 0.93 }, "geometry": { "type": "Point", "coordinates": [ 14.247359, 40.815366 ] } },
{ "type": "Feature", "properties": { "pid": "CFsynt_003046", "mean_velocity": 53.16, "temporal_coherence": 0.905 }, "geometry": { "type": "Point", "coordinates": [ 14.163684, 40.807666 ] } },
{ "type": "Feature", "properties": { "pid": "CFsynt_003047", "mean_velocity": 10.25, "temporal_coherence": 0.714 }, "geometry": { "type": "Point", "coordinates": [ 14.216333, 40.833563 ] } },
{ "type": "Feature", "properties": { "pid": "CFsynt_003049", "mean_velocity": 50.75, "temporal_coherence": 0.956 }, "geometry": { "type": "Point", "coordinates": [ 14.102116, 40.830738 ] } },
{ "type": "Feature", "properties": { "pid": "CFsynt_003051", "mean_velocity": -2.49, "temporal_coherence": 0.803 }, "geometry": { "type": "Point", "coordinates": [ 14.058288, 40.864601 ] } },
{ "type": "Feature", "properties": { "pid": "CFsynt_003053", "mean_velocity": -3.61, "temporal_coherence": 0.926 }, "geometry": { "type": "Point", "coordinates": [ 14.257023, 40.901605 ] } },
{ "type": "Feature", "properties": { "pid": "CFsynt_003054", "mean_velocity": -4.64, "temporal_coherence": 0.739 }, "geometry": { "type": "Point", "coordinates": [ 14.208236, 40.910519 ] } },
{ "type": "Feature", "properties": { "pid": "CFsynt_003056", "mean_velocity": -0.3, "temporal_coherence": 0.818 }, "geometry": { "type": "Point", "coordinates": [ 14.209031, 40.874578 ] } },
{ "type": "Feature", "properties": { "pid": "CFsynt_003060", "mean_velocity": -3.72, "temporal_coherence": 0.772 }, "geometry": { "type": "Point", "coordinates": [ 14.203356, 40.914262 ] } },
{ "type": "Feature", "properties": { "pid": "CFsynt_003062", "mean_velocity": 37.87, "temporal_coherence": 0.727 }, "geometry": { "type": "Point", "coordinates": [ 14.100898, 40.846071 ] } },
{ "type": "Feature", "properties": { "pid": "CFsynt_003064", "mean_velocity": 43.37, "temporal_coherence": 0.912 }, "geometry": { "type": "Point", "coordinates": [ 14.138437, 40.795114 ] } },
{ "type": "Feature", "properties": { "pid": "CFsynt_003066", "mean_velocity": 88.25, "temporal_coherence": 0.745 }, "geometry": { "type": "Point", "coordinates": [ 14.148813, 40.824556 ] } },
{ "type": "Feature", "properties": { "pid": "CFsynt_003068", "mean_velocity": -4.03, "temporal_coherence": 0.979 }, "geometry": { "type": "Point", "coordinates": [ 14.242172, 40.881601 ] } },
{ "type": "Feature", "properties": { "pid": "CFsynt_003069", "mean_velocity": 77.79, "temporal_coherence": 0.763 }, "geometry": { "type": "Point", "coordinates": [ 14.160053, 40.822472 ] } },
{ "type": "Feature", "properties": { "pid": "CFsynt_003072", "mean_velocity": -1.55, "temporal_coherence": 0.894 }, "geometry": { "type": "Point", "coordinates": [ 14.266571, 40.879512 ] } },
{ "type": "Feature", "properties": { "pid": "CFsynt_003074", "mean_velocity": -2.62, "temporal_coherence": 0.712 }, "geometry": { "type": "Point", "coordinates": [ 14.282037, 40.893437 ] } },
{ "type": "Feature", "properties": { "pid": "CFsynt_003075", "mean_velocity": -2.77, "temporal_coherence": 0.829 }, "geometry": { "type": "Point", "coordinates": [ 14.292974, 40.782777 ] } },
{ "type": "Feature", "properties": { "pid": "CFsynt_003076", "mean_velocity": -3.75, "temporal_coherence": 0.722 }, "geometry": { "type": "Point", "coordinates": [ 14.127872, 40.907333 ] } },
{ "type": "Feature", "properties": { "pid": "CFsynt_003077", "mean_velocity": -7.22, "temporal_coherence": 0.853 }, "geometry": { "type": "Point", "coordinates": [ 14.207178, 40.883867 ] } },
{ "type": "Feature", "properties": { "pid": "CFsynt_003079", "mean_velocity": 57.82, "temporal_coherence": 0.924 }, "geometry": { "type": "Point", "coordinates": [ 14.107517, 40.820408 ] } },
{ "type": "Feature", "properties": { "pid": "CFsynt_003080", "mean_velocity": 31.67, "temporal_coherence": 0.714 }, "geometry": { "type": "Point", "coordinates": [ 14.094366, 40.844008 ] } },
{ "type": "Feature", "properties": { "pid": "CFsynt_003082", "mean_velocity": -5.4, "temporal_coherence": 0.876 }, "geometry": { "type": "Point", "coordinates": [ 14.221201, 40.781135 ] } },
{ "type": "Feature", "properties": { "pid": "CFsynt_003083", "mean_velocity": -0.89, "temporal_coherence": 0.778 }, "geometry": { "type": "Point", "coordinates": [ 14.256467, 40.797322 ] } },
{ "type": "Feature", "properties": { "pid": "CFsynt_003086", "mean_velocity": 26.76, "temporal_coherence": 0.831 }, "geometry": { "type": "Point", "coordinates": [ 14.089525, 40.807934 ] } },
{ "type": "Feature", "properties": { "pid": "CFsynt_003088", "mean_velocity": 21.74, "temporal_coherence": 0.917 }, "geometry": { "type": "Point", "coordinates": [ 14.188576, 40.854795 ] } },
{ "type": "Feature", "properties": { "pid": "CFsynt_003089", "mean_velocity": -2.13, "temporal_coherence": 0.781 }, "geometry": { "type": "Point", "coordinates": [ 14.296535, 40.83641 ] } },
{ "type": "Feature", "properties": { "pid": "CFsynt_003090", "mean_velocity": -1.98, "temporal_coherence": 0.877 }, "geometry": { "type": "Point", "coordinates": [ 14.283699, 40.879189 ] } },
{ "type": "Feature", "properties": { "pid": "CFsynt_003091", "mean_velocity": -1.5, "temporal_coherence": 0.939 }, "geometry": { "type": "Point", "coordinates": [ 14.295657, 40.857472 ] } },
{ "type": "Feature", "properties": { "pid": "CFsynt_003096", "mean_velocity": -3.57, "temporal_coherence": 0.956 }, "geometry": { "type": "Point", "coordinates": [ 14.054233, 40.843092 ] } },
{ "type": "Feature", "properties": { "pid": "CFsynt_003097", "mean_velocity": 89.74, "temporal_coherence": 0.933 }, "geometry": { "type": "Point", "coordinates": [ 14.14318, 40.829765 ] } },
{ "type": "Feature", "properties": { "pid": "CFsynt_003098", "mean_velocity": 29.23, "temporal_coherence": 0.812 }, "geometry": { "type": "Point", "coordinates": [ 14.104729, 40.860195 ] } },
{ "type": "Feature", "properties": { "pid": "CFsynt_003101", "mean_velocity": 15.96, "temporal_coherence": 0.919 }, "geometry": { "type": "Point", "coordinates": [ 14.086672, 40.853635 ] } },
{ "type": "Feature", "properties": { "pid": "CFsynt_003103", "mean_velocity": -3.12, "temporal_coherence": 0.989 }, "geometry": { "type": "Point", "coordinates": [ 14.250643, 40.888996 ] } },
{ "type": "Feature", "properties": { "pid": "CFsynt_003104", "mean_velocity": 0.42, "temporal_coherence": 0.983 }, "geometry": { "type": "Point", "coordinates": [ 14.215874, 40.891452 ] } },
{ "type": "Feature", "properties": { "pid": "CFsynt_003106", "mean_velocity": 43.0, "temporal_coherence": 0.719 }, "geometry": { "type": "Point", "coordinates": [ 14.126128, 40.796274 ] } },
{ "type": "Feature", "properties": { "pid": "CFsynt_003111", "mean_velocity": 57.79, "temporal_coherence": 0.726 }, "geometry": { "type": "Point", "coordinates": [ 14.104004, 40.825662 ] } },
{ "type": "Feature", "properties": { "pid": "CFsynt_003112", "mean_velocity": -2.79, "temporal_coherence": 0.964 }, "geometry": { "type": "Point", "coordinates": [ 14.236237, 40.84958 ] } },
{ "type": "Feature", "properties": { "pid": "CFsynt_003113", "mean_velocity": 2.46, "temporal_coherence": 0.764 }, "geometry": { "type": "Point", "coordinates": [ 14.22037, 40.845415 ] } },
{ "type": "Feature", "properties": { "pid": "CFsynt_003114", "mean_velocity": 66.27, "temporal_coherence": 0.844 }, "geometry": { "type": "Point", "coordinates": [ 14.160877, 40.838059 ] } },
{ "type": "Feature", "properties": { "pid": "CFsynt_003115", "mean_velocity": 0.68, "temporal_coherence": 0.936 }, "geometry": { "type": "Point", "coordinates": [ 14.213409, 40.912214 ] } },
{ "type": "Feature", "properties": { "pid": "CFsynt_003116", "mean_velocity": 9.56, "temporal_coherence": 0.746 }, "geometry": { "type": "Point", "coordinates": [ 14.076253, 40.78795 ] } },
{ "type": "Feature", "properties": { "pid": "CFsynt_003117", "mean_velocity": -3.32, "temporal_coherence": 0.738 }, "geometry": { "type": "Point", "coordinates": [ 14.225265, 40.86218 ] } },
{ "type": "Feature", "properties": { "pid": "CFsynt_003118", "mean_velocity": 15.47, "temporal_coherence": 0.978 }, "geometry": { "type": "Point", "coordinates": [ 14.108477, 40.871348 ] } },
{ "type": "Feature", "properties": { "pid": "CFsynt_003119", "mean_velocity": -4.34, "temporal_coherence": 0.703 }, "geometry": { "type": "Point", "coordinates": [ 14.109122, 40.91322 ] } },
{ "type": "Feature", "properties": { "pid": "CFsynt_003122", "mean_velocity": -2.46, "temporal_coherence": 0.847 }, "geometry": { "type": "Point", "coordinates": [ 14.126063, 40.91699 ] } },
{ "type": "Feature", "properties": { "pid": "CFsynt_003123", "mean_velocity": 69.43, "temporal_coherence": 0.967 }, "geometry": { "type": "Point", "coordinates": [ 14.161712, 40.822773 ] } },
{ "type": "Feature", "properties": { "pid": "CFsynt_003124", "mean_velocity": 2.09, "temporal_coherence": 0.893 }, "geometry": { "type": "Point", "coordinates": [ 14.085222, 40.914783 ] } },
{ "type": "Feature", "properties": { "pid": "CFsynt_003126", "mean_velocity": 27.23, "temporal_coherence": 0.907 }, "geometry": { "type": "Point", "coordinates": [ 14.187104, 40.806295 ] } },
{ "type": "Feature", "properties": { "pid": "CFsynt_003127", "mean_velocity": -3.75, "temporal_coherence": 0.798 }, "geometry": { "type": "Point", "coordinates": [ 14.067374, 40.869838 ] } },
{ "type": "Feature", "properties": { "pid": "CFsynt_003128", "mean_velocity": -3.03, "temporal_coherence": 0.986 }, "geometry": { "type": "Point", "coordinates": [ 14.22978, 40.810725 ] } },
{ "type": "Feature", "properties": { "pid": "CFsynt_003131", "mean_velocity": -2.53, "temporal_coherence": 0.712 }, "geometry": { "type": "Point", "coordinates": [ 14.291321, 40.892154 ] } },
{ "type": "Feature", "properties": { "pid": "CFsynt_003132", "mean_velocity": 8.37, "temporal_coherence": 0.941 }, "geometry": { "type": "Point", "coordinates": [ 14.058512, 40.835568 ] } },
{ "type": "Feature", "properties": { "pid": "CFsynt_003135", "mean_velocity": -2.52, "temporal_coherence": 0.91 }, "geometry": { "type": "Point", "coordinates": [ 14.250696, 40.885179 ] } },
{ "type": "Feature", "properties": { "pid": "CFsynt_003136", "mean_velocity": -2.04, "temporal_coherence": 0.985 }, "geometry": { "type": "Point", "coordinates": [ 14.274487, 40.849278 ] } },
{ "type": "Feature", "properties": { "pid": "CFsynt_003138", "mean_velocity": -0.49, "temporal_coherence": 0.835 }, "geometry": { "type": "Point", "coordinates": [ 14.255303, 40.81682 ] } },
{ "type": "Feature", "properties": { "pid": "CFsynt_003139", "mean_velocity": 29.52, "temporal_coherence": 0.767 }, "geometry": { "type": "Point", "coordinates": [ 14.139196, 40.786248 ] } },
{ "type": "Feature", "properties": { "pid": "CFsynt_003140", "mean_velocity": 68.94, "temporal_coherence": 0.775 }, "geometry": { "type": "Point", "coordinates": [ 14.117968, 40.838377 ] } },
{ "type": "Feature", "properties": { "pid": "CFsynt_003145", "mean_velocity": -3.62, "temporal_coherence": 0.757 }, "geometry": { "type": "Point", "coordinates": [ 14.215453, 40.889258 ] } },
{ "type": "Feature", "properties": { "pid": "CFsynt_003146", "mean_velocity": -0.97, "temporal_coherence": 0.901 }, "geometry": { "type": "Point", "coordinates": [ 14.243173, 40.802919 ] } },
{ "type": "Feature", "properties": { "pid": "CFsynt_003147", "mean_velocity": -0.84, "temporal_coherence": 0.927 }, "geometry": { "type": "Point", "coordinates": [ 14.236398, 40.841273 ] } },
{ "type": "Feature", "properties": { "pid": "CFsynt_003148", "mean_velocity": 1.07, "temporal_coherence": 0.752 }, "geometry": { "type": "Point", "coordinates": [ 14.278946, 40.826196 ] } },
{ "type": "Feature", "properties": { "pid": "CFsynt_003151", "mean_velocity": 13.55, "temporal_coherence": 0.96 }, "geometry": { "type": "Point", "coordinates": [ 14.203573, 40.823022 ] } },
{ "type": "Feature", "properties": { "pid": "CFsynt_003152", "mean_velocity": 55.48, "temporal_coherence": 0.749 }, "geometry": { "type": "Point", "coordinates": [ 14.132619, 40.853979 ] } },
{ "type": "Feature", "properties": { "pid": "CFsynt_003154", "mean_velocity": 20.26, "temporal_coherence": 0.806 }, "geometry": { "type": "Point", "coordinates": [ 14.08398, 40.844603 ] } },
{ "type": "Feature", "properties": { "pid": "CFsynt_003156", "mean_velocity": -3.74, "temporal_coherence": 0.964 }, "geometry": { "type": "Point", "coordinates": [ 14.050368, 40.84308 ] } },
{ "type": "Feature", "properties": { "pid": "CFsynt_003159", "mean_velocity": 78.03, "temporal_coherence": 0.87 }, "geometry": { "type": "Point", "coordinates": [ 14.12051, 40.833353 ] } },
{ "type": "Feature", "properties": { "pid": "CFsynt_003162", "mean_velocity": -3.26, "temporal_coherence": 0.904 }, "geometry": { "type": "Point", "coordinates": [ 14.071346, 40.882156 ] } },
{ "type": "Feature", "properties": { "pid": "CFsynt_003163", "mean_velocity": -0.86, "temporal_coherence": 0.986 }, "geometry": { "type": "Point", "coordinates": [ 14.237328, 40.864096 ] } },
{ "type": "Feature", "properties": { "pid": "CFsynt_003164", "mean_velocity": 14.1, "temporal_coherence": 0.758 }, "geometry": { "type": "Point", "coordinates": [ 14.204233, 40.848421 ] } },
{ "type": "Feature", "properties": { "pid": "CFsynt_003165", "mean_velocity": -6.17, "temporal_coherence": 0.777 }, "geometry": { "type": "Point", "coordinates": [ 14.230288, 40.831509 ] } },
{ "type": "Feature", "properties": { "pid": "CFsynt_003167", "mean_velocity": 6.05, "temporal_coherence": 0.836 }, "geometry": { "type": "Point", "coordinates": [ 14.084682, 40.782429 ] } },
{ "type": "Feature", "properties": { "pid": "CFsynt_003168", "mean_velocity": -2.03, "temporal_coherence": 0.748 }, "geometry": { "type": "Point", "coordinates": [ 14.052225, 40.789256 ] } },
{ "type": "Feature", "properties": { "pid": "CFsynt_003169", "mean_velocity": 12.65, "temporal_coherence": 0.92 }, "geometry": { "type": "Point", "coordinates": [ 14.205199, 40.814561 ] } },
{ "type": "Feature", "properties": { "pid": "CFsynt_003171", "mean_velocity": 2.6, "temporal_coherence": 0.738 }, "geometry": { "type": "Point", "coordinates": [ 14.224876, 40.881878 ] } },
{ "type": "Feature", "properties": { "pid": "CFsynt_003176", "mean_velocity": 0.4, "temporal_coherence": 0.852 }, "geometry": { "type": "Point", "coordinates": [ 14.281432, 40.847766 ] } },
{ "type": "Feature", "properties": { "pid": "CFsynt_003177", "mean_velocity": 64.66, "temporal_coherence": 0.767 }, "geometry": { "type": "Point", "coordinates": [ 14.135757, 40.849167 ] } },
{ "type": "Feature", "properties": { "pid": "CFsynt_003182", "mean_velocity": 54.56, "temporal_coherence": 0.786 }, "geometry": { "type": "Point", "coordinates": [ 14.172539, 40.832167 ] } },
{ "type": "Feature", "properties": { "pid": "CFsynt_003186", "mean_velocity": -3.44, "temporal_coherence": 0.795 }, "geometry": { "type": "Point", "coordinates": [ 14.240833, 40.894289 ] } },
{ "type": "Feature", "properties": { "pid": "CFsynt_003187", "mean_velocity": 1.0, "temporal_coherence": 0.921 }, "geometry": { "type": "Point", "coordinates": [ 14.280582, 40.86946 ] } },
{ "type": "Feature", "properties": { "pid": "CFsynt_003189", "mean_velocity": 9.81, "temporal_coherence": 0.78 }, "geometry": { "type": "Point", "coordinates": [ 14.113612, 40.878637 ] } },
{ "type": "Feature", "properties": { "pid": "CFsynt_003190", "mean_velocity": 27.31, "temporal_coherence": 0.751 }, "geometry": { "type": "Point", "coordinates": [ 14.086559, 40.843532 ] } },
{ "type": "Feature", "properties": { "pid": "CFsynt_003192", "mean_velocity": 18.01, "temporal_coherence": 0.936 }, "geometry": { "type": "Point", "coordinates": [ 14.190495, 40.853632 ] } },
{ "type": "Feature", "properties": { "pid": "CFsynt_003193", "mean_velocity": -0.57, "temporal_coherence": 0.742 }, "geometry": { "type": "Point", "coordinates": [ 14.232977, 40.806529 ] } },
{ "type": "Feature", "properties": { "pid": "CFsynt_003194", "mean_velocity": -0.48, "temporal_coherence": 0.925 }, "geometry": { "type": "Point", "coordinates": [ 14.217884, 40.847602 ] } },
{ "type": "Feature", "properties": { "pid": "CFsynt_003195", "mean_velocity": 29.49, "temporal_coherence": 0.94 }, "geometry": { "type": "Point", "coordinates": [ 14.142536, 40.786304 ] } },
{ "type": "Feature", "properties": { "pid": "CFsynt_003197", "mean_velocity": -3.42, "temporal_coherence": 0.88 }, "geometry": { "type": "Point", "coordinates": [ 14.057289, 40.804151 ] } },
{ "type": "Feature", "properties": { "pid": "CFsynt_003198", "mean_velocity": 16.13, "temporal_coherence": 0.948 }, "geometry": { "type": "Point", "coordinates": [ 14.074748, 40.812849 ] } },
{ "type": "Feature", "properties": { "pid": "CFsynt_003200", "mean_velocity": 0.16, "temporal_coherence": 0.915 }, "geometry": { "type": "Point", "coordinates": [ 14.250837, 40.789255 ] } },
{ "type": "Feature", "properties": { "pid": "CFsynt_003202", "mean_velocity": -2.97, "temporal_coherence": 0.957 }, "geometry": { "type": "Point", "coordinates": [ 14.295837, 40.84045 ] } },
{ "type": "Feature", "properties": { "pid": "CFsynt_003203", "mean_velocity": 8.29, "temporal_coherence": 0.796 }, "geometry": { "type": "Point", "coordinates": [ 14.218324, 40.82341 ] } },
{ "type": "Feature", "properties": { "pid": "CFsynt_003205", "mean_velocity": 1.41, "temporal_coherence": 0.881 }, "geometry": { "type": "Point", "coordinates": [ 14.150844, 40.911786 ] } },
{ "type": "Feature", "properties": { "pid": "CFsynt_003208", "mean_velocity": 5.45, "temporal_coherence": 0.763 }, "geometry": { "type": "Point", "coordinates": [ 14.061751, 40.804196 ] } },
{ "type": "Feature", "properties": { "pid": "CFsynt_003209", "mean_velocity": -1.5, "temporal_coherence": 0.895 }, "geometry": { "type": "Point", "coordinates": [ 14.057653, 40.894125 ] } },
{ "type": "Feature", "properties": { "pid": "CFsynt_003211", "mean_velocity": 1.07, "temporal_coherence": 0.798 }, "geometry": { "type": "Point", "coordinates": [ 14.233369, 40.828546 ] } },
{ "type": "Feature", "properties": { "pid": "CFsynt_003212", "mean_velocity": 0.76, "temporal_coherence": 0.979 }, "geometry": { "type": "Point", "coordinates": [ 14.259288, 40.784278 ] } },
{ "type": "Feature", "properties": { "pid": "CFsynt_003215", "mean_velocity": -4.0, "temporal_coherence": 0.786 }, "geometry": { "type": "Point", "coordinates": [ 14.246891, 40.893912 ] } },
{ "type": "Feature", "properties": { "pid": "CFsynt_003218", "mean_velocity": -0.59, "temporal_coherence": 0.977 }, "geometry": { "type": "Point", "coordinates": [ 14.111371, 40.901156 ] } },
{ "type": "Feature", "properties": { "pid": "CFsynt_003219", "mean_velocity": 29.85, "temporal_coherence": 0.727 }, "geometry": { "type": "Point", "coordinates": [ 14.125874, 40.789193 ] } },
{ "type": "Feature", "properties": { "pid": "CFsynt_003222", "mean_velocity": -4.56, "temporal_coherence": 0.988 }, "geometry": { "type": "Point", "coordinates": [ 14.250379, 40.820052 ] } },
{ "type": "Feature", "properties": { "pid": "CFsynt_003225", "mean_velocity": -4.66, "temporal_coherence": 0.784 }, "geometry": { "type": "Point", "coordinates": [ 14.264272, 40.908639 ] } },
{ "type": "Feature", "properties": { "pid": "CFsynt_003227", "mean_velocity": -4.36, "temporal_coherence": 0.985 }, "geometry": { "type": "Point", "coordinates": [ 14.086503, 40.899513 ] } },
{ "type": "Feature", "properties": { "pid": "CFsynt_003228", "mean_velocity": -4.73, "temporal_coherence": 0.894 }, "geometry": { "type": "Point", "coordinates": [ 14.217947, 40.900702 ] } },
{ "type": "Feature", "properties": { "pid": "CFsynt_003229", "mean_velocity": 59.87, "temporal_coherence": 0.723 }, "geometry": { "type": "Point", "coordinates": [ 14.170218, 40.830256 ] } },
{ "type": "Feature", "properties": { "pid": "CFsynt_003232", "mean_velocity": 13.03, "temporal_coherence": 0.757 }, "geometry": { "type": "Point", "coordinates": [ 14.180308, 40.867488 ] } },
{ "type": "Feature", "properties": { "pid": "CFsynt_003235", "mean_velocity": 13.19, "temporal_coherence": 0.795 }, "geometry": { "type": "Point", "coordinates": [ 14.068438, 40.814922 ] } },
{ "type": "Feature", "properties": { "pid": "CFsynt_003237", "mean_velocity": 10.11, "temporal_coherence": 0.86 }, "geometry": { "type": "Point", "coordinates": [ 14.112611, 40.88299 ] } },
{ "type": "Feature", "properties": { "pid": "CFsynt_003238", "mean_velocity": -4.8, "temporal_coherence": 0.779 }, "geometry": { "type": "Point", "coordinates": [ 14.133009, 40.901794 ] } },
{ "type": "Feature", "properties": { "pid": "CFsynt_003240", "mean_velocity": -3.65, "temporal_coherence": 0.879 }, "geometry": { "type": "Point", "coordinates": [ 14.290493, 40.813173 ] } },
{ "type": "Feature", "properties": { "pid": "CFsynt_003241", "mean_velocity": 18.02, "temporal_coherence": 0.723 }, "geometry": { "type": "Point", "coordinates": [ 14.19326, 40.848855 ] } },
{ "type": "Feature", "properties": { "pid": "CFsynt_003243", "mean_velocity": 57.76, "temporal_coherence": 0.858 }, "geometry": { "type": "Point", "coordinates": [ 14.116978, 40.805538 ] } },
{ "type": "Feature", "properties": { "pid": "CFsynt_003244", "mean_velocity": 7.82, "temporal_coherence": 0.809 }, "geometry": { "type": "Point", "coordinates": [ 14.063302, 40.827321 ] } },
{ "type": "Feature", "properties": { "pid": "CFsynt_003245", "mean_velocity": 10.11, "temporal_coherence": 0.808 }, "geometry": { "type": "Point", "coordinates": [ 14.191303, 40.866885 ] } },
{ "type": "Feature", "properties": { "pid": "CFsynt_003246", "mean_velocity": 67.75, "temporal_coherence": 0.772 }, "geometry": { "type": "Point", "coordinates": [ 14.130206, 40.844752 ] } },
{ "type": "Feature", "properties": { "pid": "CFsynt_003247", "mean_velocity": -5.42, "temporal_coherence": 0.926 }, "geometry": { "type": "Point", "coordinates": [ 14.262553, 40.825606 ] } },
{ "type": "Feature", "properties": { "pid": "CFsynt_003248", "mean_velocity": -4.07, "temporal_coherence": 0.869 }, "geometry": { "type": "Point", "coordinates": [ 14.285033, 40.872334 ] } },
{ "type": "Feature", "properties": { "pid": "CFsynt_003249", "mean_velocity": -3.4, "temporal_coherence": 0.94 }, "geometry": { "type": "Point", "coordinates": [ 14.167046, 40.909151 ] } },
{ "type": "Feature", "properties": { "pid": "CFsynt_003251", "mean_velocity": 30.93, "temporal_coherence": 0.936 }, "geometry": { "type": "Point", "coordinates": [ 14.190374, 40.821718 ] } },
{ "type": "Feature", "properties": { "pid": "CFsynt_003252", "mean_velocity": -5.8, "temporal_coherence": 0.755 }, "geometry": { "type": "Point", "coordinates": [ 14.108567, 40.886886 ] } },
{ "type": "Feature", "properties": { "pid": "CFsynt_003253", "mean_velocity": -3.75, "temporal_coherence": 0.945 }, "geometry": { "type": "Point", "coordinates": [ 14.171803, 40.900029 ] } },
{ "type": "Feature", "properties": { "pid": "CFsynt_003255", "mean_velocity": -5.22, "temporal_coherence": 0.856 }, "geometry": { "type": "Point", "coordinates": [ 14.26316, 40.79768 ] } },
{ "type": "Feature", "properties": { "pid": "CFsynt_003256", "mean_velocity": -3.21, "temporal_coherence": 0.929 }, "geometry": { "type": "Point", "coordinates": [ 14.059416, 40.857068 ] } },
{ "type": "Feature", "properties": { "pid": "CFsynt_003258", "mean_velocity": 25.77, "temporal_coherence": 0.846 }, "geometry": { "type": "Point", "coordinates": [ 14.193942, 40.830551 ] } },
{ "type": "Feature", "properties": { "pid": "CFsynt_003261", "mean_velocity": -0.72, "temporal_coherence": 0.863 }, "geometry": { "type": "Point", "coordinates": [ 14.231874, 40.780349 ] } },
{ "type": "Feature", "properties": { "pid": "CFsynt_003262", "mean_velocity": -1.77, "temporal_coherence": 0.955 }, "geometry": { "type": "Point", "coordinates": [ 14.050815, 40.887008 ] } },
{ "type": "Feature", "properties": { "pid": "CFsynt_003263", "mean_velocity": -2.39, "temporal_coherence": 0.752 }, "geometry": { "type": "Point", "coordinates": [ 14.168354, 40.913033 ] } },
{ "type": "Feature", "properties": { "pid": "CFsynt_003264", "mean_velocity": 31.24, "temporal_coherence": 0.76 }, "geometry": { "type": "Point", "coordinates": [ 14.128222, 40.787143 ] } },
{ "type": "Feature", "properties": { "pid": "CFsynt_003265", "mean_velocity": -3.16, "temporal_coherence": 0.975 }, "geometry": { "type": "Point", "coordinates": [ 14.096143, 40.888602 ] } },
{ "type": "Feature", "properties": { "pid": "CFsynt_003266", "mean_velocity": 21.76, "temporal_coherence": 0.831 }, "geometry": { "type": "Point", "coordinates": [ 14.084746, 40.844553 ] } },
{ "type": "Feature", "properties": { "pid": "CFsynt_003267", "mean_velocity": 0.25, "temporal_coherence": 0.964 }, "geometry": { "type": "Point", "coordinates": [ 14.251389, 40.91352 ] } },
{ "type": "Feature", "properties": { "pid": "CFsynt_003269", "mean_velocity": -3.89, "temporal_coherence": 0.776 }, "geometry": { "type": "Point", "coordinates": [ 14.070652, 40.917047 ] } },
{ "type": "Feature", "properties": { "pid": "CFsynt_003271", "mean_velocity": -0.41, "temporal_coherence": 0.844 }, "geometry": { "type": "Point", "coordinates": [ 14.202481, 40.896234 ] } },
{ "type": "Feature", "properties": { "pid": "CFsynt_003273", "mean_velocity": -1.31, "temporal_coherence": 0.768 }, "geometry": { "type": "Point", "coordinates": [ 14.235879, 40.871843 ] } },
{ "type": "Feature", "properties": { "pid": "CFsynt_003274", "mean_velocity": -0.94, "temporal_coherence": 0.772 }, "geometry": { "type": "Point", "coordinates": [ 14.234194, 40.868158 ] } },
{ "type": "Feature", "properties": { "pid": "CFsynt_003276", "mean_velocity": -1.66, "temporal_coherence": 0.777 }, "geometry": { "type": "Point", "coordinates": [ 14.170206, 40.914086 ] } },
{ "type": "Feature", "properties": { "pid": "CFsynt_003278", "mean_velocity": 73.82, "temporal_coherence": 0.892 }, "geometry": { "type": "Point", "coordinates": [ 14.12391, 40.816432 ] } },
{ "type": "Feature", "properties": { "pid": "CFsynt_003282", "mean_velocity": 52.73, "temporal_coherence": 0.867 }, "geometry": { "type": "Point", "coordinates": [ 14.109934, 40.845752 ] } },
{ "type": "Feature", "properties": { "pid": "CFsynt_003283", "mean_velocity": -1.0, "temporal_coherence": 0.969 }, "geometry": { "type": "Point", "coordinates": [ 14.057327, 40.791937 ] } },
{ "type": "Feature", "properties": { "pid": "CFsynt_003284", "mean_velocity": 22.49, "temporal_coherence": 0.833 }, "geometry": { "type": "Point", "coordinates": [ 14.085311, 40.84783 ] } },
{ "type": "Feature", "properties": { "pid": "CFsynt_003287", "mean_velocity": 39.14, "temporal_coherence": 0.81 }, "geometry": { "type": "Point", "coordinates": [ 14.152106, 40.860897 ] } },
{ "type": "Feature", "properties": { "pid": "CFsynt_003288", "mean_velocity": 6.92, "temporal_coherence": 0.876 }, "geometry": { "type": "Point", "coordinates": [ 14.05615, 40.832811 ] } },
{ "type": "Feature", "properties": { "pid": "CFsynt_003291", "mean_velocity": -4.56, "temporal_coherence": 0.918 }, "geometry": { "type": "Point", "coordinates": [ 14.238933, 40.915914 ] } },
{ "type": "Feature", "properties": { "pid": "CFsynt_003292", "mean_velocity": -0.29, "temporal_coherence": 0.796 }, "geometry": { "type": "Point", "coordinates": [ 14.197918, 40.886613 ] } },
{ "type": "Feature", "properties": { "pid": "CFsynt_003298", "mean_velocity": 12.13, "temporal_coherence": 0.885 }, "geometry": { "type": "Point", "coordinates": [ 14.168975, 40.877413 ] } },
{ "type": "Feature", "properties": { "pid": "CFsynt_003301", "mean_velocity": 78.2, "temporal_coherence": 0.937 }, "geometry": { "type": "Point", "coordinates": [ 14.12256, 40.826313 ] } },
{ "type": "Feature", "properties": { "pid": "CFsynt_003302", "mean_velocity": 38.89, "temporal_coherence": 0.779 }, "geometry": { "type": "Point", "coordinates": [ 14.104222, 40.804077 ] } },
{ "type": "Feature", "properties": { "pid": "CFsynt_003308", "mean_velocity": 14.77, "temporal_coherence": 0.985 }, "geometry": { "type": "Point", "coordinates": [ 14.203889, 40.82166 ] } },
{ "type": "Feature", "properties": { "pid": "CFsynt_003309", "mean_velocity": -3.28, "temporal_coherence": 0.82 }, "geometry": { "type": "Point", "coordinates": [ 14.050754, 40.875639 ] } },
{ "type": "Feature", "properties": { "pid": "CFsynt_003312", "mean_velocity": 23.85, "temporal_coherence": 0.728 }, "geometry": { "type": "Point", "coordinates": [ 14.188356, 40.805725 ] } },
{ "type": "Feature", "properties": { "pid": "CFsynt_003313", "mean_velocity": -6.49, "temporal_coherence": 0.775 }, "geometry": { "type": "Point", "coordinates": [ 14.208825, 40.862844 ] } },
{ "type": "Feature", "properties": { "pid": "CFsynt_003314", "mean_velocity": 28.02, "temporal_coherence": 0.872 }, "geometry": { "type": "Point", "coordinates": [ 14.114649, 40.79091 ] } },
{ "type": "Feature", "properties": { "pid": "CFsynt_003317", "mean_velocity": 8.77, "temporal_coherence": 0.852 }, "geometry": { "type": "Point", "coordinates": [ 14.059518, 40.820645 ] } },
{ "type": "Feature", "properties": { "pid": "CFsynt_003318", "mean_velocity": 3.2, "temporal_coherence": 0.849 }, "geometry": { "type": "Point", "coordinates": [ 14.054812, 40.899799 ] } },
{ "type": "Feature", "properties": { "pid": "CFsynt_003321", "mean_velocity": 69.04, "temporal_coherence": 0.845 }, "geometry": { "type": "Point", "coordinates": [ 14.15587, 40.810843 ] } },
{ "type": "Feature", "properties": { "pid": "CFsynt_003325", "mean_velocity": -1.7, "temporal_coherence": 0.951 }, "geometry": { "type": "Point", "coordinates": [ 14.275594, 40.855425 ] } },
{ "type": "Feature", "properties": { "pid": "CFsynt_003329", "mean_velocity": 13.35, "temporal_coherence": 0.779 }, "geometry": { "type": "Point", "coordinates": [ 14.09468, 40.86821 ] } },
{ "type": "Feature", "properties": { "pid": "CFsynt_003333", "mean_velocity": 14.45, "temporal_coherence": 0.812 }, "geometry": { "type": "Point", "coordinates": [ 14.100375, 40.870313 ] } },
{ "type": "Feature", "properties": { "pid": "CFsynt_003334", "mean_velocity": 15.31, "temporal_coherence": 0.721 }, "geometry": { "type": "Point", "coordinates": [ 14.136339, 40.878203 ] } },
{ "type": "Feature", "properties": { "pid": "CFsynt_003336", "mean_velocity": 42.5, "temporal_coherence": 0.779 }, "geometry": { "type": "Point", "coordinates": [ 14.182154, 40.835732 ] } },
{ "type": "Feature", "properties": { "pid": "CFsynt_003337", "mean_velocity": -0.44, "temporal_coherence": 0.986 }, "geometry": { "type": "Point", "coordinates": [ 14.286107, 40.858686 ] } },
{ "type": "Feature", "properties": { "pid": "CFsynt_003338", "mean_velocity": 29.17, "temporal_coherence": 0.778 }, "geometry": { "type": "Point", "coordinates": [ 14.114778, 40.864141 ] } },
{ "type": "Feature", "properties": { "pid": "CFsynt_003339", "mean_velocity": 39.48, "temporal_coherence": 0.744 }, "geometry": { "type": "Point", "coordinates": [ 14.181023, 40.816168 ] } },
{ "type": "Feature", "properties": { "pid": "CFsynt_003342", "mean_velocity": -2.31, "temporal_coherence": 0.859 }, "geometry": { "type": "Point", "coordinates": [ 14.075704, 40.910503 ] } },
{ "type": "Feature", "properties": { "pid": "CFsynt_003343", "mean_velocity": -4.32, "temporal_coherence": 0.9 }, "geometry": { "type": "Point", "coordinates": [ 14.060018, 40.796042 ] } },
{ "type": "Feature", "properties": { "pid": "CFsynt_003344", "mean_velocity": 14.62, "temporal_coherence": 0.765 }, "geometry": { "type": "Point", "coordinates": [ 14.175869, 40.873446 ] } },
{ "type": "Feature", "properties": { "pid": "CFsynt_003345", "mean_velocity": -0.93, "temporal_coherence": 0.751 }, "geometry": { "type": "Point", "coordinates": [ 14.224847, 40.863869 ] } },
{ "type": "Feature", "properties": { "pid": "CFsynt_003346", "mean_velocity": -0.19, "temporal_coherence": 0.989 }, "geometry": { "type": "Point", "coordinates": [ 14.260702, 40.831934 ] } },
{ "type": "Feature", "properties": { "pid": "CFsynt_003347", "mean_velocity": -0.4, "temporal_coherence": 0.747 }, "geometry": { "type": "Point", "coordinates": [ 14.200991, 40.910029 ] } },
{ "type": "Feature", "properties": { "pid": "CFsynt_003348", "mean_velocity": -3.04, "temporal_coherence": 0.754 }, "geometry": { "type": "Point", "coordinates": [ 14.254416, 40.885712 ] } },
{ "type": "Feature", "properties": { "pid": "CFsynt_003353", "mean_velocity": -0.49, "temporal_coherence": 0.918 }, "geometry": { "type": "Point", "coordinates": [ 14.125394, 40.890839 ] } },
{ "type": "Feature", "properties": { "pid": "CFsynt_003354", "mean_velocity": 6.61, "temporal_coherence": 0.757 }, "geometry": { "type": "Point", "coordinates": [ 14.173692, 40.883492 ] } },
{ "type": "Feature", "properties": { "pid": "CFsynt_003355", "mean_velocity": 84.71, "temporal_coherence": 0.796 }, "geometry": { "type": "Point", "coordinates": [ 14.133332, 40.815906 ] } },
{ "type": "Feature", "properties": { "pid": "CFsynt_003357", "mean_velocity": 11.47, "temporal_coherence": 0.806 }, "geometry": { "type": "Point", "coordinates": [ 14.169377, 40.876768 ] } },
{ "type": "Feature", "properties": { "pid": "CFsynt_003358", "mean_velocity": 0.55, "temporal_coherence": 0.832 }, "geometry": { "type": "Point", "coordinates": [ 14.226603, 40.86904 ] } },
{ "type": "Feature", "properties": { "pid": "CFsynt_003360", "mean_velocity": 65.4, "temporal_coherence": 0.722 }, "geometry": { "type": "Point", "coordinates": [ 14.122239, 40.810277 ] } },
{ "type": "Feature", "properties": { "pid": "CFsynt_003361", "mean_velocity": 75.46, "temporal_coherence": 0.957 }, "geometry": { "type": "Point", "coordinates": [ 14.130402, 40.840455 ] } },
{ "type": "Feature", "properties": { "pid": "CFsynt_003362", "mean_velocity": -6.89, "temporal_coherence": 0.958 }, "geometry": { "type": "Point", "coordinates": [ 14.199693, 40.873513 ] } },
{ "type": "Feature", "properties": { "pid": "CFsynt_003363", "mean_velocity": 13.43, "temporal_coherence": 0.714 }, "geometry": { "type": "Point", "coordinates": [ 14.202965, 40.852297 ] } },
{ "type": "Feature", "properties": { "pid": "CFsynt_003364", "mean_velocity": -3.61, "temporal_coherence": 0.877 }, "geometry": { "type": "Point", "coordinates": [ 14.121263, 40.897346 ] } },
{ "type": "Feature", "properties": { "pid": "CFsynt_003366", "mean_velocity": -1.72, "temporal_coherence": 0.985 }, "geometry": { "type": "Point", "coordinates": [ 14.231273, 40.886388 ] } },
{ "type": "Feature", "properties": { "pid": "CFsynt_003367", "mean_velocity": -1.29, "temporal_coherence": 0.929 }, "geometry": { "type": "Point", "coordinates": [ 14.217749, 40.906987 ] } },
{ "type": "Feature", "properties": { "pid": "CFsynt_003368", "mean_velocity": -3.41, "temporal_coherence": 0.949 }, "geometry": { "type": "Point", "coordinates": [ 14.069165, 40.897709 ] } },
{ "type": "Feature", "properties": { "pid": "CFsynt_003369", "mean_velocity": -4.03, "temporal_coherence": 0.945 }, "geometry": { "type": "Point", "coordinates": [ 14.157902, 40.898752 ] } },
{ "type": "Feature", "properties": { "pid": "CFsynt_003370", "mean_velocity": -2.32, "temporal_coherence": 0.716 }, "geometry": { "type": "Point", "coordinates": [ 14.288885, 40.919931 ] } },
{ "type": "Feature", "properties": { "pid": "CFsynt_003372", "mean_velocity": -2.6, "temporal_coherence": 0.918 }, "geometry": { "type": "Point", "coordinates": [ 14.277998, 40.885494 ] } },
{ "type": "Feature", "properties": { "pid": "CFsynt_003374", "mean_velocity": 18.32, "temporal_coherence": 0.734 }, "geometry": { "type": "Point", "coordinates": [ 14.177102, 40.863257 ] } },
{ "type": "Feature", "properties": { "pid": "CFsynt_003375", "mean_velocity": 49.33, "temporal_coherence": 0.912 }, "geometry": { "type": "Point", "coordinates": [ 14.153058, 40.799117 ] } },
{ "type": "Feature", "properties": { "pid": "CFsynt_003378", "mean_velocity": 70.61, "temporal_coherence": 0.964 }, "geometry": { "type": "Point", "coordinates": [ 14.161928, 40.8204 ] } },
{ "type": "Feature", "properties": { "pid": "CFsynt_003381", "mean_velocity": -1.39, "temporal_coherence": 0.777 }, "geometry": { "type": "Point", "coordinates": [ 14.28122, 40.835398 ] } },
{ "type": "Feature", "properties": { "pid": "CFsynt_003382", "mean_velocity": 1.43, "temporal_coherence": 0.934 }, "geometry": { "type": "Point", "coordinates": [ 14.297493, 40.848423 ] } },
{ "type": "Feature", "properties": { "pid": "CFsynt_003384", "mean_velocity": 29.28, "temporal_coherence": 0.908 }, "geometry": { "type": "Point", "coordinates": [ 14.088777, 40.846098 ] } },
{ "type": "Feature", "properties": { "pid": "CFsynt_003385", "mean_velocity": -4.14, "temporal_coherence": 0.975 }, "geometry": { "type": "Point", "coordinates": [ 14.228722, 40.852633 ] } },
{ "type": "Feature", "properties": { "pid": "CFsynt_003386", "mean_velocity": -5.7, "temporal_coherence": 0.96 }, "geometry": { "type": "Point", "coordinates": [ 14.189204, 40.919603 ] } },
{ "type": "Feature", "properties": { "pid": "CFsynt_003390", "mean_velocity": -0.08, "temporal_coherence": 0.891 }, "geometry": { "type": "Point", "coordinates": [ 14.070103, 40.87331 ] } },
{ "type": "Feature", "properties": { "pid": "CFsynt_003391", "mean_velocity": -7.57, "temporal_coherence": 0.816 }, "geometry": { "type": "Point", "coordinates": [ 14.232604, 40.912073 ] } },
{ "type": "Feature", "properties": { "pid": "CFsynt_003394", "mean_velocity": -5.59, "temporal_coherence": 0.778 }, "geometry": { "type": "Point", "coordinates": [ 14.244729, 40.893444 ] } },
{ "type": "Feature", "properties": { "pid": "CFsynt_003395", "mean_velocity": -1.05, "temporal_coherence": 0.922 }, "geometry": { "type": "Point", "coordinates": [ 14.29881, 40.880517 ] } },
{ "type": "Feature", "properties": { "pid": "CFsynt_003396", "mean_velocity": -2.16, "temporal_coherence": 0.91 }, "geometry": { "type": "Point", "coordinates": [ 14.051687, 40.861706 ] } },
{ "type": "Feature", "properties": { "pid": "CFsynt_003397", "mean_velocity": -1.74, "temporal_coherence": 0.814 }, "geometry": { "type": "Point", "coordinates": [ 14.061949, 40.915401 ] } },
{ "type": "Feature", "properties": { "pid": "CFsynt_003398", "mean_velocity": -0.5, "temporal_coherence": 0.806 }, "geometry": { "type": "Point", "coordinates": [ 14.230668, 40.901164 ] } },
{ "type": "Feature", "properties": { "pid": "CFsynt_003399", "mean_velocity": -1.64, "temporal_coherence": 0.723 }, "geometry": { "type": "Point", "coordinates": [ 14.217909, 40.880231 ] } },
{ "type": "Feature", "properties": { "pid": "CFsynt_003401", "mean_velocity": -2.79, "temporal_coherence": 0.791 }, "geometry": { "type": "Point", "coordinates": [ 14.271983, 40.879196 ] } },
{ "type": "Feature", "properties": { "pid": "CFsynt_003402", "mean_velocity": 22.9, "temporal_coherence": 0.711 }, "geometry": { "type": "Point", "coordinates": [ 14.181793, 40.85453 ] } },
{ "type": "Feature", "properties": { "pid": "CFsynt_003404", "mean_velocity": 0.3, "temporal_coherence": 0.954 }, "geometry": { "type": "Point", "coordinates": [ 14.284617, 40.887728 ] } },
{ "type": "Feature", "properties": { "pid": "CFsynt_003405", "mean_velocity": -4.98, "temporal_coherence": 0.788 }, "geometry": { "type": "Point", "coordinates": [ 14.265627, 40.869889 ] } },
{ "type": "Feature", "properties": { "pid": "CFsynt_003406", "mean_velocity": 33.33, "temporal_coherence": 0.988 }, "geometry": { "type": "Point", "coordinates": [ 14.179611, 40.848197 ] } },
{ "type": "Feature", "properties": { "pid": "CFsynt_003407", "mean_velocity": 12.45, "temporal_coherence": 0.974 }, "geometry": { "type": "Point", "coordinates": [ 14.102996, 40.782799 ] } },
{ "type": "Feature", "properties": { "pid": "CFsynt_003408", "mean_velocity": -3.41, "temporal_coherence": 0.942 }, "geometry": { "type": "Point", "coordinates": [ 14.176733, 40.886347 ] } },
{ "type": "Feature", "properties": { "pid": "CFsynt_003410", "mean_velocity": 5.41, "temporal_coherence": 0.836 }, "geometry": { "type": "Point", "coordinates": [ 14.221065, 40.821605 ] } },
{ "type": "Feature", "properties": { "pid": "CFsynt_003411", "mean_velocity": 14.31, "temporal_coherence": 0.874 }, "geometry": { "type": "Point", "coordinates": [ 14.068853, 40.824138 ] } },
{ "type": "Feature", "properties": { "pid": "CFsynt_003414", "mean_velocity": -4.74, "temporal_coherence": 0.869 }, "geometry": { "type": "Point", "coordinates": [ 14.116859, 40.914836 ] } },
{ "type": "Feature", "properties": { "pid": "CFsynt_003415", "mean_velocity": 23.42, "temporal_coherence": 0.811 }, "geometry": { "type": "Point", "coordinates": [ 14.097303, 40.860989 ] } },
{ "type": "Feature", "properties": { "pid": "CFsynt_003416", "mean_velocity": 15.3, "temporal_coherence": 0.98 }, "geometry": { "type": "Point", "coordinates": [ 14.209809, 40.832298 ] } },
{ "type": "Feature", "properties": { "pid": "CFsynt_003417", "mean_velocity": 0.61, "temporal_coherence": 0.916 }, "geometry": { "type": "Point", "coordinates": [ 14.258168, 40.892629 ] } },
{ "type": "Feature", "properties": { "pid": "CFsynt_003422", "mean_velocity": -2.48, "temporal_coherence": 0.831 }, "geometry": { "type": "Point", "coordinates": [ 14.221111, 40.86235 ] } },
{ "type": "Feature", "properties": { "pid": "CFsynt_003424", "mean_velocity": 0.11, "temporal_coherence": 0.901 }, "geometry": { "type": "Point", "coordinates": [ 14.074715, 40.868775 ] } },
{ "type": "Feature", "properties": { "pid": "CFsynt_003425", "mean_velocity": -3.47, "temporal_coherence": 0.96 }, "geometry": { "type": "Point", "coordinates": [ 14.183312, 40.900656 ] } },
{ "type": "Feature", "properties": { "pid": "CFsynt_003426", "mean_velocity": -2.58, "temporal_coherence": 0.735 }, "geometry": { "type": "Point", "coordinates": [ 14.055044, 40.78486 ] } },
{ "type": "Feature", "properties": { "pid": "CFsynt_003428", "mean_velocity": -3.77, "temporal_coherence": 0.938 }, "geometry": { "type": "Point", "coordinates": [ 14.298044, 40.88396 ] } },
{ "type": "Feature", "properties": { "pid": "CFsynt_003429", "mean_velocity": -1.03, "temporal_coherence": 0.743 }, "geometry": { "type": "Point", "coordinates": [ 14.268268, 40.910095 ] } },
{ "type": "Feature", "properties": { "pid": "CFsynt_003430", "mean_velocity": 21.01, "temporal_coherence": 0.842 }, "geometry": { "type": "Point", "coordinates": [ 14.193133, 40.849342 ] } },
{ "type": "Feature", "properties": { "pid": "CFsynt_003431", "mean_velocity": 16.72, "temporal_coherence": 0.717 }, "geometry": { "type": "Point", "coordinates": [ 14.191704, 40.797108 ] } },
{ "type": "Feature", "properties": { "pid": "CFsynt_003433", "mean_velocity": 46.38, "temporal_coherence": 0.777 }, "geometry": { "type": "Point", "coordinates": [ 14.101891, 40.841813 ] } },
{ "type": "Feature", "properties": { "pid": "CFsynt_003434", "mean_velocity": -1.29, "temporal_coherence": 0.858 }, "geometry": { "type": "Point", "coordinates": [ 14.052025, 40.898947 ] } },
{ "type": "Feature", "properties": { "pid": "CFsynt_003435", "mean_velocity": 11.96, "temporal_coherence": 0.974 }, "geometry": { "type": "Point", "coordinates": [ 14.192963, 40.860004 ] } },
{ "type": "Feature", "properties": { "pid": "CFsynt_003436", "mean_velocity": 70.91, "temporal_coherence": 0.784 }, "geometry": { "type": "Point", "coordinates": [ 14.125348, 40.810296 ] } },
{ "type": "Feature", "properties": { "pid": "CFsynt_003437", "mean_velocity": -1.99, "temporal_coherence": 0.703 }, "geometry": { "type": "Point", "coordinates": [ 14.123478, 40.895791 ] } },
{ "type": "Feature", "properties": { "pid": "CFsynt_003439", "mean_velocity": 8.3, "temporal_coherence": 0.815 }, "geometry": { "type": "Point", "coordinates": [ 14.202909, 40.791958 ] } },
{ "type": "Feature", "properties": { "pid": "CFsynt_003440", "mean_velocity": 27.26, "temporal_coherence": 0.739 }, "geometry": { "type": "Point", "coordinates": [ 14.10657, 40.861353 ] } },
{ "type": "Feature", "properties": { "pid": "CFsynt_003443", "mean_velocity": 82.16, "temporal_coherence": 0.913 }, "geometry": { "type": "Point", "coordinates": [ 14.135665, 40.813785 ] } },
{ "type": "Feature", "properties": { "pid": "CFsynt_003444", "mean_velocity": -2.45, "temporal_coherence": 0.765 }, "geometry": { "type": "Point", "coordinates": [ 14.284901, 40.887957 ] } },
{ "type": "Feature", "properties": { "pid": "CFsynt_003445", "mean_velocity": 70.59, "temporal_coherence": 0.982 }, "geometry": { "type": "Point", "coordinates": [ 14.127635, 40.810869 ] } },
{ "type": "Feature", "properties": { "pid": "CFsynt_003446", "mean_velocity": -3.57, "temporal_coherence": 0.967 }, "geometry": { "type": "Point", "coordinates": [ 14.226932, 40.857684 ] } },
{ "type": "Feature", "properties": { "pid": "CFsynt_003447", "mean_velocity": -4.5, "temporal_coherence": 0.706 }, "geometry": { "type": "Point", "coordinates": [ 14.249399, 40.854787 ] } },
{ "type": "Feature", "properties": { "pid": "CFsynt_003448", "mean_velocity": 55.61, "temporal_coherence": 0.786 }, "geometry": { "type": "Point", "coordinates": [ 14.125149, 40.80453 ] } },
{ "type": "Feature", "properties": { "pid": "CFsynt_003449", "mean_velocity": -1.15, "temporal_coherence": 0.767 }, "geometry": { "type": "Point", "coordinates": [ 14.268276, 40.822619 ] } },
{ "type": "Feature", "properties": { "pid": "CFsynt_003455", "mean_velocity": -0.83, "temporal_coherence": 0.793 }, "geometry": { "type": "Point", "coordinates": [ 14.256862, 40.784753 ] } },
{ "type": "Feature", "properties": { "pid": "CFsynt_003460", "mean_velocity": -4.79, "temporal_coherence": 0.984 }, "geometry": { "type": "Point", "coordinates": [ 14.160832, 40.917903 ] } },
{ "type": "Feature", "properties": { "pid": "CFsynt_003463", "mean_velocity": 27.88, "temporal_coherence": 0.799 }, "geometry": { "type": "Point", "coordinates": [ 14.113578, 40.788306 ] } },
{ "type": "Feature", "properties": { "pid": "CFsynt_003465", "mean_velocity": -7.01, "temporal_coherence": 0.902 }, "geometry": { "type": "Point", "coordinates": [ 14.259976, 40.80241 ] } },
{ "type": "Feature", "properties": { "pid": "CFsynt_003466", "mean_velocity": 5.36, "temporal_coherence": 0.965 }, "geometry": { "type": "Point", "coordinates": [ 14.209717, 40.796236 ] } },
{ "type": "Feature", "properties": { "pid": "CFsynt_003467", "mean_velocity": 21.66, "temporal_coherence": 0.81 }, "geometry": { "type": "Point", "coordinates": [ 14.117364, 40.871758 ] } },
{ "type": "Feature", "properties": { "pid": "CFsynt_003468", "mean_velocity": 40.13, "temporal_coherence": 0.842 }, "geometry": { "type": "Point", "coordinates": [ 14.120005, 40.860114 ] } },
{ "type": "Feature", "properties": { "pid": "CFsynt_003470", "mean_velocity": 10.51, "temporal_coherence": 0.743 }, "geometry": { "type": "Point", "coordinates": [ 14.157372, 40.880666 ] } },
{ "type": "Feature", "properties": { "pid": "CFsynt_003474", "mean_velocity": 35.21, "temporal_coherence": 0.866 }, "geometry": { "type": "Point", "coordinates": [ 14.190275, 40.825676 ] } },
{ "type": "Feature", "properties": { "pid": "CFsynt_003476", "mean_velocity": -2.47, "temporal_coherence": 0.879 }, "geometry": { "type": "Point", "coordinates": [ 14.269747, 40.858504 ] } },
{ "type": "Feature", "properties": { "pid": "CFsynt_003479", "mean_velocity": -1.25, "temporal_coherence": 0.729 }, "geometry": { "type": "Point", "coordinates": [ 14.193646, 40.889481 ] } },
{ "type": "Feature", "properties": { "pid": "CFsynt_003481", "mean_velocity": -4.62, "temporal_coherence": 0.961 }, "geometry": { "type": "Point", "coordinates": [ 14.23452, 40.824397 ] } },
{ "type": "Feature", "properties": { "pid": "CFsynt_003483", "mean_velocity": -5.78, "temporal_coherence": 0.834 }, "geometry": { "type": "Point", "coordinates": [ 14.193265, 40.874914 ] } },
{ "type": "Feature", "properties": { "pid": "CFsynt_003484", "mean_velocity": 0.78, "temporal_coherence": 0.821 }, "geometry": { "type": "Point", "coordinates": [ 14.232994, 40.894746 ] } },
{ "type": "Feature", "properties": { "pid": "CFsynt_003485", "mean_velocity": -6.32, "temporal_coherence": 0.763 }, "geometry": { "type": "Point", "coordinates": [ 14.247422, 40.80539 ] } },
{ "type": "Feature", "properties": { "pid": "CFsynt_003486", "mean_velocity": -3.67, "temporal_coherence": 0.941 }, "geometry": { "type": "Point", "coordinates": [ 14.226154, 40.875756 ] } },
{ "type": "Feature", "properties": { "pid": "CFsynt_003487", "mean_velocity": -0.56, "temporal_coherence": 0.939 }, "geometry": { "type": "Point", "coordinates": [ 14.246379, 40.851981 ] } },
{ "type": "Feature", "properties": { "pid": "CFsynt_003490", "mean_velocity": 20.93, "temporal_coherence": 0.774 }, "geometry": { "type": "Point", "coordinates": [ 14.200598, 40.831401 ] } },
{ "type": "Feature", "properties": { "pid": "CFsynt_003492", "mean_velocity": -2.93, "temporal_coherence": 0.741 }, "geometry": { "type": "Point", "coordinates": [ 14.278229, 40.919266 ] } },
{ "type": "Feature", "properties": { "pid": "CFsynt_003493", "mean_velocity": -3.75, "temporal_coherence": 0.875 }, "geometry": { "type": "Point", "coordinates": [ 14.206907, 40.866269 ] } },
{ "type": "Feature", "properties": { "pid": "CFsynt_003495", "mean_velocity": -3.66, "temporal_coherence": 0.931 }, "geometry": { "type": "Point", "coordinates": [ 14.266744, 40.788942 ] } },
{ "type": "Feature", "properties": { "pid": "CFsynt_003500", "mean_velocity": 12.58, "temporal_coherence": 0.771 }, "geometry": { "type": "Point", "coordinates": [ 14.150068, 40.884354 ] } },
{ "type": "Feature", "properties": { "pid": "CFsynt_003501", "mean_velocity": -5.78, "temporal_coherence": 0.867 }, "geometry": { "type": "Point", "coordinates": [ 14.195448, 40.874575 ] } },
{ "type": "Feature", "properties": { "pid": "CFsynt_003503", "mean_velocity": -2.98, "temporal_coherence": 0.782 }, "geometry": { "type": "Point", "coordinates": [ 14.217013, 40.797207 ] } },
{ "type": "Feature", "properties": { "pid": "CFsynt_003504", "mean_velocity": -5.35, "temporal_coherence": 0.933 }, "geometry": { "type": "Point", "coordinates": [ 14.238271, 40.864282 ] } },
{ "type": "Feature", "properties": { "pid": "CFsynt_003506", "mean_velocity": 23.94, "temporal_coherence": 0.745 }, "geometry": { "type": "Point", "coordinates": [ 14.174002, 40.862673 ] } },
{ "type": "Feature", "properties": { "pid": "CFsynt_003508", "mean_velocity": -1.98, "temporal_coherence": 0.846 }, "geometry": { "type": "Point", "coordinates": [ 14.227598, 40.890151 ] } },
{ "type": "Feature", "properties": { "pid": "CFsynt_003511", "mean_velocity": -5.41, "temporal_coherence": 0.817 }, "geometry": { "type": "Point", "coordinates": [ 14.235107, 40.838527 ] } },
{ "type": "Feature", "properties": { "pid": "CFsynt_003514", "mean_velocity": -3.2, "temporal_coherence": 0.858 }, "geometry": { "type": "Point", "coordinates": [ 14.296484, 40.791661 ] } },
{ "type": "Feature", "properties": { "pid": "CFsynt_003516", "mean_velocity": -1.88, "temporal_coherence": 0.745 }, "geometry": { "type": "Point", "coordinates": [ 14.206735, 40.919222 ] } },
{ "type": "Feature", "properties": { "pid": "CFsynt_003517", "mean_velocity": 26.32, "temporal_coherence": 0.967 }, "geometry": { "type": "Point", "coordinates": [ 14.079929, 40.824906 ] } },
{ "type": "Feature", "properties": { "pid": "CFsynt_003519", "mean_velocity": -4.8, "temporal_coherence": 0.839 }, "geometry": { "type": "Point", "coordinates": [ 14.251959, 40.784748 ] } },
{ "type": "Feature", "properties": { "pid": "CFsynt_003521", "mean_velocity": 0.03, "temporal_coherence": 0.816 }, "geometry": { "type": "Point", "coordinates": [ 14.281789, 40.872956 ] } },
{ "type": "Feature", "properties": { "pid": "CFsynt_003523", "mean_velocity": 58.17, "temporal_coherence": 0.866 }, "geometry": { "type": "Point", "coordinates": [ 14.140473, 40.85198 ] } },
{ "type": "Feature", "properties": { "pid": "CFsynt_003525", "mean_velocity": 32.5, "temporal_coherence": 0.85 }, "geometry": { "type": "Point", "coordinates": [ 14.155374, 40.863275 ] } },
{ "type": "Feature", "properties": { "pid": "CFsynt_003528", "mean_velocity": -0.72, "temporal_coherence": 0.891 }, "geometry": { "type": "Point", "coordinates": [ 14.272909, 40.906855 ] } },
{ "type": "Feature", "properties": { "pid": "CFsynt_003529", "mean_velocity": 49.58, "temporal_coherence": 0.928 }, "geometry": { "type": "Point", "coordinates": [ 14.170471, 40.807217 ] } },
{ "type": "Feature", "properties": { "pid": "CFsynt_003533", "mean_velocity": 15.02, "temporal_coherence": 0.793 }, "geometry": { "type": "Point", "coordinates": [ 14.07767, 40.848886 ] } },
{ "type": "Feature", "properties": { "pid": "CFsynt_003535", "mean_velocity": -2.43, "temporal_coherence": 0.892 }, "geometry": { "type": "Point", "coordinates": [ 14.260644, 40.823874 ] } },
{ "type": "Feature", "properties": { "pid": "CFsynt_003536", "mean_velocity": -2.08, "temporal_coherence": 0.922 }, "geometry": { "type": "Point", "coordinates": [ 14.096206, 40.914339 ] } },
{ "type": "Feature", "properties": { "pid": "CFsynt_003537", "mean_velocity": 14.22, "temporal_coherence": 0.925 }, "geometry": { "type": "Point", "coordinates": [ 14.201731, 40.802449 ] } },
{ "type": "Feature", "properties": { "pid": "CFsynt_003538", "mean_velocity": -0.06, "temporal_coherence": 0.86 }, "geometry": { "type": "Point", "coordinates": [ 14.074789, 40.887346 ] } },
{ "type": "Feature", "properties": { "pid": "CFsynt_003542", "mean_velocity": -3.63, "temporal_coherence": 0.978 }, "geometry": { "type": "Point", "coordinates": [ 14.286908, 40.839598 ] } },
{ "type": "Feature", "properties": { "pid": "CFsynt_003544", "mean_velocity": 27.22, "temporal_coherence": 0.88 }, "geometry": { "type": "Point", "coordinates": [ 14.125707, 40.867599 ] } },
{ "type": "Feature", "properties": { "pid": "CFsynt_003545", "mean_velocity": 55.14, "temporal_coherence": 0.915 }, "geometry": { "type": "Point", "coordinates": [ 14.166576, 40.809507 ] } },
{ "type": "Feature", "properties": { "pid": "CFsynt_003546", "mean_velocity": 7.99, "temporal_coherence": 0.967 }, "geometry": { "type": "Point", "coordinates": [ 14.169223, 40.881405 ] } },
{ "type": "Feature", "properties": { "pid": "CFsynt_003548", "mean_velocity": -1.66, "temporal_coherence": 0.986 }, "geometry": { "type": "Point", "coordinates": [ 14.063189, 40.854514 ] } },
{ "type": "Feature", "properties": { "pid": "CFsynt_003549", "mean_velocity": 0.32, "temporal_coherence": 0.937 }, "geometry": { "type": "Point", "coordinates": [ 14.27707, 40.786593 ] } },
{ "type": "Feature", "properties": { "pid": "CFsynt_003552", "mean_velocity": 19.95, "temporal_coherence": 0.807 }, "geometry": { "type": "Point", "coordinates": [ 14.129771, 40.873251 ] } },
{ "type": "Feature", "properties": { "pid": "CFsynt_003554", "mean_velocity": 20.7, "temporal_coherence": 0.762 }, "geometry": { "type": "Point", "coordinates": [ 14.114816, 40.786298 ] } },
{ "type": "Feature", "properties": { "pid": "CFsynt_003556", "mean_velocity": 57.14, "temporal_coherence": 0.731 }, "geometry": { "type": "Point", "coordinates": [ 14.174501, 40.825406 ] } },
{ "type": "Feature", "properties": { "pid": "CFsynt_003557", "mean_velocity": -7.23, "temporal_coherence": 0.799 }, "geometry": { "type": "Point", "coordinates": [ 14.298494, 40.875125 ] } },
{ "type": "Feature", "properties": { "pid": "CFsynt_003559", "mean_velocity": 7.51, "temporal_coherence": 0.969 }, "geometry": { "type": "Point", "coordinates": [ 14.179153, 40.881417 ] } },
{ "type": "Feature", "properties": { "pid": "CFsynt_003560", "mean_velocity": -3.03, "temporal_coherence": 0.772 }, "geometry": { "type": "Point", "coordinates": [ 14.23621, 40.881503 ] } },
{ "type": "Feature", "properties": { "pid": "CFsynt_003561", "mean_velocity": 14.59, "temporal_coherence": 0.884 }, "geometry": { "type": "Point", "coordinates": [ 14.176141, 40.785231 ] } },
{ "type": "Feature", "properties": { "pid": "CFsynt_003563", "mean_velocity": 5.84, "temporal_coherence": 0.771 }, "geometry": { "type": "Point", "coordinates": [ 14.083489, 40.872564 ] } },
{ "type": "Feature", "properties": { "pid": "CFsynt_003565", "mean_velocity": -3.48, "temporal_coherence": 0.919 }, "geometry": { "type": "Point", "coordinates": [ 14.265535, 40.860207 ] } },
{ "type": "Feature", "properties": { "pid": "CFsynt_003566", "mean_velocity": -3.19, "temporal_coherence": 0.715 }, "geometry": { "type": "Point", "coordinates": [ 14.279613, 40.804237 ] } },
{ "type": "Feature", "properties": { "pid": "CFsynt_003567", "mean_velocity": -0.12, "temporal_coherence": 0.732 }, "geometry": { "type": "Point", "coordinates": [ 14.170043, 40.905938 ] } },
{ "type": "Feature", "properties": { "pid": "CFsynt_003569", "mean_velocity": 13.66, "temporal_coherence": 0.803 }, "geometry": { "type": "Point", "coordinates": [ 14.118964, 40.873816 ] } },
{ "type": "Feature", "properties": { "pid": "CFsynt_003570", "mean_velocity": -0.09, "temporal_coherence": 0.726 }, "geometry": { "type": "Point", "coordinates": [ 14.250965, 40.781674 ] } },
{ "type": "Feature", "properties": { "pid": "CFsynt_003571", "mean_velocity": -2.88, "temporal_coherence": 0.768 }, "geometry": { "type": "Point", "coordinates": [ 14.070731, 40.877801 ] } },
{ "type": "Feature", "properties": { "pid": "CFsynt_003573", "mean_velocity": -2.72, "temporal_coherence": 0.776 }, "geometry": { "type": "Point", "coordinates": [ 14.159262, 40.889259 ] } },
{ "type": "Feature", "properties": { "pid": "CFsynt_003575", "mean_velocity": 41.65, "temporal_coherence": 0.71 }, "geometry": { "type": "Point", "coordinates": [ 14.142235, 40.859915 ] } },
{ "type": "Feature", "properties": { "pid": "CFsynt_003576", "mean_velocity": -1.49, "temporal_coherence": 0.898 }, "geometry": { "type": "Point", "coordinates": [ 14.26783, 40.786078 ] } },
{ "type": "Feature", "properties": { "pid": "CFsynt_003578", "mean_velocity": -3.1, "temporal_coherence": 0.975 }, "geometry": { "type": "Point", "coordinates": [ 14.246132, 40.781592 ] } },
{ "type": "Feature", "properties": { "pid": "CFsynt_003580", "mean_velocity": -0.16, "temporal_coherence": 0.987 }, "geometry": { "type": "Point", "coordinates": [ 14.252064, 40.888362 ] } },
{ "type": "Feature", "properties": { "pid": "CFsynt_003583", "mean_velocity": -1.55, "temporal_coherence": 0.848 }, "geometry": { "type": "Point", "coordinates": [ 14.239519, 40.908452 ] } },
{ "type": "Feature", "properties": { "pid": "CFsynt_003584", "mean_velocity": -1.4, "temporal_coherence": 0.881 }, "geometry": { "type": "Point", "coordinates": [ 14.29539, 40.905744 ] } },
{ "type": "Feature", "properties": { "pid": "CFsynt_003585", "mean_velocity": -2.52, "temporal_coherence": 0.709 }, "geometry": { "type": "Point", "coordinates": [ 14.262207, 40.913743 ] } },
{ "type": "Feature", "properties": { "pid": "CFsynt_003586", "mean_velocity": 86.03, "temporal_coherence": 0.947 }, "geometry": { "type": "Point", "coordinates": [ 14.143229, 40.818698 ] } },
{ "type": "Feature", "properties": { "pid": "CFsynt_003587", "mean_velocity": 33.75, "temporal_coherence": 0.916 }, "geometry": { "type": "Point", "coordinates": [ 14.170422, 40.855049 ] } },
{ "type": "Feature", "properties": { "pid": "CFsynt_003588", "mean_velocity": -4.84, "temporal_coherence": 0.879 }, "geometry": { "type": "Point", "coordinates": [ 14.256014, 40.899203 ] } },
{ "type": "Feature", "properties": { "pid": "CFsynt_003589", "mean_velocity": 20.79, "temporal_coherence": 0.904 }, "geometry": { "type": "Point", "coordinates": [ 14.114852, 40.784657 ] } },
{ "type": "Feature", "properties": { "pid": "CFsynt_003590", "mean_velocity": -3.86, "temporal_coherence": 0.766 }, "geometry": { "type": "Point", "coordinates": [ 14.263126, 40.89039 ] } },
{ "type": "Feature", "properties": { "pid": "CFsynt_003593", "mean_velocity": -3.93, "temporal_coherence": 0.753 }, "geometry": { "type": "Point", "coordinates": [ 14.055172, 40.874716 ] } },
{ "type": "Feature", "properties": { "pid": "CFsynt_003597", "mean_velocity": -1.96, "temporal_coherence": 0.948 }, "geometry": { "type": "Point", "coordinates": [ 14.286026, 40.822265 ] } },
{ "type": "Feature", "properties": { "pid": "CFsynt_003599", "mean_velocity": 39.31, "temporal_coherence": 0.738 }, "geometry": { "type": "Point", "coordinates": [ 14.157112, 40.85737 ] } },
{ "type": "Feature", "properties": { "pid": "CFsynt_003600", "mean_velocity": 35.8, "temporal_coherence": 0.787 }, "geometry": { "type": "Point", "coordinates": [ 14.113182, 40.855275 ] } },
{ "type": "Feature", "properties": { "pid": "CFsynt_003601", "mean_velocity": 5.38, "temporal_coherence": 0.88 }, "geometry": { "type": "Point", "coordinates": [ 14.067707, 40.795144 ] } },
{ "type": "Feature", "properties": { "pid": "CFsynt_003602", "mean_velocity": -1.38, "temporal_coherence": 0.96 }, "geometry": { "type": "Point", "coordinates": [ 14.175351, 40.884265 ] } },
{ "type": "Feature", "properties": { "pid": "CFsynt_003603", "mean_velocity": 39.36, "temporal_coherence": 0.736 }, "geometry": { "type": "Point", "coordinates": [ 14.093814, 40.830566 ] } },
{ "type": "Feature", "properties": { "pid": "CFsynt_003606", "mean_velocity": 12.83, "temporal_coherence": 0.916 }, "geometry": { "type": "Point", "coordinates": [ 14.071527, 40.851224 ] } },
{ "type": "Feature", "properties": { "pid": "CFsynt_003607", "mean_velocity": 32.56, "temporal_coherence": 0.792 }, "geometry": { "type": "Point", "coordinates": [ 14.101478, 40.855047 ] } },
{ "type": "Feature", "properties": { "pid": "CFsynt_003609", "mean_velocity": 40.4, "temporal_coherence": 0.725 }, "geometry": { "type": "Point", "coordinates": [ 14.095476, 40.825953 ] } },
{ "type": "Feature", "properties": { "pid": "CFsynt_003611", "mean_velocity": 10.72, "temporal_coherence": 0.929 }, "geometry": { "type": "Point", "coordinates": [ 14.124979, 40.885087 ] } },
{ "type": "Feature", "properties": { "pid": "CFsynt_003612", "mean_velocity": -1.96, "temporal_coherence": 0.804 }, "geometry": { "type": "Point", "coordinates": [ 14.208357, 40.873957 ] } },
{ "type": "Feature", "properties": { "pid": "CFsynt_003613", "mean_velocity": -1.39, "temporal_coherence": 0.848 }, "geometry": { "type": "Point", "coordinates": [ 14.288175, 40.802195 ] } },
{ "type": "Feature", "properties": { "pid": "CFsynt_003615", "mean_velocity": 1.34, "temporal_coherence": 0.761 }, "geometry": { "type": "Point", "coordinates": [ 14.231415, 40.838801 ] } },
{ "type": "Feature", "properties": { "pid": "CFsynt_003618", "mean_velocity": 26.28, "temporal_coherence": 0.789 }, "geometry": { "type": "Point", "coordinates": [ 14.122969, 40.867159 ] } },
{ "type": "Feature", "properties": { "pid": "CFsynt_003621", "mean_velocity": 2.62, "temporal_coherence": 0.98 }, "geometry": { "type": "Point", "coordinates": [ 14.110478, 40.89185 ] } },
{ "type": "Feature", "properties": { "pid": "CFsynt_003623", "mean_velocity": -5.36, "temporal_coherence": 0.877 }, "geometry": { "type": "Point", "coordinates": [ 14.272299, 40.893772 ] } },
{ "type": "Feature", "properties": { "pid": "CFsynt_003624", "mean_velocity": -2.45, "temporal_coherence": 0.844 }, "geometry": { "type": "Point", "coordinates": [ 14.223849, 40.901249 ] } },
{ "type": "Feature", "properties": { "pid": "CFsynt_003625", "mean_velocity": -4.3, "temporal_coherence": 0.755 }, "geometry": { "type": "Point", "coordinates": [ 14.192589, 40.886128 ] } },
{ "type": "Feature", "properties": { "pid": "CFsynt_003626", "mean_velocity": -0.77, "temporal_coherence": 0.941 }, "geometry": { "type": "Point", "coordinates": [ 14.286697, 40.800453 ] } },
{ "type": "Feature", "properties": { "pid": "CFsynt_003627", "mean_velocity": -4.28, "temporal_coherence": 0.844 }, "geometry": { "type": "Point", "coordinates": [ 14.225007, 40.82496 ] } },
{ "type": "Feature", "properties": { "pid": "CFsynt_003630", "mean_velocity": 2.7, "temporal_coherence": 0.892 }, "geometry": { "type": "Point", "coordinates": [ 14.060853, 40.902024 ] } },
{ "type": "Feature", "properties": { "pid": "CFsynt_003632", "mean_velocity": 10.97, "temporal_coherence": 0.824 }, "geometry": { "type": "Point", "coordinates": [ 14.203669, 40.801659 ] } },
{ "type": "Feature", "properties": { "pid": "CFsynt_003633", "mean_velocity": 80.13, "temporal_coherence": 0.933 }, "geometry": { "type": "Point", "coordinates": [ 14.150548, 40.817904 ] } },
{ "type": "Feature", "properties": { "pid": "CFsynt_003634", "mean_velocity": -3.61, "temporal_coherence": 0.916 }, "geometry": { "type": "Point", "coordinates": [ 14.200816, 40.876064 ] } },
{ "type": "Feature", "properties": { "pid": "CFsynt_003636", "mean_velocity": -4.08, "temporal_coherence": 0.816 }, "geometry": { "type": "Point", "coordinates": [ 14.268417, 40.862819 ] } },
{ "type": "Feature", "properties": { "pid": "CFsynt_003637", "mean_velocity": 0.86, "temporal_coherence": 0.826 }, "geometry": { "type": "Point", "coordinates": [ 14.092827, 40.905564 ] } },
{ "type": "Feature", "properties": { "pid": "CFsynt_003638", "mean_velocity": -3.61, "temporal_coherence": 0.86 }, "geometry": { "type": "Point", "coordinates": [ 14.263318, 40.86988 ] } },
{ "type": "Feature", "properties": { "pid": "CFsynt_003639", "mean_velocity": 30.23, "temporal_coherence": 0.911 }, "geometry": { "type": "Point", "coordinates": [ 14.18497, 40.813171 ] } },
{ "type": "Feature", "properties": { "pid": "CFsynt_003640", "mean_velocity": -4.83, "temporal_coherence": 0.849 }, "geometry": { "type": "Point", "coordinates": [ 14.110206, 40.890339 ] } },
{ "type": "Feature", "properties": { "pid": "CFsynt_003645", "mean_velocity": -4.05, "temporal_coherence": 0.803 }, "geometry": { "type": "Point", "coordinates": [ 14.249205, 40.849606 ] } },
{ "type": "Feature", "properties": { "pid": "CFsynt_003646", "mean_velocity": 83.31, "temporal_coherence": 0.817 }, "geometry": { "type": "Point", "coordinates": [ 14.131513, 40.837156 ] } },
{ "type": "Feature", "properties": { "pid": "CFsynt_003647", "mean_velocity": 60.72, "temporal_coherence": 0.841 }, "geometry": { "type": "Point", "coordinates": [ 14.142907, 40.850119 ] } },
{ "type": "Feature", "properties": { "pid": "CFsynt_003648", "mean_velocity": 28.18, "temporal_coherence": 0.721 }, "geometry": { "type": "Point", "coordinates": [ 14.10165, 40.796037 ] } },
{ "type": "Feature", "properties": { "pid": "CFsynt_003649", "mean_velocity": -3.28, "temporal_coherence": 0.733 }, "geometry": { "type": "Point", "coordinates": [ 14.279162, 40.842383 ] } },
{ "type": "Feature", "properties": { "pid": "CFsynt_003651", "mean_velocity": -0.86, "temporal_coherence": 0.751 }, "geometry": { "type": "Point", "coordinates": [ 14.090956, 40.904172 ] } },
{ "type": "Feature", "properties": { "pid": "CFsynt_003652", "mean_velocity": 30.96, "temporal_coherence": 0.864 }, "geometry": { "type": "Point", "coordinates": [ 14.119682, 40.789349 ] } },
{ "type": "Feature", "properties": { "pid": "CFsynt_003653", "mean_velocity": -2.83, "temporal_coherence": 0.756 }, "geometry": { "type": "Point", "coordinates": [ 14.088913, 40.881216 ] } },
{ "type": "Feature", "properties": { "pid": "CFsynt_003654", "mean_velocity": -3.44, "temporal_coherence": 0.77 }, "geometry": { "type": "Point", "coordinates": [ 14.12212, 40.914231 ] } },
{ "type": "Feature", "properties": { "pid": "CFsynt_003656", "mean_velocity": 18.99, "temporal_coherence": 0.853 }, "geometry": { "type": "Point", "coordinates": [ 14.075974, 40.836614 ] } },
{ "type": "Feature", "properties": { "pid": "CFsynt_003660", "mean_velocity": 37.54, "temporal_coherence": 0.755 }, "geometry": { "type": "Point", "coordinates": [ 14.091676, 40.824976 ] } },
{ "type": "Feature", "properties": { "pid": "CFsynt_003661", "mean_velocity": -2.83, "temporal_coherence": 0.942 }, "geometry": { "type": "Point", "coordinates": [ 14.29342, 40.896713 ] } },
{ "type": "Feature", "properties": { "pid": "CFsynt_003662", "mean_velocity": -2.27, "temporal_coherence": 0.888 }, "geometry": { "type": "Point", "coordinates": [ 14.288104, 40.807515 ] } },
{ "type": "Feature", "properties": { "pid": "CFsynt_003663", "mean_velocity": -1.82, "temporal_coherence": 0.938 }, "geometry": { "type": "Point", "coordinates": [ 14.227041, 40.910255 ] } },
{ "type": "Feature", "properties": { "pid": "CFsynt_003669", "mean_velocity": -2.48, "temporal_coherence": 0.783 }, "geometry": { "type": "Point", "coordinates": [ 14.196988, 40.916737 ] } },
{ "type": "Feature", "properties": { "pid": "CFsynt_003673", "mean_velocity": 50.6, "temporal_coherence": 0.716 }, "geometry": { "type": "Point", "coordinates": [ 14.130297, 40.856187 ] } },
{ "type": "Feature", "properties": { "pid": "CFsynt_003674", "mean_velocity": -1.24, "temporal_coherence": 0.833 }, "geometry": { "type": "Point", "coordinates": [ 14.259295, 40.832374 ] } },
{ "type": "Feature", "properties": { "pid": "CFsynt_003676", "mean_velocity": 27.32, "temporal_coherence": 0.703 }, "geometry": { "type": "Point", "coordinates": [ 14.12339, 40.866314 ] } },
{ "type": "Feature", "properties": { "pid": "CFsynt_003677", "mean_velocity": -2.81, "temporal_coherence": 0.76 }, "geometry": { "type": "Point", "coordinates": [ 14.19574, 40.886098 ] } },
{ "type": "Feature", "properties": { "pid": "CFsynt_003678", "mean_velocity": 63.82, "temporal_coherence": 0.843 }, "geometry": { "type": "Point", "coordinates": [ 14.110667, 40.832719 ] } },
{ "type": "Feature", "properties": { "pid": "CFsynt_003680", "mean_velocity": -6.48, "temporal_coherence": 0.841 }, "geometry": { "type": "Point", "coordinates": [ 14.243979, 40.863196 ] } },
{ "type": "Feature", "properties": { "pid": "CFsynt_003683", "mean_velocity": 51.87, "temporal_coherence": 0.908 }, "geometry": { "type": "Point", "coordinates": [ 14.171243, 40.812183 ] } },
{ "type": "Feature", "properties": { "pid": "CFsynt_003684", "mean_velocity": 5.37, "temporal_coherence": 0.792 }, "geometry": { "type": "Point", "coordinates": [ 14.083497, 40.78536 ] } },
{ "type": "Feature", "properties": { "pid": "CFsynt_003686", "mean_velocity": -4.07, "temporal_coherence": 0.908 }, "geometry": { "type": "Point", "coordinates": [ 14.130924, 40.91424 ] } },
{ "type": "Feature", "properties": { "pid": "CFsynt_003689", "mean_velocity": 29.34, "temporal_coherence": 0.749 }, "geometry": { "type": "Point", "coordinates": [ 14.140609, 40.787403 ] } },
{ "type": "Feature", "properties": { "pid": "CFsynt_003691", "mean_velocity": 8.26, "temporal_coherence": 0.767 }, "geometry": { "type": "Point", "coordinates": [ 14.204079, 40.793427 ] } },
{ "type": "Feature", "properties": { "pid": "CFsynt_003692", "mean_velocity": -0.9, "temporal_coherence": 0.785 }, "geometry": { "type": "Point", "coordinates": [ 14.056755, 40.892448 ] } },
{ "type": "Feature", "properties": { "pid": "CFsynt_003694", "mean_velocity": -4.48, "temporal_coherence": 0.763 }, "geometry": { "type": "Point", "coordinates": [ 14.248066, 40.858948 ] } },
{ "type": "Feature", "properties": { "pid": "CFsynt_003695", "mean_velocity": 83.33, "temporal_coherence": 0.855 }, "geometry": { "type": "Point", "coordinates": [ 14.15284, 40.828902 ] } },
{ "type": "Feature", "properties": { "pid": "CFsynt_003699", "mean_velocity": 48.33, "temporal_coherence": 0.873 }, "geometry": { "type": "Point", "coordinates": [ 14.154708, 40.799651 ] } },
{ "type": "Feature", "properties": { "pid": "CFsynt_003701", "mean_velocity": 15.69, "temporal_coherence": 0.762 }, "geometry": { "type": "Point", "coordinates": [ 14.100778, 40.780751 ] } },
{ "type": "Feature", "properties": { "pid": "CFsynt_003703", "mean_velocity": -3.98, "temporal_coherence": 0.904 }, "geometry": { "type": "Point", "coordinates": [ 14.228449, 40.810362 ] } },
{ "type": "Feature", "properties": { "pid": "CFsynt_003708", "mean_velocity": 0.6, "temporal_coherence": 0.733 }, "geometry": { "type": "Point", "coordinates": [ 14.15732, 40.902155 ] } },
{ "type": "Feature", "properties": { "pid": "CFsynt_003709", "mean_velocity": -5.12, "temporal_coherence": 0.761 }, "geometry": { "type": "Point", "coordinates": [ 14.242917, 40.870271 ] } },
{ "type": "Feature", "properties": { "pid": "CFsynt_003710", "mean_velocity": 0.5, "temporal_coherence": 0.881 }, "geometry": { "type": "Point", "coordinates": [ 14.281603, 40.906382 ] } },
{ "type": "Feature", "properties": { "pid": "CFsynt_003711", "mean_velocity": -3.65, "temporal_coherence": 0.755 }, "geometry": { "type": "Point", "coordinates": [ 14.249928, 40.832761 ] } },
{ "type": "Feature", "properties": { "pid": "CFsynt_003713", "mean_velocity": 0.68, "temporal_coherence": 0.819 }, "geometry": { "type": "Point", "coordinates": [ 14.248765, 40.903733 ] } },
{ "type": "Feature", "properties": { "pid": "CFsynt_003715", "mean_velocity": -3.09, "temporal_coherence": 0.703 }, "geometry": { "type": "Point", "coordinates": [ 14.271386, 40.847803 ] } },
{ "type": "Feature", "properties": { "pid": "CFsynt_003716", "mean_velocity": -1.06, "temporal_coherence": 0.813 }, "geometry": { "type": "Point", "coordinates": [ 14.241777, 40.807631 ] } },
{ "type": "Feature", "properties": { "pid": "CFsynt_003720", "mean_velocity": -0.78, "temporal_coherence": 0.8 }, "geometry": { "type": "Point", "coordinates": [ 14.215103, 40.891429 ] } },
{ "type": "Feature", "properties": { "pid": "CFsynt_003722", "mean_velocity": -4.53, "temporal_coherence": 0.726 }, "geometry": { "type": "Point", "coordinates": [ 14.276801, 40.846764 ] } },
{ "type": "Feature", "properties": { "pid": "CFsynt_003723", "mean_velocity": 78.49, "temporal_coherence": 0.842 }, "geometry": { "type": "Point", "coordinates": [ 14.155094, 40.826823 ] } },
{ "type": "Feature", "properties": { "pid": "CFsynt_003724", "mean_velocity": -2.61, "temporal_coherence": 0.93 }, "geometry": { "type": "Point", "coordinates": [ 14.267721, 40.86905 ] } },
{ "type": "Feature", "properties": { "pid": "CFsynt_003725", "mean_velocity": -5.56, "temporal_coherence": 0.968 }, "geometry": { "type": "Point", "coordinates": [ 14.261813, 40.904846 ] } },
{ "type": "Feature", "properties": { "pid": "CFsynt_003727", "mean_velocity": 35.92, "temporal_coherence": 0.785 }, "geometry": { "type": "Point", "coordinates": [ 14.102187, 40.805126 ] } },
{ "type": "Feature", "properties": { "pid": "CFsynt_003728", "mean_velocity": 0.46, "temporal_coherence": 0.705 }, "geometry": { "type": "Point", "coordinates": [ 14.23579, 40.869292 ] } },
{ "type": "Feature", "properties": { "pid": "CFsynt_003731", "mean_velocity": -2.0, "temporal_coherence": 0.877 }, "geometry": { "type": "Point", "coordinates": [ 14.293002, 40.827816 ] } },
{ "type": "Feature", "properties": { "pid": "CFsynt_003733", "mean_velocity": 9.6, "temporal_coherence": 0.77 }, "geometry": { "type": "Point", "coordinates": [ 14.197954, 40.79172 ] } },
{ "type": "Feature", "properties": { "pid": "CFsynt_003737", "mean_velocity": -1.65, "temporal_coherence": 0.737 }, "geometry": { "type": "Point", "coordinates": [ 14.240174, 40.792478 ] } },
{ "type": "Feature", "properties": { "pid": "CFsynt_003738", "mean_velocity": -3.66, "temporal_coherence": 0.875 }, "geometry": { "type": "Point", "coordinates": [ 14.260781, 40.871998 ] } },
{ "type": "Feature", "properties": { "pid": "CFsynt_003739", "mean_velocity": 13.45, "temporal_coherence": 0.794 }, "geometry": { "type": "Point", "coordinates": [ 14.157952, 40.878712 ] } },
{ "type": "Feature", "properties": { "pid": "CFsynt_003740", "mean_velocity": 21.38, "temporal_coherence": 0.755 }, "geometry": { "type": "Point", "coordinates": [ 14.091246, 40.851877 ] } },
{ "type": "Feature", "properties": { "pid": "CFsynt_003741", "mean_velocity": 27.13, "temporal_coherence": 0.858 }, "geometry": { "type": "Point", "coordinates": [ 14.084799, 40.829075 ] } },
{ "type": "Feature", "properties": { "pid": "CFsynt_003742", "mean_velocity": 0.36, "temporal_coherence": 0.948 }, "geometry": { "type": "Point", "coordinates": [ 14.278384, 40.863716 ] } },
{ "type": "Feature", "properties": { "pid": "CFsynt_003743", "mean_velocity": 12.28, "temporal_coherence": 0.893 }, "geometry": { "type": "Point", "coordinates": [ 14.178119, 40.875809 ] } },
{ "type": "Feature", "properties": { "pid": "CFsynt_003744", "mean_velocity": -1.63, "temporal_coherence": 0.771 }, "geometry": { "type": "Point", "coordinates": [ 14.05614, 40.904627 ] } },
{ "type": "Feature", "properties": { "pid": "CFsynt_003745", "mean_velocity": -6.36, "temporal_coherence": 0.972 }, "geometry": { "type": "Point", "coordinates": [ 14.237936, 40.902695 ] } },
{ "type": "Feature", "properties": { "pid": "CFsynt_003746", "mean_velocity": 5.59, "temporal_coherence": 0.769 }, "geometry": { "type": "Point", "coordinates": [ 14.10255, 40.879664 ] } },
{ "type": "Feature", "properties": { "pid": "CFsynt_003748", "mean_velocity": -2.84, "temporal_coherence": 0.82 }, "geometry": { "type": "Point", "coordinates": [ 14.119776, 40.910845 ] } },
{ "type": "Feature", "properties": { "pid": "CFsynt_003749", "mean_velocity": 6.68, "temporal_coherence": 0.903 }, "geometry": { "type": "Point", "coordinates": [ 14.088079, 40.783984 ] } },
{ "type": "Feature", "properties": { "pid": "CFsynt_003752", "mean_velocity": 71.38, "temporal_coherence": 0.743 }, "geometry": { "type": "Point", "coordinates": [ 14.160714, 40.817767 ] } },
{ "type": "Feature", "properties": { "pid": "CFsynt_003754", "mean_velocity": 19.06, "temporal_coherence": 0.837 }, "geometry": { "type": "Point", "coordinates": [ 14.164735, 40.868716 ] } },
{ "type": "Feature", "properties": { "pid": "CFsynt_003755", "mean_velocity": 75.67, "temporal_coherence": 0.779 }, "geometry": { "type": "Point", "coordinates": [ 14.129707, 40.838915 ] } },
{ "type": "Feature", "properties": { "pid": "CFsynt_003757", "mean_velocity": 35.9, "temporal_coherence": 0.906 }, "geometry": { "type": "Point", "coordinates": [ 14.110663, 40.854428 ] } },
{ "type": "Feature", "properties": { "pid": "CFsynt_003759", "mean_velocity": 15.27, "temporal_coherence": 0.904 }, "geometry": { "type": "Point", "coordinates": [ 14.077873, 40.804044 ] } },
{ "type": "Feature", "properties": { "pid": "CFsynt_003762", "mean_velocity": 0.44, "temporal_coherence": 0.978 }, "geometry": { "type": "Point", "coordinates": [ 14.055633, 40.892601 ] } },
{ "type": "Feature", "properties": { "pid": "CFsynt_003763", "mean_velocity": 49.69, "temporal_coherence": 0.923 }, "geometry": { "type": "Point", "coordinates": [ 14.10212, 40.81255 ] } },
{ "type": "Feature", "properties": { "pid": "CFsynt_003765", "mean_velocity": -2.85, "temporal_coherence": 0.931 }, "geometry": { "type": "Point", "coordinates": [ 14.259109, 40.855581 ] } },
{ "type": "Feature", "properties": { "pid": "CFsynt_003766", "mean_velocity": 36.4, "temporal_coherence": 0.937 }, "geometry": { "type": "Point", "coordinates": [ 14.17864, 40.805015 ] } },
{ "type": "Feature", "properties": { "pid": "CFsynt_003767", "mean_velocity": 17.8, "temporal_coherence": 0.771 }, "geometry": { "type": "Point", "coordinates": [ 14.127726, 40.877353 ] } },
{ "type": "Feature", "properties": { "pid": "CFsynt_003768", "mean_velocity": -6.51, "temporal_coherence": 0.946 }, "geometry": { "type": "Point", "coordinates": [ 14.221994, 40.88482 ] } },
{ "type": "Feature", "properties": { "pid": "CFsynt_003772", "mean_velocity": -3.21, "temporal_coherence": 0.977 }, "geometry": { "type": "Point", "coordinates": [ 14.227398, 40.889895 ] } },
{ "type": "Feature", "properties": { "pid": "CFsynt_003773", "mean_velocity": -1.86, "temporal_coherence": 0.95 }, "geometry": { "type": "Point", "coordinates": [ 14.267167, 40.858029 ] } },
{ "type": "Feature", "properties": { "pid": "CFsynt_003774", "mean_velocity": -4.72, "temporal_coherence": 0.743 }, "geometry": { "type": "Point", "coordinates": [ 14.259803, 40.899981 ] } },
{ "type": "Feature", "properties": { "pid": "CFsynt_003776", "mean_velocity": -1.45, "temporal_coherence": 0.74 }, "geometry": { "type": "Point", "coordinates": [ 14.234293, 40.781278 ] } },
{ "type": "Feature", "properties": { "pid": "CFsynt_003777", "mean_velocity": -2.06, "temporal_coherence": 0.791 }, "geometry": { "type": "Point", "coordinates": [ 14.052695, 40.878348 ] } },
{ "type": "Feature", "properties": { "pid": "CFsynt_003778", "mean_velocity": -1.74, "temporal_coherence": 0.704 }, "geometry": { "type": "Point", "coordinates": [ 14.249826, 40.8848 ] } },
{ "type": "Feature", "properties": { "pid": "CFsynt_003780", "mean_velocity": -1.11, "temporal_coherence": 0.916 }, "geometry": { "type": "Point", "coordinates": [ 14.054643, 40.792587 ] } },
{ "type": "Feature", "properties": { "pid": "CFsynt_003781", "mean_velocity": -0.39, "temporal_coherence": 0.829 }, "geometry": { "type": "Point", "coordinates": [ 14.272474, 40.853019 ] } },
{ "type": "Feature", "properties": { "pid": "CFsynt_003783", "mean_velocity": 27.22, "temporal_coherence": 0.707 }, "geometry": { "type": "Point", "coordinates": [ 14.095595, 40.800266 ] } },
{ "type": "Feature", "properties": { "pid": "CFsynt_003784", "mean_velocity": 29.1, "temporal_coherence": 0.767 }, "geometry": { "type": "Point", "coordinates": [ 14.182195, 40.853047 ] } },
{ "type": "Feature", "properties": { "pid": "CFsynt_003785", "mean_velocity": -0.76, "temporal_coherence": 0.814 }, "geometry": { "type": "Point", "coordinates": [ 14.299079, 40.87492 ] } },
{ "type": "Feature", "properties": { "pid": "CFsynt_003787", "mean_velocity": 14.29, "temporal_coherence": 0.834 }, "geometry": { "type": "Point", "coordinates": [ 14.067086, 40.827601 ] } },
{ "type": "Feature", "properties": { "pid": "CFsynt_003788", "mean_velocity": 51.09, "temporal_coherence": 0.839 }, "geometry": { "type": "Point", "coordinates": [ 14.131211, 40.798941 ] } },
{ "type": "Feature", "properties": { "pid": "CFsynt_003790", "mean_velocity": 26.82, "temporal_coherence": 0.885 }, "geometry": { "type": "Point", "coordinates": [ 14.094252, 40.802624 ] } },
{ "type": "Feature", "properties": { "pid": "CFsynt_003791", "mean_velocity": 19.67, "temporal_coherence": 0.795 }, "geometry": { "type": "Point", "coordinates": [ 14.124183, 40.78175 ] } },
{ "type": "Feature", "properties": { "pid": "CFsynt_003794", "mean_velocity": 16.26, "temporal_coherence": 0.913 }, "geometry": { "type": "Point", "coordinates": [ 14.193076, 40.794486 ] } },
{ "type": "Feature", "properties": { "pid": "CFsynt_003797", "mean_velocity": -2.77, "temporal_coherence": 0.721 }, "geometry": { "type": "Point", "coordinates": [ 14.255725, 40.811614 ] } },
{ "type": "Feature", "properties": { "pid": "CFsynt_003799", "mean_velocity": 59.81, "temporal_coherence": 0.775 }, "geometry": { "type": "Point", "coordinates": [ 14.109312, 40.832659 ] } },
{ "type": "Feature", "properties": { "pid": "CFsynt_003801", "mean_velocity": 8.73, "temporal_coherence": 0.901 }, "geometry": { "type": "Point", "coordinates": [ 14.089923, 40.869358 ] } },
{ "type": "Feature", "properties": { "pid": "CFsynt_003802", "mean_velocity": 8.6, "temporal_coherence": 0.962 }, "geometry": { "type": "Point", "coordinates": [ 14.120592, 40.883916 ] } },
{ "type": "Feature", "properties": { "pid": "CFsynt_003803", "mean_velocity": -3.74, "temporal_coherence": 0.97 }, "geometry": { "type": "Point", "coordinates": [ 14.08168, 40.891641 ] } },
{ "type": "Feature", "properties": { "pid": "CFsynt_003805", "mean_velocity": -2.51, "temporal_coherence": 0.736 }, "geometry": { "type": "Point", "coordinates": [ 14.07566, 40.91633 ] } },
{ "type": "Feature", "properties": { "pid": "CFsynt_003806", "mean_velocity": -0.47, "temporal_coherence": 0.708 }, "geometry": { "type": "Point", "coordinates": [ 14.223169, 40.884252 ] } },
{ "type": "Feature", "properties": { "pid": "CFsynt_003809", "mean_velocity": -2.05, "temporal_coherence": 0.984 }, "geometry": { "type": "Point", "coordinates": [ 14.261469, 40.898196 ] } },
{ "type": "Feature", "properties": { "pid": "CFsynt_003810", "mean_velocity": 24.23, "temporal_coherence": 0.953 }, "geometry": { "type": "Point", "coordinates": [ 14.194649, 40.815961 ] } },
{ "type": "Feature", "properties": { "pid": "CFsynt_003811", "mean_velocity": 14.78, "temporal_coherence": 0.961 }, "geometry": { "type": "Point", "coordinates": [ 14.069891, 40.828681 ] } },
{ "type": "Feature", "properties": { "pid": "CFsynt_003812", "mean_velocity": 7.22, "temporal_coherence": 0.737 }, "geometry": { "type": "Point", "coordinates": [ 14.193581, 40.873329 ] } },
{ "type": "Feature", "properties": { "pid": "CFsynt_003815", "mean_velocity": 37.09, "temporal_coherence": 0.787 }, "geometry": { "type": "Point", "coordinates": [ 14.143175, 40.791407 ] } },
{ "type": "Feature", "properties": { "pid": "CFsynt_003818", "mean_velocity": -4.38, "temporal_coherence": 0.967 }, "geometry": { "type": "Point", "coordinates": [ 14.228891, 40.83192 ] } },
{ "type": "Feature", "properties": { "pid": "CFsynt_003819", "mean_velocity": -5.1, "temporal_coherence": 0.963 }, "geometry": { "type": "Point", "coordinates": [ 14.273874, 40.919166 ] } },
{ "type": "Feature", "properties": { "pid": "CFsynt_003820", "mean_velocity": -0.89, "temporal_coherence": 0.949 }, "geometry": { "type": "Point", "coordinates": [ 14.25287, 40.907557 ] } },
{ "type": "Feature", "properties": { "pid": "CFsynt_003822", "mean_velocity": 17.62, "temporal_coherence": 0.809 }, "geometry": { "type": "Point", "coordinates": [ 14.18612, 40.856081 ] } },
{ "type": "Feature", "properties": { "pid": "CFsynt_003824", "mean_velocity": -1.58, "temporal_coherence": 0.922 }, "geometry": { "type": "Point", "coordinates": [ 14.239651, 40.829455 ] } },
{ "type": "Feature", "properties": { "pid": "CFsynt_003827", "mean_velocity": 59.1, "temporal_coherence": 0.933 }, "geometry": { "type": "Point", "coordinates": [ 14.125074, 40.849312 ] } },
{ "type": "Feature", "properties": { "pid": "CFsynt_003830", "mean_velocity": -5.63, "temporal_coherence": 0.975 }, "geometry": { "type": "Point", "coordinates": [ 14.168015, 40.902948 ] } },
{ "type": "Feature", "properties": { "pid": "CFsynt_003831", "mean_velocity": 6.41, "temporal_coherence": 0.839 }, "geometry": { "type": "Point", "coordinates": [ 14.210067, 40.800405 ] } },
{ "type": "Feature", "properties": { "pid": "CFsynt_003832", "mean_velocity": 6.79, "temporal_coherence": 0.979 }, "geometry": { "type": "Point", "coordinates": [ 14.149985, 40.887782 ] } },
{ "type": "Feature", "properties": { "pid": "CFsynt_003833", "mean_velocity": -3.49, "temporal_coherence": 0.934 }, "geometry": { "type": "Point", "coordinates": [ 14.166353, 40.887939 ] } },
{ "type": "Feature", "properties": { "pid": "CFsynt_003834", "mean_velocity": -1.21, "temporal_coherence": 0.778 }, "geometry": { "type": "Point", "coordinates": [ 14.11419, 40.91292 ] } },
{ "type": "Feature", "properties": { "pid": "CFsynt_003840", "mean_velocity": -5.09, "temporal_coherence": 0.957 }, "geometry": { "type": "Point", "coordinates": [ 14.227942, 40.867076 ] } },
{ "type": "Feature", "properties": { "pid": "CFsynt_003841", "mean_velocity": -4.56, "temporal_coherence": 0.97 }, "geometry": { "type": "Point", "coordinates": [ 14.21639, 40.798184 ] } },
{ "type": "Feature", "properties": { "pid": "CFsynt_003842", "mean_velocity": -5.2, "temporal_coherence": 0.948 }, "geometry": { "type": "Point", "coordinates": [ 14.219262, 40.793225 ] } },
{ "type": "Feature", "properties": { "pid": "CFsynt_003843", "mean_velocity": -2.8, "temporal_coherence": 0.971 }, "geometry": { "type": "Point", "coordinates": [ 14.206357, 40.8751 ] } },
{ "type": "Feature", "properties": { "pid": "CFsynt_003845", "mean_velocity": 21.53, "temporal_coherence": 0.825 }, "geometry": { "type": "Point", "coordinates": [ 14.17742, 40.859556 ] } },
{ "type": "Feature", "properties": { "pid": "CFsynt_003846", "mean_velocity": -2.35, "temporal_coherence": 0.887 }, "geometry": { "type": "Point", "coordinates": [ 14.242373, 40.910266 ] } },
{ "type": "Feature", "properties": { "pid": "CFsynt_003847", "mean_velocity": -4.25, "temporal_coherence": 0.818 }, "geometry": { "type": "Point", "coordinates": [ 14.23458, 40.830168 ] } },
{ "type": "Feature", "properties": { "pid": "CFsynt_003850", "mean_velocity": 58.94, "temporal_coherence": 0.941 }, "geometry": { "type": "Point", "coordinates": [ 14.152965, 40.805735 ] } },
{ "type": "Feature", "properties": { "pid": "CFsynt_003851", "mean_velocity": 7.42, "temporal_coherence": 0.904 }, "geometry": { "type": "Point", "coordinates": [ 14.110532, 40.885674 ] } },
{ "type": "Feature", "properties": { "pid": "CFsynt_003852", "mean_velocity": 89.14, "temporal_coherence": 0.752 }, "geometry": { "type": "Point", "coordinates": [ 14.136355, 40.82487 ] } },
{ "type": "Feature", "properties": { "pid": "CFsynt_003856", "mean_velocity": 1.25, "temporal_coherence": 0.834 }, "geometry": { "type": "Point", "coordinates": [ 14.263245, 40.878644 ] } },
{ "type": "Feature", "properties": { "pid": "CFsynt_003857", "mean_velocity": 18.79, "temporal_coherence": 0.807 }, "geometry": { "type": "Point", "coordinates": [ 14.156886, 40.870272 ] } },
{ "type": "Feature", "properties": { "pid": "CFsynt_003858", "mean_velocity": 0.07, "temporal_coherence": 0.929 }, "geometry": { "type": "Point", "coordinates": [ 14.234811, 40.853334 ] } },
{ "type": "Feature", "properties": { "pid": "CFsynt_003859", "mean_velocity": 0.81, "temporal_coherence": 0.861 }, "geometry": { "type": "Point", "coordinates": [ 14.053618, 40.850059 ] } },
{ "type": "Feature", "properties": { "pid": "CFsynt_003860", "mean_velocity": 24.71, "temporal_coherence": 0.932 }, "geometry": { "type": "Point", "coordinates": [ 14.16629, 40.787565 ] } },
{ "type": "Feature", "properties": { "pid": "CFsynt_003867", "mean_velocity": -4.39, "temporal_coherence": 0.861 }, "geometry": { "type": "Point", "coordinates": [ 14.104642, 40.901507 ] } },
{ "type": "Feature", "properties": { "pid": "CFsynt_003868", "mean_velocity": -0.28, "temporal_coherence": 0.842 }, "geometry": { "type": "Point", "coordinates": [ 14.209833, 40.789911 ] } },
{ "type": "Feature", "properties": { "pid": "CFsynt_003871", "mean_velocity": -5.39, "temporal_coherence": 0.915 }, "geometry": { "type": "Point", "coordinates": [ 14.08907, 40.907742 ] } },
{ "type": "Feature", "properties": { "pid": "CFsynt_003872", "mean_velocity": -2.44, "temporal_coherence": 0.842 }, "geometry": { "type": "Point", "coordinates": [ 14.062341, 40.878195 ] } },
{ "type": "Feature", "properties": { "pid": "CFsynt_003873", "mean_velocity": 5.13, "temporal_coherence": 0.956 }, "geometry": { "type": "Point", "coordinates": [ 14.064765, 40.804952 ] } },
{ "type": "Feature", "properties": { "pid": "CFsynt_003875", "mean_velocity": 85.52, "temporal_coherence": 0.914 }, "geometry": { "type": "Point", "coordinates": [ 14.14957, 40.824382 ] } },
{ "type": "Feature", "properties": { "pid": "CFsynt_003881", "mean_velocity": -0.92, "temporal_coherence": 0.798 }, "geometry": { "type": "Point", "coordinates": [ 14.295234, 40.782076 ] } },
{ "type": "Feature", "properties": { "pid": "CFsynt_003882", "mean_velocity": -3.63, "temporal_coherence": 0.824 }, "geometry": { "type": "Point", "coordinates": [ 14.236737, 40.876361 ] } },
{ "type": "Feature", "properties": { "pid": "CFsynt_003883", "mean_velocity": 70.42, "temporal_coherence": 0.842 }, "geometry": { "type": "Point", "coordinates": [ 14.164451, 40.822257 ] } },
{ "type": "Feature", "properties": { "pid": "CFsynt_003887", "mean_velocity": -3.59, "temporal_coherence": 0.901 }, "geometry": { "type": "Point", "coordinates": [ 14.276324, 40.899277 ] } },
{ "type": "Feature", "properties": { "pid": "CFsynt_003890", "mean_velocity": 8.62, "temporal_coherence": 0.873 }, "geometry": { "type": "Point", "coordinates": [ 14.071313, 40.863453 ] } },
{ "type": "Feature", "properties": { "pid": "CFsynt_003891", "mean_velocity": -4.59, "temporal_coherence": 0.704 }, "geometry": { "type": "Point", "coordinates": [ 14.222361, 40.850685 ] } },
{ "type": "Feature", "properties": { "pid": "CFsynt_003895", "mean_velocity": -3.86, "temporal_coherence": 0.745 }, "geometry": { "type": "Point", "coordinates": [ 14.209823, 40.908528 ] } },
{ "type": "Feature", "properties": { "pid": "CFsynt_003896", "mean_velocity": 12.93, "temporal_coherence": 0.855 }, "geometry": { "type": "Point", "coordinates": [ 14.120209, 40.877992 ] } },
{ "type": "Feature", "properties": { "pid": "CFsynt_003897", "mean_velocity": -4.32, "temporal_coherence": 0.705 }, "geometry": { "type": "Point", "coordinates": [ 14.146019, 40.903405 ] } },
{ "type": "Feature", "properties": { "pid": "CFsynt_003898", "mean_velocity": -3.88, "temporal_coherence": 0.922 }, "geometry": { "type": "Point", "coordinates": [ 14.068714, 40.884728 ] } },
{ "type": "Feature", "properties": { "pid": "CFsynt_003900", "mean_velocity": 10.35, "temporal_coherence": 0.822 }, "geometry": { "type": "Point", "coordinates": [ 14.071572, 40.800587 ] } },
{ "type": "Feature", "properties": { "pid": "CFsynt_003901", "mean_velocity": -0.44, "temporal_coherence": 0.944 }, "geometry": { "type": "Point", "coordinates": [ 14.264984, 40.796378 ] } },
{ "type": "Feature", "properties": { "pid": "CFsynt_003902", "mean_velocity": -5.13, "temporal_coherence": 0.727 }, "geometry": { "type": "Point", "coordinates": [ 14.234413, 40.888257 ] } },
{ "type": "Feature", "properties": { "pid": "CFsynt_003903", "mean_velocity": 29.62, "temporal_coherence": 0.979 }, "geometry": { "type": "Point", "coordinates": [ 14.1838, 40.850251 ] } },
{ "type": "Feature", "properties": { "pid": "CFsynt_003904", "mean_velocity": 26.78, "temporal_coherence": 0.936 }, "geometry": { "type": "Point", "coordinates": [ 14.138567, 40.867849 ] } },
{ "type": "Feature", "properties": { "pid": "CFsynt_003905", "mean_velocity": -5.17, "temporal_coherence": 0.751 }, "geometry": { "type": "Point", "coordinates": [ 14.223863, 40.887538 ] } },
{ "type": "Feature", "properties": { "pid": "CFsynt_003907", "mean_velocity": -2.04, "temporal_coherence": 0.84 }, "geometry": { "type": "Point", "coordinates": [ 14.285558, 40.901785 ] } },
{ "type": "Feature", "properties": { "pid": "CFsynt_003908", "mean_velocity": 32.28, "temporal_coherence": 0.7 }, "geometry": { "type": "Point", "coordinates": [ 14.188635, 40.817396 ] } },
{ "type": "Feature", "properties": { "pid": "CFsynt_003909", "mean_velocity": -1.06, "temporal_coherence": 0.701 }, "geometry": { "type": "Point", "coordinates": [ 14.267767, 40.914618 ] } },
{ "type": "Feature", "properties": { "pid": "CFsynt_003911", "mean_velocity": 17.22, "temporal_coherence": 0.786 }, "geometry": { "type": "Point", "coordinates": [ 14.167614, 40.874121 ] } },
{ "type": "Feature", "properties": { "pid": "CFsynt_003913", "mean_velocity": 68.33, "temporal_coherence": 0.753 }, "geometry": { "type": "Point", "coordinates": [ 14.142048, 40.805485 ] } },
{ "type": "Feature", "properties": { "pid": "CFsynt_003915", "mean_velocity": 68.33, "temporal_coherence": 0.867 }, "geometry": { "type": "Point", "coordinates": [ 14.118424, 40.81498 ] } },
{ "type": "Feature", "properties": { "pid": "CFsynt_003916", "mean_velocity": 16.94, "temporal_coherence": 0.86 }, "geometry": { "type": "Point", "coordinates": [ 14.180424, 40.861567 ] } },
{ "type": "Feature", "properties": { "pid": "CFsynt_003920", "mean_velocity": 21.24, "temporal_coherence": 0.819 }, "geometry": { "type": "Point", "coordinates": [ 14.093173, 40.796842 ] } },
{ "type": "Feature", "properties": { "pid": "CFsynt_003921", "mean_velocity": -3.73, "temporal_coherence": 0.904 }, "geometry": { "type": "Point", "coordinates": [ 14.281384, 40.856134 ] } },
{ "type": "Feature", "properties": { "pid": "CFsynt_003922", "mean_velocity": 27.76, "temporal_coherence": 0.757 }, "geometry": { "type": "Point", "coordinates": [ 14.13034, 40.867065 ] } },
{ "type": "Feature", "properties": { "pid": "CFsynt_003928", "mean_velocity": -0.84, "temporal_coherence": 0.837 }, "geometry": { "type": "Point", "coordinates": [ 14.070267, 40.902956 ] } },
{ "type": "Feature", "properties": { "pid": "CFsynt_003929", "mean_velocity": -2.98, "temporal_coherence": 0.892 }, "geometry": { "type": "Point", "coordinates": [ 14.293882, 40.851538 ] } },
{ "type": "Feature", "properties": { "pid": "CFsynt_003934", "mean_velocity": -3.27, "temporal_coherence": 0.749 }, "geometry": { "type": "Point", "coordinates": [ 14.174156, 40.917986 ] } },
{ "type": "Feature", "properties": { "pid": "CFsynt_003935", "mean_velocity": 53.28, "temporal_coherence": 0.919 }, "geometry": { "type": "Point", "coordinates": [ 14.106429, 40.812448 ] } },
{ "type": "Feature", "properties": { "pid": "CFsynt_003936", "mean_velocity": 73.46, "temporal_coherence": 0.877 }, "geometry": { "type": "Point", "coordinates": [ 14.12938, 40.81122 ] } },
{ "type": "Feature", "properties": { "pid": "CFsynt_003937", "mean_velocity": 5.58, "temporal_coherence": 0.701 }, "geometry": { "type": "Point", "coordinates": [ 14.218239, 40.809099 ] } },
{ "type": "Feature", "properties": { "pid": "CFsynt_003938", "mean_velocity": -4.84, "temporal_coherence": 0.977 }, "geometry": { "type": "Point", "coordinates": [ 14.174332, 40.898142 ] } },
{ "type": "Feature", "properties": { "pid": "CFsynt_003939", "mean_velocity": -1.9, "temporal_coherence": 0.867 }, "geometry": { "type": "Point", "coordinates": [ 14.057033, 40.887101 ] } },
{ "type": "Feature", "properties": { "pid": "CFsynt_003942", "mean_velocity": -3.93, "temporal_coherence": 0.976 }, "geometry": { "type": "Point", "coordinates": [ 14.085357, 40.901546 ] } },
{ "type": "Feature", "properties": { "pid": "CFsynt_003943", "mean_velocity": 7.43, "temporal_coherence": 0.816 }, "geometry": { "type": "Point", "coordinates": [ 14.206407, 40.863148 ] } },
{ "type": "Feature", "properties": { "pid": "CFsynt_003944", "mean_velocity": 25.87, "temporal_coherence": 0.942 }, "geometry": { "type": "Point", "coordinates": [ 14.081566, 40.815562 ] } },
{ "type": "Feature", "properties": { "pid": "CFsynt_003946", "mean_velocity": -0.93, "temporal_coherence": 0.793 }, "geometry": { "type": "Point", "coordinates": [ 14.090831, 40.907411 ] } },
{ "type": "Feature", "properties": { "pid": "CFsynt_003948", "mean_velocity": 1.3, "temporal_coherence": 0.725 }, "geometry": { "type": "Point", "coordinates": [ 14.283966, 40.873714 ] } },
{ "type": "Feature", "properties": { "pid": "CFsynt_003953", "mean_velocity": -4.92, "temporal_coherence": 0.84 }, "geometry": { "type": "Point", "coordinates": [ 14.237326, 40.847565 ] } },
{ "type": "Feature", "properties": { "pid": "CFsynt_003955", "mean_velocity": 12.85, "temporal_coherence": 0.792 }, "geometry": { "type": "Point", "coordinates": [ 14.202069, 40.845787 ] } },
{ "type": "Feature", "properties": { "pid": "CFsynt_003958", "mean_velocity": 9.06, "temporal_coherence": 0.893 }, "geometry": { "type": "Point", "coordinates": [ 14.060741, 40.840343 ] } },
{ "type": "Feature", "properties": { "pid": "CFsynt_003960", "mean_velocity": 65.8, "temporal_coherence": 0.944 }, "geometry": { "type": "Point", "coordinates": [ 14.121506, 40.842738 ] } },
{ "type": "Feature", "properties": { "pid": "CFsynt_003961", "mean_velocity": 11.42, "temporal_coherence": 0.751 }, "geometry": { "type": "Point", "coordinates": [ 14.067621, 40.841085 ] } },
{ "type": "Feature", "properties": { "pid": "CFsynt_003962", "mean_velocity": -3.08, "temporal_coherence": 0.742 }, "geometry": { "type": "Point", "coordinates": [ 14.231492, 40.785757 ] } },
{ "type": "Feature", "properties": { "pid": "CFsynt_003966", "mean_velocity": 53.07, "temporal_coherence": 0.935 }, "geometry": { "type": "Point", "coordinates": [ 14.174411, 40.827219 ] } },
{ "type": "Feature", "properties": { "pid": "CFsynt_003967", "mean_velocity": -2.98, "temporal_coherence": 0.811 }, "geometry": { "type": "Point", "coordinates": [ 14.075869, 40.871668 ] } },
{ "type": "Feature", "properties": { "pid": "CFsynt_003968", "mean_velocity": 38.14, "temporal_coherence": 0.923 }, "geometry": { "type": "Point", "coordinates": [ 14.155306, 40.792338 ] } },
{ "type": "Feature", "properties": { "pid": "CFsynt_003969", "mean_velocity": 4.19, "temporal_coherence": 0.983 }, "geometry": { "type": "Point", "coordinates": [ 14.071569, 40.855975 ] } },
{ "type": "Feature", "properties": { "pid": "CFsynt_003973", "mean_velocity": 29.13, "temporal_coherence": 0.85 }, "geometry": { "type": "Point", "coordinates": [ 14.087124, 40.820606 ] } },
{ "type": "Feature", "properties": { "pid": "CFsynt_003974", "mean_velocity": 1.48, "temporal_coherence": 0.931 }, "geometry": { "type": "Point", "coordinates": [ 14.052145, 40.875635 ] } },
{ "type": "Feature", "properties": { "pid": "CFsynt_003979", "mean_velocity": -2.14, "temporal_coherence": 0.863 }, "geometry": { "type": "Point", "coordinates": [ 14.219027, 40.782655 ] } },
{ "type": "Feature", "properties": { "pid": "CFsynt_003980", "mean_velocity": -1.62, "temporal_coherence": 0.902 }, "geometry": { "type": "Point", "coordinates": [ 14.055329, 40.810589 ] } },
{ "type": "Feature", "properties": { "pid": "CFsynt_003983", "mean_velocity": 14.26, "temporal_coherence": 0.898 }, "geometry": { "type": "Point", "coordinates": [ 14.097925, 40.867709 ] } },
{ "type": "Feature", "properties": { "pid": "CFsynt_003984", "mean_velocity": 27.54, "temporal_coherence": 0.938 }, "geometry": { "type": "Point", "coordinates": [ 14.137903, 40.869366 ] } },
{ "type": "Feature", "properties": { "pid": "CFsynt_003987", "mean_velocity": -2.44, "temporal_coherence": 0.88 }, "geometry": { "type": "Point", "coordinates": [ 14.165358, 40.906564 ] } },
{ "type": "Feature", "properties": { "pid": "CFsynt_003991", "mean_velocity": 81.07, "temporal_coherence": 0.801 }, "geometry": { "type": "Point", "coordinates": [ 14.152695, 40.822405 ] } },
{ "type": "Feature", "properties": { "pid": "CFsynt_003992", "mean_velocity": -0.04, "temporal_coherence": 0.763 }, "geometry": { "type": "Point", "coordinates": [ 14.053397, 40.826512 ] } },
{ "type": "Feature", "properties": { "pid": "CFsynt_003993", "mean_velocity": 28.53, "temporal_coherence": 0.868 }, "geometry": { "type": "Point", "coordinates": [ 14.123836, 40.785201 ] } },
{ "type": "Feature", "properties": { "pid": "CFsynt_003996", "mean_velocity": 7.07, "temporal_coherence": 0.797 }, "geometry": { "type": "Point", "coordinates": [ 14.057618, 40.815683 ] } },
{ "type": "Feature", "properties": { "pid": "CFsynt_003997", "mean_velocity": 30.24, "temporal_coherence": 0.98 }, "geometry": { "type": "Point", "coordinates": [ 14.161426, 40.789762 ] } },
{ "type": "Feature", "properties": { "pid": "CFsynt_003998", "mean_velocity": 88.74, "temporal_coherence": 0.912 }, "geometry": { "type": "Point", "coordinates": [ 14.128502, 40.827214 ] } },
{ "type": "Feature", "properties": { "pid": "CFsynt_003999", "mean_velocity": 20.27, "temporal_coherence": 0.724 }, "geometry": { "type": "Point", "coordinates": [ 14.082303, 40.846563 ] } },
{ "type": "Feature", "properties": { "pid": "CFsynt_004001", "mean_velocity": 7.87, "temporal_coherence": 0.717 }, "geometry": { "type": "Point", "coordinates": [ 14.133564, 40.888023 ] } },
{ "type": "Feature", "properties": { "pid": "CFsynt_004002", "mean_velocity": -1.46, "temporal_coherence": 0.984 }, "geometry": { "type": "Point", "coordinates": [ 14.277042, 40.796485 ] } },
{ "type": "Feature", "properties": { "pid": "CFsynt_004004", "mean_velocity": 33.3, "temporal_coherence": 0.94 }, "geometry": { "type": "Point", "coordinates": [ 14.186134, 40.814684 ] } },
{ "type": "Feature", "properties": { "pid": "CFsynt_004006", "mean_velocity": 53.17, "temporal_coherence": 0.929 }, "geometry": { "type": "Point", "coordinates": [ 14.173637, 40.831242 ] } },
{ "type": "Feature", "properties": { "pid": "CFsynt_004008", "mean_velocity": 7.96, "temporal_coherence": 0.735 }, "geometry": { "type": "Point", "coordinates": [ 14.076858, 40.792593 ] } },
{ "type": "Feature", "properties": { "pid": "CFsynt_004009", "mean_velocity": 12.87, "temporal_coherence": 0.983 }, "geometry": { "type": "Point", "coordinates": [ 14.207545, 40.817397 ] } },
{ "type": "Feature", "properties": { "pid": "CFsynt_004010", "mean_velocity": -2.29, "temporal_coherence": 0.894 }, "geometry": { "type": "Point", "coordinates": [ 14.106498, 40.890521 ] } },
{ "type": "Feature", "properties": { "pid": "CFsynt_004011", "mean_velocity": 16.27, "temporal_coherence": 0.859 }, "geometry": { "type": "Point", "coordinates": [ 14.079986, 40.851653 ] } },
{ "type": "Feature", "properties": { "pid": "CFsynt_004016", "mean_velocity": 11.39, "temporal_coherence": 0.96 }, "geometry": { "type": "Point", "coordinates": [ 14.102677, 40.874317 ] } },
{ "type": "Feature", "properties": { "pid": "CFsynt_004017", "mean_velocity": -3.37, "temporal_coherence": 0.961 }, "geometry": { "type": "Point", "coordinates": [ 14.161304, 40.902619 ] } },
{ "type": "Feature", "properties": { "pid": "CFsynt_004018", "mean_velocity": -2.87, "temporal_coherence": 0.925 }, "geometry": { "type": "Point", "coordinates": [ 14.055444, 40.807779 ] } },
{ "type": "Feature", "properties": { "pid": "CFsynt_004019", "mean_velocity": -3.97, "temporal_coherence": 0.927 }, "geometry": { "type": "Point", "coordinates": [ 14.239168, 40.890514 ] } },
{ "type": "Feature", "properties": { "pid": "CFsynt_004020", "mean_velocity": 15.52, "temporal_coherence": 0.897 }, "geometry": { "type": "Point", "coordinates": [ 14.094292, 40.790581 ] } },
{ "type": "Feature", "properties": { "pid": "CFsynt_004021", "mean_velocity": 24.22, "temporal_coherence": 0.883 }, "geometry": { "type": "Point", "coordinates": [ 14.086082, 40.811255 ] } },
{ "type": "Feature", "properties": { "pid": "CFsynt_004022", "mean_velocity": 72.85, "temporal_coherence": 0.777 }, "geometry": { "type": "Point", "coordinates": [ 14.121315, 40.816128 ] } },
{ "type": "Feature", "properties": { "pid": "CFsynt_004024", "mean_velocity": -1.69, "temporal_coherence": 0.834 }, "geometry": { "type": "Point", "coordinates": [ 14.260975, 40.798623 ] } },
{ "type": "Feature", "properties": { "pid": "CFsynt_004027", "mean_velocity": 1.41, "temporal_coherence": 0.855 }, "geometry": { "type": "Point", "coordinates": [ 14.222247, 40.789148 ] } },
{ "type": "Feature", "properties": { "pid": "CFsynt_004028", "mean_velocity": -1.38, "temporal_coherence": 0.89 }, "geometry": { "type": "Point", "coordinates": [ 14.169209, 40.91827 ] } },
{ "type": "Feature", "properties": { "pid": "CFsynt_004029", "mean_velocity": -1.41, "temporal_coherence": 0.732 }, "geometry": { "type": "Point", "coordinates": [ 14.292504, 40.877082 ] } },
{ "type": "Feature", "properties": { "pid": "CFsynt_004030", "mean_velocity": 18.52, "temporal_coherence": 0.737 }, "geometry": { "type": "Point", "coordinates": [ 14.178154, 40.863835 ] } },
{ "type": "Feature", "properties": { "pid": "CFsynt_004031", "mean_velocity": -0.85, "temporal_coherence": 0.921 }, "geometry": { "type": "Point", "coordinates": [ 14.132967, 40.895241 ] } },
{ "type": "Feature", "properties": { "pid": "CFsynt_004032", "mean_velocity": -3.81, "temporal_coherence": 0.78 }, "geometry": { "type": "Point", "coordinates": [ 14.215709, 40.89068 ] } },
{ "type": "Feature", "properties": { "pid": "CFsynt_004037", "mean_velocity": -4.26, "temporal_coherence": 0.778 }, "geometry": { "type": "Point", "coordinates": [ 14.275582, 40.872012 ] } },
{ "type": "Feature", "properties": { "pid": "CFsynt_004038", "mean_velocity": 56.67, "temporal_coherence": 0.972 }, "geometry": { "type": "Point", "coordinates": [ 14.139864, 40.854102 ] } },
{ "type": "Feature", "properties": { "pid": "CFsynt_004039", "mean_velocity": 0.03, "temporal_coherence": 0.888 }, "geometry": { "type": "Point", "coordinates": [ 14.268251, 40.85653 ] } },
{ "type": "Feature", "properties": { "pid": "CFsynt_004041", "mean_velocity": -0.01, "temporal_coherence": 0.722 }, "geometry": { "type": "Point", "coordinates": [ 14.248515, 40.849905 ] } },
{ "type": "Feature", "properties": { "pid": "CFsynt_004042", "mean_velocity": -2.49, "temporal_coherence": 0.901 }, "geometry": { "type": "Point", "coordinates": [ 14.069232, 40.872279 ] } },
{ "type": "Feature", "properties": { "pid": "CFsynt_004043", "mean_velocity": 1.97, "temporal_coherence": 0.846 }, "geometry": { "type": "Point", "coordinates": [ 14.298149, 40.878567 ] } },
{ "type": "Feature", "properties": { "pid": "CFsynt_004044", "mean_velocity": 62.01, "temporal_coherence": 0.711 }, "geometry": { "type": "Point", "coordinates": [ 14.169362, 40.819785 ] } },
{ "type": "Feature", "properties": { "pid": "CFsynt_004045", "mean_velocity": 44.64, "temporal_coherence": 0.722 }, "geometry": { "type": "Point", "coordinates": [ 14.105341, 40.844831 ] } },
{ "type": "Feature", "properties": { "pid": "CFsynt_004046", "mean_velocity": 10.71, "temporal_coherence": 0.897 }, "geometry": { "type": "Point", "coordinates": [ 14.100032, 40.874536 ] } },
{ "type": "Feature", "properties": { "pid": "CFsynt_004047", "mean_velocity": 55.7, "temporal_coherence": 0.713 }, "geometry": { "type": "Point", "coordinates": [ 14.106872, 40.837095 ] } },
{ "type": "Feature", "properties": { "pid": "CFsynt_004049", "mean_velocity": -5.81, "temporal_coherence": 0.926 }, "geometry": { "type": "Point", "coordinates": [ 14.238081, 40.88698 ] } },
{ "type": "Feature", "properties": { "pid": "CFsynt_004052", "mean_velocity": -7.55, "temporal_coherence": 0.707 }, "geometry": { "type": "Point", "coordinates": [ 14.188678, 40.884254 ] } },
{ "type": "Feature", "properties": { "pid": "CFsynt_004053", "mean_velocity": 72.22, "temporal_coherence": 0.736 }, "geometry": { "type": "Point", "coordinates": [ 14.160093, 40.834276 ] } },
{ "type": "Feature", "properties": { "pid": "CFsynt_004055", "mean_velocity": -4.22, "temporal_coherence": 0.82 }, "geometry": { "type": "Point", "coordinates": [ 14.276401, 40.791143 ] } },
{ "type": "Feature", "properties": { "pid": "CFsynt_004061", "mean_velocity": 0.29, "temporal_coherence": 0.773 }, "geometry": { "type": "Point", "coordinates": [ 14.234061, 40.847133 ] } },
{ "type": "Feature", "properties": { "pid": "CFsynt_004062", "mean_velocity": -1.47, "temporal_coherence": 0.938 }, "geometry": { "type": "Point", "coordinates": [ 14.07685, 40.906307 ] } },
{ "type": "Feature", "properties": { "pid": "CFsynt_004064", "mean_velocity": -0.28, "temporal_coherence": 0.957 }, "geometry": { "type": "Point", "coordinates": [ 14.064445, 40.863009 ] } },
{ "type": "Feature", "properties": { "pid": "CFsynt_004066", "mean_velocity": 67.05, "temporal_coherence": 0.718 }, "geometry": { "type": "Point", "coordinates": [ 14.111581, 40.831349 ] } },
{ "type": "Feature", "properties": { "pid": "CFsynt_004068", "mean_velocity": -3.37, "temporal_coherence": 0.847 }, "geometry": { "type": "Point", "coordinates": [ 14.293926, 40.799723 ] } },
{ "type": "Feature", "properties": { "pid": "CFsynt_004070", "mean_velocity": 54.27, "temporal_coherence": 0.75 }, "geometry": { "type": "Point", "coordinates": [ 14.143929, 40.854457 ] } },
{ "type": "Feature", "properties": { "pid": "CFsynt_004073", "mean_velocity": -3.83, "temporal_coherence": 0.713 }, "geometry": { "type": "Point", "coordinates": [ 14.080697, 40.904029 ] } },
{ "type": "Feature", "properties": { "pid": "CFsynt_004075", "mean_velocity": -2.06, "temporal_coherence": 0.737 }, "geometry": { "type": "Point", "coordinates": [ 14.147913, 40.894203 ] } },
{ "type": "Feature", "properties": { "pid": "CFsynt_004076", "mean_velocity": -0.44, "temporal_coherence": 0.774 }, "geometry": { "type": "Point", "coordinates": [ 14.218271, 40.860265 ] } },
{ "type": "Feature", "properties": { "pid": "CFsynt_004077", "mean_velocity": 8.57, "temporal_coherence": 0.904 }, "geometry": { "type": "Point", "coordinates": [ 14.196455, 40.791503 ] } },
{ "type": "Feature", "properties": { "pid": "CFsynt_004078", "mean_velocity": -4.45, "temporal_coherence": 0.95 }, "geometry": { "type": "Point", "coordinates": [ 14.07531, 40.889256 ] } },
{ "type": "Feature", "properties": { "pid": "CFsynt_004079", "mean_velocity": -1.45, "temporal_coherence": 0.86 }, "geometry": { "type": "Point", "coordinates": [ 14.160701, 40.888476 ] } },
{ "type": "Feature", "properties": { "pid": "CFsynt_004080", "mean_velocity": 55.43, "temporal_coherence": 0.902 }, "geometry": { "type": "Point", "coordinates": [ 14.137147, 40.852778 ] } },
{ "type": "Feature", "properties": { "pid": "CFsynt_004081", "mean_velocity": 38.5, "temporal_coherence": 0.721 }, "geometry": { "type": "Point", "coordinates": [ 14.109519, 40.800584 ] } },
{ "type": "Feature", "properties": { "pid": "CFsynt_004082", "mean_velocity": -6.21, "temporal_coherence": 0.962 }, "geometry": { "type": "Point", "coordinates": [ 14.241489, 40.783813 ] } },
{ "type": "Feature", "properties": { "pid": "CFsynt_004085", "mean_velocity": -4.56, "temporal_coherence": 0.96 }, "geometry": { "type": "Point", "coordinates": [ 14.297735, 40.905663 ] } },
{ "type": "Feature", "properties": { "pid": "CFsynt_004086", "mean_velocity": -0.46, "temporal_coherence": 0.78 }, "geometry": { "type": "Point", "coordinates": [ 14.18639, 40.885455 ] } },
{ "type": "Feature", "properties": { "pid": "CFsynt_004088", "mean_velocity": -6.03, "temporal_coherence": 0.833 }, "geometry": { "type": "Point", "coordinates": [ 14.051241, 40.789248 ] } },
{ "type": "Feature", "properties": { "pid": "CFsynt_004089", "mean_velocity": 15.78, "temporal_coherence": 0.886 }, "geometry": { "type": "Point", "coordinates": [ 14.081659, 40.849451 ] } },
{ "type": "Feature", "properties": { "pid": "CFsynt_004090", "mean_velocity": -4.41, "temporal_coherence": 0.934 }, "geometry": { "type": "Point", "coordinates": [ 14.059276, 40.880082 ] } },
{ "type": "Feature", "properties": { "pid": "CFsynt_004093", "mean_velocity": 9.73, "temporal_coherence": 0.846 }, "geometry": { "type": "Point", "coordinates": [ 14.084072, 40.874117 ] } },
{ "type": "Feature", "properties": { "pid": "CFsynt_004094", "mean_velocity": -5.36, "temporal_coherence": 0.971 }, "geometry": { "type": "Point", "coordinates": [ 14.093589, 40.916367 ] } },
{ "type": "Feature", "properties": { "pid": "CFsynt_004095", "mean_velocity": 12.05, "temporal_coherence": 0.917 }, "geometry": { "type": "Point", "coordinates": [ 14.12373, 40.878875 ] } },
{ "type": "Feature", "properties": { "pid": "CFsynt_004098", "mean_velocity": -2.31, "temporal_coherence": 0.874 }, "geometry": { "type": "Point", "coordinates": [ 14.229159, 40.785111 ] } },
{ "type": "Feature", "properties": { "pid": "CFsynt_004101", "mean_velocity": -2.46, "temporal_coherence": 0.712 }, "geometry": { "type": "Point", "coordinates": [ 14.22104, 40.898786 ] } },
{ "type": "Feature", "properties": { "pid": "CFsynt_004104", "mean_velocity": 0.04, "temporal_coherence": 0.905 }, "geometry": { "type": "Point", "coordinates": [ 14.29315, 40.877312 ] } },
{ "type": "Feature", "properties": { "pid": "CFsynt_004105", "mean_velocity": -1.57, "temporal_coherence": 0.931 }, "geometry": { "type": "Point", "coordinates": [ 14.05769, 40.81122 ] } },
{ "type": "Feature", "properties": { "pid": "CFsynt_004106", "mean_velocity": -2.14, "temporal_coherence": 0.948 }, "geometry": { "type": "Point", "coordinates": [ 14.23648, 40.818839 ] } },
{ "type": "Feature", "properties": { "pid": "CFsynt_004108", "mean_velocity": -2.37, "temporal_coherence": 0.956 }, "geometry": { "type": "Point", "coordinates": [ 14.295445, 40.914913 ] } },
{ "type": "Feature", "properties": { "pid": "CFsynt_004109", "mean_velocity": 46.95, "temporal_coherence": 0.94 }, "geometry": { "type": "Point", "coordinates": [ 14.180388, 40.824708 ] } },
{ "type": "Feature", "properties": { "pid": "CFsynt_004111", "mean_velocity": -2.7, "temporal_coherence": 0.852 }, "geometry": { "type": "Point", "coordinates": [ 14.270045, 40.813585 ] } },
{ "type": "Feature", "properties": { "pid": "CFsynt_004112", "mean_velocity": -2.07, "temporal_coherence": 0.756 }, "geometry": { "type": "Point", "coordinates": [ 14.253535, 40.818703 ] } },
{ "type": "Feature", "properties": { "pid": "CFsynt_004113", "mean_velocity": -5.13, "temporal_coherence": 0.727 }, "geometry": { "type": "Point", "coordinates": [ 14.175092, 40.91492 ] } },
{ "type": "Feature", "properties": { "pid": "CFsynt_004117", "mean_velocity": -2.31, "temporal_coherence": 0.815 }, "geometry": { "type": "Point", "coordinates": [ 14.280903, 40.857675 ] } },
{ "type": "Feature", "properties": { "pid": "CFsynt_004118", "mean_velocity": 73.32, "temporal_coherence": 0.93 }, "geometry": { "type": "Point", "coordinates": [ 14.122216, 40.84108 ] } },
{ "type": "Feature", "properties": { "pid": "CFsynt_004119", "mean_velocity": 57.74, "temporal_coherence": 0.751 }, "geometry": { "type": "Point", "coordinates": [ 14.170229, 40.816227 ] } },
{ "type": "Feature", "properties": { "pid": "CFsynt_004121", "mean_velocity": -4.94, "temporal_coherence": 0.781 }, "geometry": { "type": "Point", "coordinates": [ 14.261481, 40.800408 ] } },
{ "type": "Feature", "properties": { "pid": "CFsynt_004123", "mean_velocity": 25.11, "temporal_coherence": 0.743 }, "geometry": { "type": "Point", "coordinates": [ 14.141722, 40.782806 ] } },
{ "type": "Feature", "properties": { "pid": "CFsynt_004128", "mean_velocity": -8.23, "temporal_coherence": 0.958 }, "geometry": { "type": "Point", "coordinates": [ 14.261545, 40.782287 ] } },
{ "type": "Feature", "properties": { "pid": "CFsynt_004129", "mean_velocity": -0.66, "temporal_coherence": 0.799 }, "geometry": { "type": "Point", "coordinates": [ 14.293499, 40.828967 ] } },
{ "type": "Feature", "properties": { "pid": "CFsynt_004130", "mean_velocity": -1.19, "temporal_coherence": 0.787 }, "geometry": { "type": "Point", "coordinates": [ 14.24203, 40.918315 ] } },
{ "type": "Feature", "properties": { "pid": "CFsynt_004132", "mean_velocity": 60.16, "temporal_coherence": 0.955 }, "geometry": { "type": "Point", "coordinates": [ 14.153954, 40.847049 ] } },
{ "type": "Feature", "properties": { "pid": "CFsynt_004134", "mean_velocity": 23.85, "temporal_coherence": 0.815 }, "geometry": { "type": "Point", "coordinates": [ 14.177697, 40.860253 ] } },
{ "type": "Feature", "properties": { "pid": "CFsynt_004136", "mean_velocity": -1.95, "temporal_coherence": 0.918 }, "geometry": { "type": "Point", "coordinates": [ 14.175883, 40.892392 ] } },
{ "type": "Feature", "properties": { "pid": "CFsynt_004137", "mean_velocity": -1.17, "temporal_coherence": 0.76 }, "geometry": { "type": "Point", "coordinates": [ 14.278232, 40.882641 ] } },
{ "type": "Feature", "properties": { "pid": "CFsynt_004138", "mean_velocity": -2.75, "temporal_coherence": 0.852 }, "geometry": { "type": "Point", "coordinates": [ 14.235689, 40.825193 ] } },
{ "type": "Feature", "properties": { "pid": "CFsynt_004141", "mean_velocity": -4.87, "temporal_coherence": 0.716 }, "geometry": { "type": "Point", "coordinates": [ 14.183402, 40.908571 ] } },
{ "type": "Feature", "properties": { "pid": "CFsynt_004143", "mean_velocity": 29.0, "temporal_coherence": 0.768 }, "geometry": { "type": "Point", "coordinates": [ 14.141069, 40.784799 ] } },
{ "type": "Feature", "properties": { "pid": "CFsynt_004144", "mean_velocity": 41.57, "temporal_coherence": 0.9 }, "geometry": { "type": "Point", "coordinates": [ 14.167581, 40.853339 ] } },
{ "type": "Feature", "properties": { "pid": "CFsynt_004148", "mean_velocity": 79.16, "temporal_coherence": 0.884 }, "geometry": { "type": "Point", "coordinates": [ 14.156175, 40.835068 ] } },
{ "type": "Feature", "properties": { "pid": "CFsynt_004149", "mean_velocity": 10.09, "temporal_coherence": 0.797 }, "geometry": { "type": "Point", "coordinates": [ 14.150547, 40.881674 ] } },
{ "type": "Feature", "properties": { "pid": "CFsynt_004150", "mean_velocity": 44.21, "temporal_coherence": 0.738 }, "geometry": { "type": "Point", "coordinates": [ 14.102496, 40.845698 ] } },
{ "type": "Feature", "properties": { "pid": "CFsynt_004153", "mean_velocity": 63.06, "temporal_coherence": 0.928 }, "geometry": { "type": "Point", "coordinates": [ 14.167455, 40.821225 ] } },
{ "type": "Feature", "properties": { "pid": "CFsynt_004154", "mean_velocity": 24.35, "temporal_coherence": 0.951 }, "geometry": { "type": "Point", "coordinates": [ 14.198453, 40.823243 ] } },
{ "type": "Feature", "properties": { "pid": "CFsynt_004156", "mean_velocity": -3.74, "temporal_coherence": 0.973 }, "geometry": { "type": "Point", "coordinates": [ 14.293232, 40.847783 ] } },
{ "type": "Feature", "properties": { "pid": "CFsynt_004157", "mean_velocity": -3.76, "temporal_coherence": 0.918 }, "geometry": { "type": "Point", "coordinates": [ 14.050615, 40.902304 ] } },
{ "type": "Feature", "properties": { "pid": "CFsynt_004158", "mean_velocity": 71.29, "temporal_coherence": 0.932 }, "geometry": { "type": "Point", "coordinates": [ 14.160768, 40.817219 ] } },
{ "type": "Feature", "properties": { "pid": "CFsynt_004159", "mean_velocity": 1.0, "temporal_coherence": 0.983 }, "geometry": { "type": "Point", "coordinates": [ 14.090138, 40.894007 ] } },
{ "type": "Feature", "properties": { "pid": "CFsynt_004160", "mean_velocity": 9.85, "temporal_coherence": 0.845 }, "geometry": { "type": "Point", "coordinates": [ 14.181897, 40.786364 ] } },
{ "type": "Feature", "properties": { "pid": "CFsynt_004161", "mean_velocity": 35.88, "temporal_coherence": 0.786 }, "geometry": { "type": "Point", "coordinates": [ 14.111267, 40.86093 ] } },
{ "type": "Feature", "properties": { "pid": "CFsynt_004162", "mean_velocity": -2.09, "temporal_coherence": 0.86 }, "geometry": { "type": "Point", "coordinates": [ 14.279402, 40.827516 ] } },
{ "type": "Feature", "properties": { "pid": "CFsynt_004163", "mean_velocity": 48.98, "temporal_coherence": 0.964 }, "geometry": { "type": "Point", "coordinates": [ 14.144944, 40.857058 ] } },
{ "type": "Feature", "properties": { "pid": "CFsynt_004167", "mean_velocity": -4.6, "temporal_coherence": 0.879 }, "geometry": { "type": "Point", "coordinates": [ 14.147205, 40.908751 ] } },
{ "type": "Feature", "properties": { "pid": "CFsynt_004169", "mean_velocity": 25.49, "temporal_coherence": 0.924 }, "geometry": { "type": "Point", "coordinates": [ 14.163269, 40.786404 ] } },
{ "type": "Feature", "properties": { "pid": "CFsynt_004171", "mean_velocity": -1.62, "temporal_coherence": 0.781 }, "geometry": { "type": "Point", "coordinates": [ 14.234983, 40.817224 ] } },
{ "type": "Feature", "properties": { "pid": "CFsynt_004173", "mean_velocity": 32.67, "temporal_coherence": 0.857 }, "geometry": { "type": "Point", "coordinates": [ 14.115567, 40.794099 ] } },
{ "type": "Feature", "properties": { "pid": "CFsynt_004174", "mean_velocity": 1.44, "temporal_coherence": 0.775 }, "geometry": { "type": "Point", "coordinates": [ 14.258825, 40.79959 ] } },
{ "type": "Feature", "properties": { "pid": "CFsynt_004175", "mean_velocity": -4.41, "temporal_coherence": 0.964 }, "geometry": { "type": "Point", "coordinates": [ 14.191112, 40.883609 ] } },
{ "type": "Feature", "properties": { "pid": "CFsynt_004178", "mean_velocity": -4.04, "temporal_coherence": 0.92 }, "geometry": { "type": "Point", "coordinates": [ 14.219656, 40.808263 ] } },
{ "type": "Feature", "properties": { "pid": "CFsynt_004179", "mean_velocity": -2.49, "temporal_coherence": 0.714 }, "geometry": { "type": "Point", "coordinates": [ 14.290657, 40.878968 ] } },
{ "type": "Feature", "properties": { "pid": "CFsynt_004181", "mean_velocity": -2.03, "temporal_coherence": 0.844 }, "geometry": { "type": "Point", "coordinates": [ 14.066942, 40.86973 ] } },
{ "type": "Feature", "properties": { "pid": "CFsynt_004187", "mean_velocity": 15.86, "temporal_coherence": 0.703 }, "geometry": { "type": "Point", "coordinates": [ 14.068836, 40.822679 ] } },
{ "type": "Feature", "properties": { "pid": "CFsynt_004188", "mean_velocity": -2.74, "temporal_coherence": 0.885 }, "geometry": { "type": "Point", "coordinates": [ 14.050187, 40.803759 ] } },
{ "type": "Feature", "properties": { "pid": "CFsynt_004189", "mean_velocity": 36.21, "temporal_coherence": 0.761 }, "geometry": { "type": "Point", "coordinates": [ 14.173041, 40.799475 ] } },
{ "type": "Feature", "properties": { "pid": "CFsynt_004191", "mean_velocity": 0.08, "temporal_coherence": 0.925 }, "geometry": { "type": "Point", "coordinates": [ 14.239867, 40.781387 ] } },
{ "type": "Feature", "properties": { "pid": "CFsynt_004192", "mean_velocity": 30.53, "temporal_coherence": 0.977 }, "geometry": { "type": "Point", "coordinates": [ 14.190184, 40.814867 ] } },
{ "type": "Feature", "properties": { "pid": "CFsynt_004197", "mean_velocity": -1.06, "temporal_coherence": 0.855 }, "geometry": { "type": "Point", "coordinates": [ 14.286537, 40.882845 ] } },
{ "type": "Feature", "properties": { "pid": "CFsynt_004200", "mean_velocity": 5.87, "temporal_coherence": 0.859 }, "geometry": { "type": "Point", "coordinates": [ 14.089465, 40.87725 ] } },
{ "type": "Feature", "properties": { "pid": "CFsynt_004201", "mean_velocity": -1.17, "temporal_coherence": 0.832 }, "geometry": { "type": "Point", "coordinates": [ 14.263807, 40.89849 ] } },
{ "type": "Feature", "properties": { "pid": "CFsynt_004202", "mean_velocity": 4.96, "temporal_coherence": 0.818 }, "geometry": { "type": "Point", "coordinates": [ 14.060686, 40.835825 ] } },
{ "type": "Feature", "properties": { "pid": "CFsynt_004203", "mean_velocity": 7.87, "temporal_coherence": 0.728 }, "geometry": { "type": "Point", "coordinates": [ 14.208184, 40.847967 ] } },
{ "type": "Feature", "properties": { "pid": "CFsynt_004204", "mean_velocity": -7.45, "temporal_coherence": 0.829 }, "geometry": { "type": "Point", "coordinates": [ 14.246393, 40.886299 ] } },
{ "type": "Feature", "properties": { "pid": "CFsynt_004205", "mean_velocity": -2.77, "temporal_coherence": 0.968 }, "geometry": { "type": "Point", "coordinates": [ 14.247814, 40.862317 ] } },
{ "type": "Feature", "properties": { "pid": "CFsynt_004206", "mean_velocity": 17.21, "temporal_coherence": 0.806 }, "geometry": { "type": "Point", "coordinates": [ 14.085118, 40.852077 ] } },
{ "type": "Feature", "properties": { "pid": "CFsynt_004208", "mean_velocity": 57.25, "temporal_coherence": 0.863 }, "geometry": { "type": "Point", "coordinates": [ 14.160154, 40.806459 ] } },
{ "type": "Feature", "properties": { "pid": "CFsynt_004209", "mean_velocity": 32.43, "temporal_coherence": 0.987 }, "geometry": { "type": "Point", "coordinates": [ 14.088721, 40.82453 ] } },
{ "type": "Feature", "properties": { "pid": "CFsynt_004211", "mean_velocity": 90.08, "temporal_coherence": 0.922 }, "geometry": { "type": "Point", "coordinates": [ 14.133441, 40.835125 ] } },
{ "type": "Feature", "properties": { "pid": "CFsynt_004214", "mean_velocity": -3.84, "temporal_coherence": 0.764 }, "geometry": { "type": "Point", "coordinates": [ 14.19459, 40.886725 ] } },
{ "type": "Feature", "properties": { "pid": "CFsynt_004215", "mean_velocity": 11.91, "temporal_coherence": 0.923 }, "geometry": { "type": "Point", "coordinates": [ 14.083802, 40.861187 ] } },
{ "type": "Feature", "properties": { "pid": "CFsynt_004219", "mean_velocity": 1.21, "temporal_coherence": 0.802 }, "geometry": { "type": "Point", "coordinates": [ 14.228513, 40.885723 ] } },
{ "type": "Feature", "properties": { "pid": "CFsynt_004220", "mean_velocity": -3.36, "temporal_coherence": 0.927 }, "geometry": { "type": "Point", "coordinates": [ 14.082702, 40.904522 ] } },
{ "type": "Feature", "properties": { "pid": "CFsynt_004222", "mean_velocity": 15.08, "temporal_coherence": 0.778 }, "geometry": { "type": "Point", "coordinates": [ 14.126994, 40.879342 ] } },
{ "type": "Feature", "properties": { "pid": "CFsynt_004225", "mean_velocity": -3.04, "temporal_coherence": 0.925 }, "geometry": { "type": "Point", "coordinates": [ 14.283098, 40.890388 ] } },
{ "type": "Feature", "properties": { "pid": "CFsynt_004226", "mean_velocity": -2.51, "temporal_coherence": 0.764 }, "geometry": { "type": "Point", "coordinates": [ 14.204929, 40.892842 ] } },
{ "type": "Feature", "properties": { "pid": "CFsynt_004229", "mean_velocity": 57.98, "temporal_coherence": 0.972 }, "geometry": { "type": "Point", "coordinates": [ 14.104176, 40.825002 ] } },
{ "type": "Feature", "properties": { "pid": "CFsynt_004232", "mean_velocity": 0.9, "temporal_coherence": 0.762 }, "geometry": { "type": "Point", "coordinates": [ 14.242372, 40.820247 ] } },
{ "type": "Feature", "properties": { "pid": "CFsynt_004235", "mean_velocity": 15.4, "temporal_coherence": 0.743 }, "geometry": { "type": "Point", "coordinates": [ 14.079842, 40.804881 ] } },
{ "type": "Feature", "properties": { "pid": "CFsynt_004236", "mean_velocity": -4.74, "temporal_coherence": 0.842 }, "geometry": { "type": "Point", "coordinates": [ 14.141449, 40.907751 ] } },
{ "type": "Feature", "properties": { "pid": "CFsynt_004237", "mean_velocity": -1.26, "temporal_coherence": 0.929 }, "geometry": { "type": "Point", "coordinates": [ 14.281765, 40.791884 ] } },
{ "type": "Feature", "properties": { "pid": "CFsynt_004238", "mean_velocity": 38.68, "temporal_coherence": 0.761 }, "geometry": { "type": "Point", "coordinates": [ 14.18573, 40.824705 ] } },
{ "type": "Feature", "properties": { "pid": "CFsynt_004239", "mean_velocity": 7.96, "temporal_coherence": 0.745 }, "geometry": { "type": "Point", "coordinates": [ 14.220039, 40.832194 ] } },
{ "type": "Feature", "properties": { "pid": "CFsynt_004240", "mean_velocity": -3.33, "temporal_coherence": 0.812 }, "geometry": { "type": "Point", "coordinates": [ 14.257074, 40.813912 ] } },
{ "type": "Feature", "properties": { "pid": "CFsynt_004242", "mean_velocity": 38.29, "temporal_coherence": 0.922 }, "geometry": { "type": "Point", "coordinates": [ 14.168123, 40.802392 ] } },
{ "type": "Feature", "properties": { "pid": "CFsynt_004243", "mean_velocity": 49.71, "temporal_coherence": 0.94 }, "geometry": { "type": "Point", "coordinates": [ 14.17755, 40.820778 ] } },
{ "type": "Feature", "properties": { "pid": "CFsynt_004244", "mean_velocity": -2.3, "temporal_coherence": 0.893 }, "geometry": { "type": "Point", "coordinates": [ 14.238222, 40.816452 ] } },
{ "type": "Feature", "properties": { "pid": "CFsynt_004245", "mean_velocity": -4.7, "temporal_coherence": 0.829 }, "geometry": { "type": "Point", "coordinates": [ 14.106369, 40.9014 ] } },
{ "type": "Feature", "properties": { "pid": "CFsynt_004250", "mean_velocity": -1.84, "temporal_coherence": 0.985 }, "geometry": { "type": "Point", "coordinates": [ 14.128675, 40.902238 ] } },
{ "type": "Feature", "properties": { "pid": "CFsynt_004253", "mean_velocity": 38.59, "temporal_coherence": 0.981 }, "geometry": { "type": "Point", "coordinates": [ 14.183919, 40.816846 ] } },
{ "type": "Feature", "properties": { "pid": "CFsynt_004254", "mean_velocity": -2.92, "temporal_coherence": 0.835 }, "geometry": { "type": "Point", "coordinates": [ 14.275393, 40.884485 ] } },
{ "type": "Feature", "properties": { "pid": "CFsynt_004255", "mean_velocity": -2.51, "temporal_coherence": 0.836 }, "geometry": { "type": "Point", "coordinates": [ 14.050489, 40.81518 ] } },
{ "type": "Feature", "properties": { "pid": "CFsynt_004257", "mean_velocity": 65.97, "temporal_coherence": 0.839 }, "geometry": { "type": "Point", "coordinates": [ 14.164899, 40.833936 ] } },
{ "type": "Feature", "properties": { "pid": "CFsynt_004263", "mean_velocity": -1.21, "temporal_coherence": 0.793 }, "geometry": { "type": "Point", "coordinates": [ 14.266915, 40.803801 ] } },
{ "type": "Feature", "properties": { "pid": "CFsynt_004264", "mean_velocity": -1.87, "temporal_coherence": 0.934 }, "geometry": { "type": "Point", "coordinates": [ 14.228902, 40.814154 ] } },
{ "type": "Feature", "properties": { "pid": "CFsynt_004265", "mean_velocity": 47.01, "temporal_coherence": 0.887 }, "geometry": { "type": "Point", "coordinates": [ 14.178428, 40.836383 ] } },
{ "type": "Feature", "properties": { "pid": "CFsynt_004266", "mean_velocity": 66.1, "temporal_coherence": 0.97 }, "geometry": { "type": "Point", "coordinates": [ 14.152646, 40.845163 ] } },
{ "type": "Feature", "properties": { "pid": "CFsynt_004267", "mean_velocity": -4.64, "temporal_coherence": 0.834 }, "geometry": { "type": "Point", "coordinates": [ 14.266496, 40.812465 ] } },
{ "type": "Feature", "properties": { "pid": "CFsynt_004268", "mean_velocity": -5.36, "temporal_coherence": 0.843 }, "geometry": { "type": "Point", "coordinates": [ 14.259993, 40.902281 ] } },
{ "type": "Feature", "properties": { "pid": "CFsynt_004269", "mean_velocity": -5.84, "temporal_coherence": 0.969 }, "geometry": { "type": "Point", "coordinates": [ 14.249512, 40.800184 ] } },
{ "type": "Feature", "properties": { "pid": "CFsynt_004271", "mean_velocity": -6.93, "temporal_coherence": 0.744 }, "geometry": { "type": "Point", "coordinates": [ 14.168769, 40.913318 ] } },
{ "type": "Feature", "properties": { "pid": "CFsynt_004272", "mean_velocity": -0.11, "temporal_coherence": 0.716 }, "geometry": { "type": "Point", "coordinates": [ 14.264008, 40.868666 ] } },
{ "type": "Feature", "properties": { "pid": "CFsynt_004273", "mean_velocity": -4.14, "temporal_coherence": 0.901 }, "geometry": { "type": "Point", "coordinates": [ 14.280119, 40.823749 ] } },
{ "type": "Feature", "properties": { "pid": "CFsynt_004274", "mean_velocity": 19.78, "temporal_coherence": 0.706 }, "geometry": { "type": "Point", "coordinates": [ 14.091365, 40.79382 ] } },
{ "type": "Feature", "properties": { "pid": "CFsynt_004276", "mean_velocity": -2.97, "temporal_coherence": 0.799 }, "geometry": { "type": "Point", "coordinates": [ 14.147377, 40.893951 ] } },
{ "type": "Feature", "properties": { "pid": "CFsynt_004277", "mean_velocity": 0.41, "temporal_coherence": 0.985 }, "geometry": { "type": "Point", "coordinates": [ 14.278454, 40.844444 ] } },
{ "type": "Feature", "properties": { "pid": "CFsynt_004281", "mean_velocity": -5.14, "temporal_coherence": 0.98 }, "geometry": { "type": "Point", "coordinates": [ 14.133056, 40.911953 ] } },
{ "type": "Feature", "properties": { "pid": "CFsynt_004282", "mean_velocity": 15.09, "temporal_coherence": 0.772 }, "geometry": { "type": "Point", "coordinates": [ 14.2085, 40.838874 ] } },
{ "type": "Feature", "properties": { "pid": "CFsynt_004284", "mean_velocity": -2.64, "temporal_coherence": 0.84 }, "geometry": { "type": "Point", "coordinates": [ 14.290016, 40.795915 ] } },
{ "type": "Feature", "properties": { "pid": "CFsynt_004285", "mean_velocity": 9.02, "temporal_coherence": 0.922 }, "geometry": { "type": "Point", "coordinates": [ 14.075319, 40.793325 ] } },
{ "type": "Feature", "properties": { "pid": "CFsynt_004290", "mean_velocity": -3.66, "temporal_coherence": 0.865 }, "geometry": { "type": "Point", "coordinates": [ 14.05446, 40.814939 ] } },
{ "type": "Feature", "properties": { "pid": "CFsynt_004292", "mean_velocity": -3.35, "temporal_coherence": 0.965 }, "geometry": { "type": "Point", "coordinates": [ 14.051727, 40.912279 ] } },
{ "type": "Feature", "properties": { "pid": "CFsynt_004293", "mean_velocity": 20.9, "temporal_coherence": 0.962 }, "geometry": { "type": "Point", "coordinates": [ 14.201069, 40.822578 ] } },
{ "type": "Feature", "properties": { "pid": "CFsynt_004295", "mean_velocity": 13.06, "temporal_coherence": 0.794 }, "geometry": { "type": "Point", "coordinates": [ 14.146859, 40.879831 ] } },
{ "type": "Feature", "properties": { "pid": "CFsynt_004297", "mean_velocity": 18.49, "temporal_coherence": 0.87 }, "geometry": { "type": "Point", "coordinates": [ 14.200893, 40.836323 ] } },
{ "type": "Feature", "properties": { "pid": "CFsynt_004298", "mean_velocity": 14.98, "temporal_coherence": 0.771 }, "geometry": { "type": "Point", "coordinates": [ 14.184582, 40.864958 ] } },
{ "type": "Feature", "properties": { "pid": "CFsynt_004301", "mean_velocity": -1.92, "temporal_coherence": 0.819 }, "geometry": { "type": "Point", "coordinates": [ 14.23702, 40.863136 ] } },
{ "type": "Feature", "properties": { "pid": "CFsynt_004303", "mean_velocity": 41.03, "temporal_coherence": 0.908 }, "geometry": { "type": "Point", "coordinates": [ 14.131586, 40.858839 ] } },
{ "type": "Feature", "properties": { "pid": "CFsynt_004306", "mean_velocity": 21.29, "temporal_coherence": 0.879 }, "geometry": { "type": "Point", "coordinates": [ 14.190519, 40.85142 ] } },
{ "type": "Feature", "properties": { "pid": "CFsynt_004307", "mean_velocity": 26.67, "temporal_coherence": 0.844 }, "geometry": { "type": "Point", "coordinates": [ 14.129835, 40.782143 ] } },
{ "type": "Feature", "properties": { "pid": "CFsynt_004309", "mean_velocity": 0.72, "temporal_coherence": 0.703 }, "geometry": { "type": "Point", "coordinates": [ 14.211959, 40.783779 ] } },
{ "type": "Feature", "properties": { "pid": "CFsynt_004311", "mean_velocity": -0.36, "temporal_coherence": 0.767 }, "geometry": { "type": "Point", "coordinates": [ 14.261431, 40.847936 ] } },
{ "type": "Feature", "properties": { "pid": "CFsynt_004312", "mean_velocity": 23.56, "temporal_coherence": 0.947 }, "geometry": { "type": "Point", "coordinates": [ 14.104991, 40.86304 ] } },
{ "type": "Feature", "properties": { "pid": "CFsynt_004315", "mean_velocity": -3.06, "temporal_coherence": 0.771 }, "geometry": { "type": "Point", "coordinates": [ 14.209706, 40.912746 ] } },
{ "type": "Feature", "properties": { "pid": "CFsynt_004317", "mean_velocity": -4.31, "temporal_coherence": 0.834 }, "geometry": { "type": "Point", "coordinates": [ 14.258479, 40.851605 ] } },
{ "type": "Feature", "properties": { "pid": "CFsynt_004319", "mean_velocity": 83.65, "temporal_coherence": 0.726 }, "geometry": { "type": "Point", "coordinates": [ 14.145117, 40.83513 ] } },
{ "type": "Feature", "properties": { "pid": "CFsynt_004320", "mean_velocity": -0.45, "temporal_coherence": 0.798 }, "geometry": { "type": "Point", "coordinates": [ 14.269029, 40.905312 ] } },
{ "type": "Feature", "properties": { "pid": "CFsynt_004321", "mean_velocity": 16.12, "temporal_coherence": 0.95 }, "geometry": { "type": "Point", "coordinates": [ 14.189741, 40.854678 ] } },
{ "type": "Feature", "properties": { "pid": "CFsynt_004322", "mean_velocity": 9.03, "temporal_coherence": 0.741 }, "geometry": { "type": "Point", "coordinates": [ 14.209377, 40.800313 ] } },
{ "type": "Feature", "properties": { "pid": "CFsynt_004324", "mean_velocity": 20.98, "temporal_coherence": 0.847 }, "geometry": { "type": "Point", "coordinates": [ 14.08845, 40.799251 ] } },
{ "type": "Feature", "properties": { "pid": "CFsynt_004327", "mean_velocity": -3.27, "temporal_coherence": 0.866 }, "geometry": { "type": "Point", "coordinates": [ 14.24502, 40.794766 ] } },
{ "type": "Feature", "properties": { "pid": "CFsynt_004328", "mean_velocity": -4.2, "temporal_coherence": 0.958 }, "geometry": { "type": "Point", "coordinates": [ 14.273617, 40.826766 ] } },
{ "type": "Feature", "properties": { "pid": "CFsynt_004329", "mean_velocity": -0.82, "temporal_coherence": 0.919 }, "geometry": { "type": "Point", "coordinates": [ 14.296905, 40.919947 ] } },
{ "type": "Feature", "properties": { "pid": "CFsynt_004330", "mean_velocity": 5.43, "temporal_coherence": 0.766 }, "geometry": { "type": "Point", "coordinates": [ 14.059513, 40.829814 ] } },
{ "type": "Feature", "properties": { "pid": "CFsynt_004334", "mean_velocity": -2.52, "temporal_coherence": 0.944 }, "geometry": { "type": "Point", "coordinates": [ 14.273673, 40.793973 ] } },
{ "type": "Feature", "properties": { "pid": "CFsynt_004338", "mean_velocity": 42.75, "temporal_coherence": 0.91 }, "geometry": { "type": "Point", "coordinates": [ 14.178268, 40.815822 ] } },
{ "type": "Feature", "properties": { "pid": "CFsynt_004339", "mean_velocity": -3.25, "temporal_coherence": 0.923 }, "geometry": { "type": "Point", "coordinates": [ 14.265363, 40.888981 ] } },
{ "type": "Feature", "properties": { "pid": "CFsynt_004340", "mean_velocity": -3.93, "temporal_coherence": 0.84 }, "geometry": { "type": "Point", "coordinates": [ 14.066954, 40.898965 ] } },
{ "type": "Feature", "properties": { "pid": "CFsynt_004344", "mean_velocity": -2.22, "temporal_coherence": 0.795 }, "geometry": { "type": "Point", "coordinates": [ 14.241762, 40.830486 ] } },
{ "type": "Feature", "properties": { "pid": "CFsynt_004346", "mean_velocity": -2.34, "temporal_coherence": 0.729 }, "geometry": { "type": "Point", "coordinates": [ 14.25215, 40.858048 ] } },
{ "type": "Feature", "properties": { "pid": "CFsynt_004347", "mean_velocity": -1.47, "temporal_coherence": 0.902 }, "geometry": { "type": "Point", "coordinates": [ 14.284381, 40.861637 ] } },
{ "type": "Feature", "properties": { "pid": "CFsynt_004348", "mean_velocity": 44.86, "temporal_coherence": 0.899 }, "geometry": { "type": "Point", "coordinates": [ 14.18068, 40.824688 ] } },
{ "type": "Feature", "properties": { "pid": "CFsynt_004349", "mean_velocity": -1.61, "temporal_coherence": 0.915 }, "geometry": { "type": "Point", "coordinates": [ 14.271373, 40.909125 ] } },
{ "type": "Feature", "properties": { "pid": "CFsynt_004352", "mean_velocity": -0.22, "temporal_coherence": 0.825 }, "geometry": { "type": "Point", "coordinates": [ 14.220226, 40.860831 ] } },
{ "type": "Feature", "properties": { "pid": "CFsynt_004355", "mean_velocity": -1.93, "temporal_coherence": 0.88 }, "geometry": { "type": "Point", "coordinates": [ 14.230551, 40.882451 ] } },
{ "type": "Feature", "properties": { "pid": "CFsynt_004357", "mean_velocity": 11.85, "temporal_coherence": 0.764 }, "geometry": { "type": "Point", "coordinates": [ 14.121027, 40.878678 ] } },
{ "type": "Feature", "properties": { "pid": "CFsynt_004358", "mean_velocity": 4.37, "temporal_coherence": 0.97 }, "geometry": { "type": "Point", "coordinates": [ 14.170986, 40.881346 ] } },
{ "type": "Feature", "properties": { "pid": "CFsynt_004359", "mean_velocity": -5.19, "temporal_coherence": 0.889 }, "geometry": { "type": "Point", "coordinates": [ 14.24509, 40.887699 ] } },
{ "type": "Feature", "properties": { "pid": "CFsynt_004360", "mean_velocity": -2.84, "temporal_coherence": 0.7 }, "geometry": { "type": "Point", "coordinates": [ 14.100406, 40.908194 ] } },
{ "type": "Feature", "properties": { "pid": "CFsynt_004361", "mean_velocity": 19.12, "temporal_coherence": 0.781 }, "geometry": { "type": "Point", "coordinates": [ 14.187136, 40.85733 ] } },
{ "type": "Feature", "properties": { "pid": "CFsynt_004362", "mean_velocity": 0.32, "temporal_coherence": 0.851 }, "geometry": { "type": "Point", "coordinates": [ 14.221246, 40.79479 ] } },
{ "type": "Feature", "properties": { "pid": "CFsynt_004366", "mean_velocity": -3.45, "temporal_coherence": 0.837 }, "geometry": { "type": "Point", "coordinates": [ 14.167847, 40.902588 ] } },
{ "type": "Feature", "properties": { "pid": "CFsynt_004367", "mean_velocity": 19.87, "temporal_coherence": 0.953 }, "geometry": { "type": "Point", "coordinates": [ 14.200744, 40.838313 ] } },
{ "type": "Feature", "properties": { "pid": "CFsynt_004368", "mean_velocity": 12.82, "temporal_coherence": 0.961 }, "geometry": { "type": "Point", "coordinates": [ 14.072521, 40.849648 ] } },
{ "type": "Feature", "properties": { "pid": "CFsynt_004370", "mean_velocity": 43.95, "temporal_coherence": 0.755 }, "geometry": { "type": "Point", "coordinates": [ 14.112362, 40.802331 ] } },
{ "type": "Feature", "properties": { "pid": "CFsynt_004372", "mean_velocity": 7.05, "temporal_coherence": 0.794 }, "geometry": { "type": "Point", "coordinates": [ 14.178492, 40.780047 ] } },
{ "type": "Feature", "properties": { "pid": "CFsynt_004373", "mean_velocity": 17.2, "temporal_coherence": 0.884 }, "geometry": { "type": "Point", "coordinates": [ 14.078034, 40.80401 ] } },
{ "type": "Feature", "properties": { "pid": "CFsynt_004374", "mean_velocity": -2.55, "temporal_coherence": 0.888 }, "geometry": { "type": "Point", "coordinates": [ 14.201256, 40.890666 ] } },
{ "type": "Feature", "properties": { "pid": "CFsynt_004375", "mean_velocity": -2.51, "temporal_coherence": 0.877 }, "geometry": { "type": "Point", "coordinates": [ 14.079212, 40.899648 ] } },
{ "type": "Feature", "properties": { "pid": "CFsynt_004376", "mean_velocity": -6.57, "temporal_coherence": 0.953 }, "geometry": { "type": "Point", "coordinates": [ 14.239843, 40.861788 ] } },
{ "type": "Feature", "properties": { "pid": "CFsynt_004377", "mean_velocity": 21.87, "temporal_coherence": 0.834 }, "geometry": { "type": "Point", "coordinates": [ 14.08662, 40.805908 ] } },
{ "type": "Feature", "properties": { "pid": "CFsynt_004378", "mean_velocity": 0.21, "temporal_coherence": 0.805 }, "geometry": { "type": "Point", "coordinates": [ 14.289923, 40.853914 ] } },
{ "type": "Feature", "properties": { "pid": "CFsynt_004380", "mean_velocity": -1.07, "temporal_coherence": 0.974 }, "geometry": { "type": "Point", "coordinates": [ 14.181379, 40.882724 ] } },
{ "type": "Feature", "properties": { "pid": "CFsynt_004381", "mean_velocity": 22.22, "temporal_coherence": 0.819 }, "geometry": { "type": "Point", "coordinates": [ 14.12283, 40.870574 ] } },
{ "type": "Feature", "properties": { "pid": "CFsynt_004383", "mean_velocity": -2.12, "temporal_coherence": 0.866 }, "geometry": { "type": "Point", "coordinates": [ 14.166765, 40.907062 ] } },
{ "type": "Feature", "properties": { "pid": "CFsynt_004384", "mean_velocity": -4.36, "temporal_coherence": 0.939 }, "geometry": { "type": "Point", "coordinates": [ 14.274186, 40.897417 ] } },
{ "type": "Feature", "properties": { "pid": "CFsynt_004387", "mean_velocity": -1.5, "temporal_coherence": 0.723 }, "geometry": { "type": "Point", "coordinates": [ 14.074731, 40.868269 ] } },
{ "type": "Feature", "properties": { "pid": "CFsynt_004388", "mean_velocity": -2.73, "temporal_coherence": 0.784 }, "geometry": { "type": "Point", "coordinates": [ 14.238841, 40.785772 ] } },
{ "type": "Feature", "properties": { "pid": "CFsynt_004389", "mean_velocity": 15.41, "temporal_coherence": 0.763 }, "geometry": { "type": "Point", "coordinates": [ 14.19878, 40.794787 ] } },
{ "type": "Feature", "properties": { "pid": "CFsynt_004390", "mean_velocity": -0.18, "temporal_coherence": 0.78 }, "geometry": { "type": "Point", "coordinates": [ 14.088295, 40.882977 ] } },
{ "type": "Feature", "properties": { "pid": "CFsynt_004392", "mean_velocity": 18.84, "temporal_coherence": 0.783 }, "geometry": { "type": "Point", "coordinates": [ 14.18049, 40.863731 ] } },
{ "type": "Feature", "properties": { "pid": "CFsynt_004393", "mean_velocity": -1.04, "temporal_coherence": 0.941 }, "geometry": { "type": "Point", "coordinates": [ 14.219485, 40.862206 ] } },
{ "type": "Feature", "properties": { "pid": "CFsynt_004394", "mean_velocity": 18.31, "temporal_coherence": 0.768 }, "geometry": { "type": "Point", "coordinates": [ 14.134208, 40.876403 ] } },
{ "type": "Feature", "properties": { "pid": "CFsynt_004395", "mean_velocity": 66.76, "temporal_coherence": 0.893 }, "geometry": { "type": "Point", "coordinates": [ 14.157338, 40.839304 ] } },
{ "type": "Feature", "properties": { "pid": "CFsynt_004397", "mean_velocity": -2.82, "temporal_coherence": 0.843 }, "geometry": { "type": "Point", "coordinates": [ 14.24939, 40.831371 ] } },
{ "type": "Feature", "properties": { "pid": "CFsynt_004403", "mean_velocity": 24.27, "temporal_coherence": 0.708 }, "geometry": { "type": "Point", "coordinates": [ 14.109209, 40.865251 ] } },
{ "type": "Feature", "properties": { "pid": "CFsynt_004405", "mean_velocity": 8.42, "temporal_coherence": 0.798 }, "geometry": { "type": "Point", "coordinates": [ 14.202708, 40.796175 ] } },
{ "type": "Feature", "properties": { "pid": "CFsynt_004406", "mean_velocity": -0.74, "temporal_coherence": 0.706 }, "geometry": { "type": "Point", "coordinates": [ 14.296574, 40.900766 ] } },
{ "type": "Feature", "properties": { "pid": "CFsynt_004407", "mean_velocity": 11.73, "temporal_coherence": 0.98 }, "geometry": { "type": "Point", "coordinates": [ 14.138926, 40.880933 ] } },
{ "type": "Feature", "properties": { "pid": "CFsynt_004408", "mean_velocity": -0.01, "temporal_coherence": 0.795 }, "geometry": { "type": "Point", "coordinates": [ 14.283757, 40.876494 ] } },
{ "type": "Feature", "properties": { "pid": "CFsynt_004409", "mean_velocity": 18.01, "temporal_coherence": 0.863 }, "geometry": { "type": "Point", "coordinates": [ 14.077394, 40.808058 ] } },
{ "type": "Feature", "properties": { "pid": "CFsynt_004412", "mean_velocity": -3.4, "temporal_coherence": 0.787 }, "geometry": { "type": "Point", "coordinates": [ 14.245322, 40.78339 ] } },
{ "type": "Feature", "properties": { "pid": "CFsynt_004413", "mean_velocity": 7.76, "temporal_coherence": 0.766 }, "geometry": { "type": "Point", "coordinates": [ 14.073689, 40.853285 ] } },
{ "type": "Feature", "properties": { "pid": "CFsynt_004414", "mean_velocity": 48.9, "temporal_coherence": 0.732 }, "geometry": { "type": "Point", "coordinates": [ 14.104536, 40.815741 ] } },
{ "type": "Feature", "properties": { "pid": "CFsynt_004416", "mean_velocity": 30.2, "temporal_coherence": 0.748 }, "geometry": { "type": "Point", "coordinates": [ 14.185068, 40.844867 ] } },
{ "type": "Feature", "properties": { "pid": "CFsynt_004419", "mean_velocity": -1.47, "temporal_coherence": 0.905 }, "geometry": { "type": "Point", "coordinates": [ 14.178092, 40.890546 ] } },
{ "type": "Feature", "properties": { "pid": "CFsynt_004420", "mean_velocity": 32.71, "temporal_coherence": 0.797 }, "geometry": { "type": "Point", "coordinates": [ 14.118437, 40.790871 ] } },
{ "type": "Feature", "properties": { "pid": "CFsynt_004421", "mean_velocity": 11.47, "temporal_coherence": 0.781 }, "geometry": { "type": "Point", "coordinates": [ 14.08229, 40.793806 ] } },
{ "type": "Feature", "properties": { "pid": "CFsynt_004422", "mean_velocity": 14.38, "temporal_coherence": 0.92 }, "geometry": { "type": "Point", "coordinates": [ 14.207942, 40.836285 ] } },
{ "type": "Feature", "properties": { "pid": "CFsynt_004424", "mean_velocity": -3.38, "temporal_coherence": 0.747 }, "geometry": { "type": "Point", "coordinates": [ 14.20174, 40.870984 ] } },
{ "type": "Feature", "properties": { "pid": "CFsynt_004425", "mean_velocity": 71.41, "temporal_coherence": 0.988 }, "geometry": { "type": "Point", "coordinates": [ 14.139987, 40.847425 ] } },
{ "type": "Feature", "properties": { "pid": "CFsynt_004426", "mean_velocity": 1.47, "temporal_coherence": 0.764 }, "geometry": { "type": "Point", "coordinates": [ 14.084156, 40.780061 ] } },
{ "type": "Feature", "properties": { "pid": "CFsynt_004427", "mean_velocity": -6.25, "temporal_coherence": 0.817 }, "geometry": { "type": "Point", "coordinates": [ 14.07005, 40.901253 ] } },
{ "type": "Feature", "properties": { "pid": "CFsynt_004431", "mean_velocity": -4.61, "temporal_coherence": 0.951 }, "geometry": { "type": "Point", "coordinates": [ 14.291567, 40.872752 ] } },
{ "type": "Feature", "properties": { "pid": "CFsynt_004432", "mean_velocity": -4.35, "temporal_coherence": 0.928 }, "geometry": { "type": "Point", "coordinates": [ 14.271095, 40.810913 ] } },
{ "type": "Feature", "properties": { "pid": "CFsynt_004433", "mean_velocity": 66.4, "temporal_coherence": 0.778 }, "geometry": { "type": "Point", "coordinates": [ 14.137881, 40.848987 ] } },
{ "type": "Feature", "properties": { "pid": "CFsynt_004434", "mean_velocity": 23.72, "temporal_coherence": 0.96 }, "geometry": { "type": "Point", "coordinates": [ 14.196992, 40.81359 ] } },
{ "type": "Feature", "properties": { "pid": "CFsynt_004436", "mean_velocity": -5.68, "temporal_coherence": 0.808 }, "geometry": { "type": "Point", "coordinates": [ 14.270334, 40.801552 ] } },
{ "type": "Feature", "properties": { "pid": "CFsynt_004439", "mean_velocity": 73.83, "temporal_coherence": 0.818 }, "geometry": { "type": "Point", "coordinates": [ 14.117518, 40.83578 ] } },
{ "type": "Feature", "properties": { "pid": "CFsynt_004441", "mean_velocity": 79.58, "temporal_coherence": 0.77 }, "geometry": { "type": "Point", "coordinates": [ 14.121259, 40.828586 ] } },
{ "type": "Feature", "properties": { "pid": "CFsynt_004444", "mean_velocity": -4.74, "temporal_coherence": 0.81 }, "geometry": { "type": "Point", "coordinates": [ 14.061794, 40.85806 ] } },
{ "type": "Feature", "properties": { "pid": "CFsynt_004446", "mean_velocity": -2.87, "temporal_coherence": 0.7 }, "geometry": { "type": "Point", "coordinates": [ 14.140591, 40.912612 ] } },
{ "type": "Feature", "properties": { "pid": "CFsynt_004450", "mean_velocity": -2.05, "temporal_coherence": 0.86 }, "geometry": { "type": "Point", "coordinates": [ 14.27425, 40.845642 ] } },
{ "type": "Feature", "properties": { "pid": "CFsynt_004452", "mean_velocity": -0.72, "temporal_coherence": 0.747 }, "geometry": { "type": "Point", "coordinates": [ 14.219487, 40.902214 ] } },
{ "type": "Feature", "properties": { "pid": "CFsynt_004453", "mean_velocity": -2.06, "temporal_coherence": 0.838 }, "geometry": { "type": "Point", "coordinates": [ 14.221531, 40.795574 ] } },
{ "type": "Feature", "properties": { "pid": "CFsynt_004454", "mean_velocity": 40.21, "temporal_coherence": 0.966 }, "geometry": { "type": "Point", "coordinates": [ 14.183114, 40.826974 ] } },
{ "type": "Feature", "properties": { "pid": "CFsynt_004455", "mean_velocity": -1.86, "temporal_coherence": 0.844 }, "geometry": { "type": "Point", "coordinates": [ 14.126939, 40.900443 ] } },
{ "type": "Feature", "properties": { "pid": "CFsynt_004456", "mean_velocity": 10.4, "temporal_coherence": 0.856 }, "geometry": { "type": "Point", "coordinates": [ 14.073204, 40.854877 ] } },
{ "type": "Feature", "properties": { "pid": "CFsynt_004457", "mean_velocity": 10.08, "temporal_coherence": 0.746 }, "geometry": { "type": "Point", "coordinates": [ 14.199378, 40.791409 ] } },
{ "type": "Feature", "properties": { "pid": "CFsynt_004459", "mean_velocity": -3.73, "temporal_coherence": 0.787 }, "geometry": { "type": "Point", "coordinates": [ 14.269106, 40.872668 ] } },
{ "type": "Feature", "properties": { "pid": "CFsynt_004461", "mean_velocity": 9.88, "temporal_coherence": 0.775 }, "geometry": { "type": "Point", "coordinates": [ 14.150279, 40.879126 ] } },
{ "type": "Feature", "properties": { "pid": "CFsynt_004464", "mean_velocity": 20.05, "temporal_coherence": 0.922 }, "geometry": { "type": "Point", "coordinates": [ 14.080726, 40.805156 ] } },
{ "type": "Feature", "properties": { "pid": "CFsynt_004465", "mean_velocity": -2.81, "temporal_coherence": 0.821 }, "geometry": { "type": "Point", "coordinates": [ 14.073879, 40.915189 ] } },
{ "type": "Feature", "properties": { "pid": "CFsynt_004467", "mean_velocity": -6.02, "temporal_coherence": 0.773 }, "geometry": { "type": "Point", "coordinates": [ 14.220973, 40.795931 ] } },
{ "type": "Feature", "properties": { "pid": "CFsynt_004470", "mean_velocity": 2.45, "temporal_coherence": 0.926 }, "geometry": { "type": "Point", "coordinates": [ 14.292629, 40.802448 ] } },
{ "type": "Feature", "properties": { "pid": "CFsynt_004471", "mean_velocity": 25.56, "temporal_coherence": 0.845 }, "geometry": { "type": "Point", "coordinates": [ 14.110799, 40.863187 ] } },
{ "type": "Feature", "properties": { "pid": "CFsynt_004472", "mean_velocity": -2.35, "temporal_coherence": 0.978 }, "geometry": { "type": "Point", "coordinates": [ 14.217891, 40.898122 ] } },
{ "type": "Feature", "properties": { "pid": "CFsynt_004474", "mean_velocity": 52.1, "temporal_coherence": 0.867 }, "geometry": { "type": "Point", "coordinates": [ 14.17374, 40.831581 ] } },
{ "type": "Feature", "properties": { "pid": "CFsynt_004476", "mean_velocity": 30.01, "temporal_coherence": 0.798 }, "geometry": { "type": "Point", "coordinates": [ 14.185533, 40.847115 ] } },
{ "type": "Feature", "properties": { "pid": "CFsynt_004477", "mean_velocity": 44.33, "temporal_coherence": 0.844 }, "geometry": { "type": "Point", "coordinates": [ 14.098972, 40.838081 ] } },
{ "type": "Feature", "properties": { "pid": "CFsynt_004478", "mean_velocity": -7.1, "temporal_coherence": 0.94 }, "geometry": { "type": "Point", "coordinates": [ 14.270264, 40.795456 ] } },
{ "type": "Feature", "properties": { "pid": "CFsynt_004482", "mean_velocity": -0.06, "temporal_coherence": 0.901 }, "geometry": { "type": "Point", "coordinates": [ 14.25922, 40.903234 ] } },
{ "type": "Feature", "properties": { "pid": "CFsynt_004483", "mean_velocity": 7.48, "temporal_coherence": 0.956 }, "geometry": { "type": "Point", "coordinates": [ 14.100032, 40.876229 ] } },
{ "type": "Feature", "properties": { "pid": "CFsynt_004484", "mean_velocity": 0.06, "temporal_coherence": 0.771 }, "geometry": { "type": "Point", "coordinates": [ 14.280691, 40.807059 ] } },
{ "type": "Feature", "properties": { "pid": "CFsynt_004485", "mean_velocity": 14.28, "temporal_coherence": 0.84 }, "geometry": { "type": "Point", "coordinates": [ 14.111258, 40.874328 ] } },
{ "type": "Feature", "properties": { "pid": "CFsynt_004486", "mean_velocity": 0.68, "temporal_coherence": 0.779 }, "geometry": { "type": "Point", "coordinates": [ 14.254991, 40.783156 ] } },
{ "type": "Feature", "properties": { "pid": "CFsynt_004489", "mean_velocity": 10.13, "temporal_coherence": 0.705 }, "geometry": { "type": "Point", "coordinates": [ 14.18475, 40.874547 ] } },
{ "type": "Feature", "properties": { "pid": "CFsynt_004490", "mean_velocity": 30.72, "temporal_coherence": 0.959 }, "geometry": { "type": "Point", "coordinates": [ 14.182227, 40.80558 ] } },
{ "type": "Feature", "properties": { "pid": "CFsynt_004491", "mean_velocity": -3.25, "temporal_coherence": 0.87 }, "geometry": { "type": "Point", "coordinates": [ 14.276625, 40.841006 ] } },
{ "type": "Feature", "properties": { "pid": "CFsynt_004493", "mean_velocity": 10.8, "temporal_coherence": 0.709 }, "geometry": { "type": "Point", "coordinates": [ 14.061091, 40.838971 ] } },
{ "type": "Feature", "properties": { "pid": "CFsynt_004495", "mean_velocity": 0.65, "temporal_coherence": 0.961 }, "geometry": { "type": "Point", "coordinates": [ 14.133703, 40.916386 ] } },
{ "type": "Feature", "properties": { "pid": "CFsynt_004496", "mean_velocity": 61.46, "temporal_coherence": 0.709 }, "geometry": { "type": "Point", "coordinates": [ 14.168886, 40.821948 ] } },
{ "type": "Feature", "properties": { "pid": "CFsynt_004498", "mean_velocity": 0.14, "temporal_coherence": 0.758 }, "geometry": { "type": "Point", "coordinates": [ 14.278297, 40.87889 ] } },
{ "type": "Feature", "properties": { "pid": "CFsynt_004499", "mean_velocity": -2.65, "temporal_coherence": 0.715 }, "geometry": { "type": "Point", "coordinates": [ 14.253462, 40.898818 ] } },
{ "type": "Feature", "properties": { "pid": "CFsynt_004503", "mean_velocity": 19.78, "temporal_coherence": 0.834 }, "geometry": { "type": "Point", "coordinates": [ 14.163515, 40.87098 ] } },
{ "type": "Feature", "properties": { "pid": "CFsynt_004504", "mean_velocity": -5.1, "temporal_coherence": 0.874 }, "geometry": { "type": "Point", "coordinates": [ 14.067887, 40.899518 ] } },
{ "type": "Feature", "properties": { "pid": "CFsynt_004505", "mean_velocity": -3.58, "temporal_coherence": 0.943 }, "geometry": { "type": "Point", "coordinates": [ 14.145267, 40.896089 ] } },
{ "type": "Feature", "properties": { "pid": "CFsynt_004506", "mean_velocity": 31.16, "temporal_coherence": 0.845 }, "geometry": { "type": "Point", "coordinates": [ 14.14938, 40.865063 ] } },
{ "type": "Feature", "properties": { "pid": "CFsynt_004509", "mean_velocity": -3.1, "temporal_coherence": 0.942 }, "geometry": { "type": "Point", "coordinates": [ 14.123206, 40.900786 ] } },
{ "type": "Feature", "properties": { "pid": "CFsynt_004510", "mean_velocity": 8.66, "temporal_coherence": 0.728 }, "geometry": { "type": "Point", "coordinates": [ 14.200806, 40.858888 ] } },
{ "type": "Feature", "properties": { "pid": "CFsynt_004511", "mean_velocity": 2.99, "temporal_coherence": 0.723 }, "geometry": { "type": "Point", "coordinates": [ 14.179562, 40.900888 ] } },
{ "type": "Feature", "properties": { "pid": "CFsynt_004512", "mean_velocity": -3.37, "temporal_coherence": 0.875 }, "geometry": { "type": "Point", "coordinates": [ 14.284454, 40.789302 ] } },
{ "type": "Feature", "properties": { "pid": "CFsynt_004513", "mean_velocity": 10.09, "temporal_coherence": 0.941 }, "geometry": { "type": "Point", "coordinates": [ 14.065384, 40.833336 ] } },
{ "type": "Feature", "properties": { "pid": "CFsynt_004515", "mean_velocity": 29.99, "temporal_coherence": 0.854 }, "geometry": { "type": "Point", "coordinates": [ 14.117093, 40.790888 ] } },
{ "type": "Feature", "properties": { "pid": "CFsynt_004517", "mean_velocity": 14.63, "temporal_coherence": 0.96 }, "geometry": { "type": "Point", "coordinates": [ 14.116577, 40.877624 ] } },
{ "type": "Feature", "properties": { "pid": "CFsynt_004521", "mean_velocity": -2.08, "temporal_coherence": 0.846 }, "geometry": { "type": "Point", "coordinates": [ 14.150002, 40.894897 ] } },
{ "type": "Feature", "properties": { "pid": "CFsynt_004523", "mean_velocity": -0.28, "temporal_coherence": 0.819 }, "geometry": { "type": "Point", "coordinates": [ 14.276663, 40.84647 ] } },
{ "type": "Feature", "properties": { "pid": "CFsynt_004525", "mean_velocity": 32.77, "temporal_coherence": 0.944 }, "geometry": { "type": "Point", "coordinates": [ 14.191787, 40.838057 ] } },
{ "type": "Feature", "properties": { "pid": "CFsynt_004527", "mean_velocity": -3.2, "temporal_coherence": 0.983 }, "geometry": { "type": "Point", "coordinates": [ 14.227603, 40.877448 ] } },
{ "type": "Feature", "properties": { "pid": "CFsynt_004529", "mean_velocity": 19.29, "temporal_coherence": 0.713 }, "geometry": { "type": "Point", "coordinates": [ 14.18972, 40.851669 ] } },
{ "type": "Feature", "properties": { "pid": "CFsynt_004530", "mean_velocity": -0.55, "temporal_coherence": 0.777 }, "geometry": { "type": "Point", "coordinates": [ 14.253477, 40.885211 ] } },
{ "type": "Feature", "properties": { "pid": "CFsynt_004532", "mean_velocity": 5.78, "temporal_coherence": 0.945 }, "geometry": { "type": "Point", "coordinates": [ 14.219652, 40.822037 ] } },
{ "type": "Feature", "properties": { "pid": "CFsynt_004533", "mean_velocity": -1.81, "temporal_coherence": 0.728 }, "geometry": { "type": "Point", "coordinates": [ 14.169629, 40.889075 ] } },
{ "type": "Feature", "properties": { "pid": "CFsynt_004534", "mean_velocity": 19.34, "temporal_coherence": 0.854 }, "geometry": { "type": "Point", "coordinates": [ 14.175916, 40.788273 ] } },
{ "type": "Feature", "properties": { "pid": "CFsynt_004535", "mean_velocity": 8.02, "temporal_coherence": 0.87 }, "geometry": { "type": "Point", "coordinates": [ 14.056116, 40.822701 ] } },
{ "type": "Feature", "properties": { "pid": "CFsynt_004537", "mean_velocity": 0.54, "temporal_coherence": 0.873 }, "geometry": { "type": "Point", "coordinates": [ 14.281049, 40.899597 ] } },
{ "type": "Feature", "properties": { "pid": "CFsynt_004538", "mean_velocity": 8.67, "temporal_coherence": 0.818 }, "geometry": { "type": "Point", "coordinates": [ 14.071015, 40.853332 ] } },
{ "type": "Feature", "properties": { "pid": "CFsynt_004543", "mean_velocity": -4.1, "temporal_coherence": 0.848 }, "geometry": { "type": "Point", "coordinates": [ 14.173107, 40.899128 ] } },
{ "type": "Feature", "properties": { "pid": "CFsynt_004544", "mean_velocity": 63.65, "temporal_coherence": 0.889 }, "geometry": { "type": "Point", "coordinates": [ 14.133101, 40.803765 ] } },
{ "type": "Feature", "properties": { "pid": "CFsynt_004545", "mean_velocity": 0.0, "temporal_coherence": 0.805 }, "geometry": { "type": "Point", "coordinates": [ 14.109714, 40.911708 ] } },
{ "type": "Feature", "properties": { "pid": "CFsynt_004547", "mean_velocity": 54.34, "temporal_coherence": 0.787 }, "geometry": { "type": "Point", "coordinates": [ 14.103153, 40.830937 ] } },
{ "type": "Feature", "properties": { "pid": "CFsynt_004548", "mean_velocity": -0.11, "temporal_coherence": 0.885 }, "geometry": { "type": "Point", "coordinates": [ 14.240455, 40.860149 ] } },
{ "type": "Feature", "properties": { "pid": "CFsynt_004549", "mean_velocity": 35.0, "temporal_coherence": 0.933 }, "geometry": { "type": "Point", "coordinates": [ 14.11229, 40.855906 ] } },
{ "type": "Feature", "properties": { "pid": "CFsynt_004554", "mean_velocity": -2.27, "temporal_coherence": 0.875 }, "geometry": { "type": "Point", "coordinates": [ 14.102609, 40.898457 ] } },
{ "type": "Feature", "properties": { "pid": "CFsynt_004556", "mean_velocity": -7.59, "temporal_coherence": 0.954 }, "geometry": { "type": "Point", "coordinates": [ 14.253228, 40.830929 ] } },
{ "type": "Feature", "properties": { "pid": "CFsynt_004559", "mean_velocity": -5.78, "temporal_coherence": 0.928 }, "geometry": { "type": "Point", "coordinates": [ 14.234084, 40.911716 ] } },
{ "type": "Feature", "properties": { "pid": "CFsynt_004561", "mean_velocity": 30.9, "temporal_coherence": 0.704 }, "geometry": { "type": "Point", "coordinates": [ 14.100361, 40.853347 ] } },
{ "type": "Feature", "properties": { "pid": "CFsynt_004562", "mean_velocity": -2.55, "temporal_coherence": 0.941 }, "geometry": { "type": "Point", "coordinates": [ 14.109529, 40.905704 ] } },
{ "type": "Feature", "properties": { "pid": "CFsynt_004563", "mean_velocity": -3.2, "temporal_coherence": 0.788 }, "geometry": { "type": "Point", "coordinates": [ 14.265923, 40.794568 ] } },
{ "type": "Feature", "properties": { "pid": "CFsynt_004564", "mean_velocity": -4.54, "temporal_coherence": 0.721 }, "geometry": { "type": "Point", "coordinates": [ 14.076515, 40.873216 ] } },
{ "type": "Feature", "properties": { "pid": "CFsynt_004565", "mean_velocity": -5.41, "temporal_coherence": 0.797 }, "geometry": { "type": "Point", "coordinates": [ 14.221569, 40.837514 ] } },
{ "type": "Feature", "properties": { "pid": "CFsynt_004566", "mean_velocity": -3.88, "temporal_coherence": 0.752 }, "geometry": { "type": "Point", "coordinates": [ 14.248958, 40.791395 ] } },
{ "type": "Feature", "properties": { "pid": "CFsynt_004568", "mean_velocity": 30.63, "temporal_coherence": 0.875 }, "geometry": { "type": "Point", "coordinates": [ 14.190591, 40.818443 ] } },
{ "type": "Feature", "properties": { "pid": "CFsynt_004570", "mean_velocity": 30.02, "temporal_coherence": 0.811 }, "geometry": { "type": "Point", "coordinates": [ 14.117998, 40.862408 ] } },
{ "type": "Feature", "properties": { "pid": "CFsynt_004571", "mean_velocity": -3.25, "temporal_coherence": 0.912 }, "geometry": { "type": "Point", "coordinates": [ 14.28414, 40.852612 ] } },
{ "type": "Feature", "properties": { "pid": "CFsynt_004572", "mean_velocity": 20.48, "temporal_coherence": 0.962 }, "geometry": { "type": "Point", "coordinates": [ 14.077197, 40.836195 ] } },
{ "type": "Feature", "properties": { "pid": "CFsynt_004573", "mean_velocity": 89.01, "temporal_coherence": 0.955 }, "geometry": { "type": "Point", "coordinates": [ 14.135616, 40.832121 ] } },
{ "type": "Feature", "properties": { "pid": "CFsynt_004574", "mean_velocity": -3.45, "temporal_coherence": 0.847 }, "geometry": { "type": "Point", "coordinates": [ 14.276114, 40.907234 ] } },
{ "type": "Feature", "properties": { "pid": "CFsynt_004575", "mean_velocity": -7.72, "temporal_coherence": 0.848 }, "geometry": { "type": "Point", "coordinates": [ 14.085286, 40.88195 ] } },
{ "type": "Feature", "properties": { "pid": "CFsynt_004576", "mean_velocity": -3.85, "temporal_coherence": 0.896 }, "geometry": { "type": "Point", "coordinates": [ 14.268198, 40.899264 ] } },
{ "type": "Feature", "properties": { "pid": "CFsynt_004577", "mean_velocity": -3.47, "temporal_coherence": 0.824 }, "geometry": { "type": "Point", "coordinates": [ 14.05293, 40.835795 ] } },
{ "type": "Feature", "properties": { "pid": "CFsynt_004578", "mean_velocity": 43.07, "temporal_coherence": 0.777 }, "geometry": { "type": "Point", "coordinates": [ 14.171876, 40.807059 ] } },
{ "type": "Feature", "properties": { "pid": "CFsynt_004580", "mean_velocity": -0.87, "temporal_coherence": 0.866 }, "geometry": { "type": "Point", "coordinates": [ 14.226592, 40.899798 ] } },
{ "type": "Feature", "properties": { "pid": "CFsynt_004581", "mean_velocity": -2.57, "temporal_coherence": 0.784 }, "geometry": { "type": "Point", "coordinates": [ 14.259274, 40.83475 ] } },
{ "type": "Feature", "properties": { "pid": "CFsynt_004582", "mean_velocity": -0.52, "temporal_coherence": 0.94 }, "geometry": { "type": "Point", "coordinates": [ 14.276459, 40.85166 ] } },
{ "type": "Feature", "properties": { "pid": "CFsynt_004585", "mean_velocity": -6.38, "temporal_coherence": 0.817 }, "geometry": { "type": "Point", "coordinates": [ 14.253028, 40.883102 ] } },
{ "type": "Feature", "properties": { "pid": "CFsynt_004586", "mean_velocity": 14.07, "temporal_coherence": 0.831 }, "geometry": { "type": "Point", "coordinates": [ 14.17667, 40.869572 ] } },
{ "type": "Feature", "properties": { "pid": "CFsynt_004588", "mean_velocity": 0.06, "temporal_coherence": 0.892 }, "geometry": { "type": "Point", "coordinates": [ 14.21669, 40.785003 ] } },
{ "type": "Feature", "properties": { "pid": "CFsynt_004589", "mean_velocity": -1.68, "temporal_coherence": 0.987 }, "geometry": { "type": "Point", "coordinates": [ 14.28623, 40.863233 ] } },
{ "type": "Feature", "properties": { "pid": "CFsynt_004591", "mean_velocity": -3.36, "temporal_coherence": 0.944 }, "geometry": { "type": "Point", "coordinates": [ 14.174054, 40.905425 ] } },
{ "type": "Feature", "properties": { "pid": "CFsynt_004593", "mean_velocity": 29.14, "temporal_coherence": 0.846 }, "geometry": { "type": "Point", "coordinates": [ 14.088789, 40.837108 ] } },
{ "type": "Feature", "properties": { "pid": "CFsynt_004594", "mean_velocity": -1.97, "temporal_coherence": 0.732 }, "geometry": { "type": "Point", "coordinates": [ 14.091289, 40.904402 ] } },
{ "type": "Feature", "properties": { "pid": "CFsynt_004596", "mean_velocity": 51.4, "temporal_coherence": 0.775 }, "geometry": { "type": "Point", "coordinates": [ 14.156037, 40.801001 ] } },
{ "type": "Feature", "properties": { "pid": "CFsynt_004597", "mean_velocity": 20.07, "temporal_coherence": 0.767 }, "geometry": { "type": "Point", "coordinates": [ 14.082726, 40.84505 ] } },
{ "type": "Feature", "properties": { "pid": "CFsynt_004600", "mean_velocity": 1.55, "temporal_coherence": 0.938 }, "geometry": { "type": "Point", "coordinates": [ 14.210695, 40.891573 ] } },
{ "type": "Feature", "properties": { "pid": "CFsynt_004603", "mean_velocity": -2.28, "temporal_coherence": 0.756 }, "geometry": { "type": "Point", "coordinates": [ 14.218993, 40.902483 ] } },
{ "type": "Feature", "properties": { "pid": "CFsynt_004604", "mean_velocity": -1.9, "temporal_coherence": 0.77 }, "geometry": { "type": "Point", "coordinates": [ 14.232977, 40.837733 ] } },
{ "type": "Feature", "properties": { "pid": "CFsynt_004605", "mean_velocity": 20.63, "temporal_coherence": 0.974 }, "geometry": { "type": "Point", "coordinates": [ 14.12333, 40.781355 ] } },
{ "type": "Feature", "properties": { "pid": "CFsynt_004606", "mean_velocity": -3.33, "temporal_coherence": 0.764 }, "geometry": { "type": "Point", "coordinates": [ 14.278576, 40.827206 ] } },
{ "type": "Feature", "properties": { "pid": "CFsynt_004611", "mean_velocity": 40.89, "temporal_coherence": 0.863 }, "geometry": { "type": "Point", "coordinates": [ 14.118057, 40.795001 ] } },
{ "type": "Feature", "properties": { "pid": "CFsynt_004613", "mean_velocity": 21.82, "temporal_coherence": 0.769 }, "geometry": { "type": "Point", "coordinates": [ 14.165435, 40.785545 ] } },
{ "type": "Feature", "properties": { "pid": "CFsynt_004614", "mean_velocity": 36.73, "temporal_coherence": 0.976 }, "geometry": { "type": "Point", "coordinates": [ 14.123707, 40.865145 ] } },
{ "type": "Feature", "properties": { "pid": "CFsynt_004615", "mean_velocity": 69.64, "temporal_coherence": 0.974 }, "geometry": { "type": "Point", "coordinates": [ 14.113165, 40.828085 ] } },
{ "type": "Feature", "properties": { "pid": "CFsynt_004616", "mean_velocity": 9.94, "temporal_coherence": 0.71 }, "geometry": { "type": "Point", "coordinates": [ 14.069448, 40.814362 ] } },
{ "type": "Feature", "properties": { "pid": "CFsynt_004617", "mean_velocity": -3.06, "temporal_coherence": 0.818 }, "geometry": { "type": "Point", "coordinates": [ 14.189302, 40.881929 ] } },
{ "type": "Feature", "properties": { "pid": "CFsynt_004619", "mean_velocity": -5.09, "temporal_coherence": 0.711 }, "geometry": { "type": "Point", "coordinates": [ 14.178534, 40.899974 ] } },
{ "type": "Feature", "properties": { "pid": "CFsynt_004620", "mean_velocity": 27.36, "temporal_coherence": 0.99 }, "geometry": { "type": "Point", "coordinates": [ 14.092454, 40.847509 ] } },
{ "type": "Feature", "properties": { "pid": "CFsynt_004623", "mean_velocity": -2.72, "temporal_coherence": 0.896 }, "geometry": { "type": "Point", "coordinates": [ 14.290884, 40.864059 ] } },
{ "type": "Feature", "properties": { "pid": "CFsynt_004624", "mean_velocity": 8.28, "temporal_coherence": 0.823 }, "geometry": { "type": "Point", "coordinates": [ 14.061689, 40.849395 ] } },
{ "type": "Feature", "properties": { "pid": "CFsynt_004625", "mean_velocity": -3.93, "temporal_coherence": 0.863 }, "geometry": { "type": "Point", "coordinates": [ 14.210627, 40.88291 ] } },
{ "type": "Feature", "properties": { "pid": "CFsynt_004626", "mean_velocity": -5.44, "temporal_coherence": 0.812 }, "geometry": { "type": "Point", "coordinates": [ 14.276344, 40.802688 ] } },
{ "type": "Feature", "properties": { "pid": "CFsynt_004628", "mean_velocity": -1.34, "temporal_coherence": 0.902 }, "geometry": { "type": "Point", "coordinates": [ 14.086592, 40.91392 ] } },
{ "type": "Feature", "properties": { "pid": "CFsynt_004629", "mean_velocity": 18.15, "temporal_coherence": 0.754 }, "geometry": { "type": "Point", "coordinates": [ 14.106856, 40.869307 ] } },
{ "type": "Feature", "properties": { "pid": "CFsynt_004630", "mean_velocity": 23.08, "temporal_coherence": 0.755 }, "geometry": { "type": "Point", "coordinates": [ 14.109151, 40.789678 ] } },
{ "type": "Feature", "properties": { "pid": "CFsynt_004631", "mean_velocity": 65.04, "temporal_coherence": 0.935 }, "geometry": { "type": "Point", "coordinates": [ 14.159688, 40.813649 ] } },
{ "type": "Feature", "properties": { "pid": "CFsynt_004633", "mean_velocity": 15.89, "temporal_coherence": 0.745 }, "geometry": { "type": "Point", "coordinates": [ 14.108669, 40.874196 ] } },
{ "type": "Feature", "properties": { "pid": "CFsynt_004638", "mean_velocity": 12.83, "temporal_coherence": 0.922 }, "geometry": { "type": "Point", "coordinates": [ 14.080996, 40.858601 ] } },
{ "type": "Feature", "properties": { "pid": "CFsynt_004639", "mean_velocity": 41.61, "temporal_coherence": 0.795 }, "geometry": { "type": "Point", "coordinates": [ 14.094069, 40.81569 ] } },
{ "type": "Feature", "properties": { "pid": "CFsynt_004640", "mean_velocity": -2.06, "temporal_coherence": 0.824 }, "geometry": { "type": "Point", "coordinates": [ 14.088193, 40.88565 ] } },
{ "type": "Feature", "properties": { "pid": "CFsynt_004642", "mean_velocity": -0.77, "temporal_coherence": 0.744 }, "geometry": { "type": "Point", "coordinates": [ 14.167393, 40.901502 ] } },
{ "type": "Feature", "properties": { "pid": "CFsynt_004644", "mean_velocity": 12.28, "temporal_coherence": 0.912 }, "geometry": { "type": "Point", "coordinates": [ 14.109153, 40.874634 ] } },
{ "type": "Feature", "properties": { "pid": "CFsynt_004646", "mean_velocity": -2.55, "temporal_coherence": 0.705 }, "geometry": { "type": "Point", "coordinates": [ 14.296335, 40.849627 ] } },
{ "type": "Feature", "properties": { "pid": "CFsynt_004647", "mean_velocity": -2.03, "temporal_coherence": 0.923 }, "geometry": { "type": "Point", "coordinates": [ 14.092372, 40.906937 ] } },
{ "type": "Feature", "properties": { "pid": "CFsynt_004648", "mean_velocity": 61.65, "temporal_coherence": 0.722 }, "geometry": { "type": "Point", "coordinates": [ 14.119901, 40.807762 ] } },
{ "type": "Feature", "properties": { "pid": "CFsynt_004649", "mean_velocity": 45.65, "temporal_coherence": 0.989 }, "geometry": { "type": "Point", "coordinates": [ 14.164474, 40.801653 ] } },
{ "type": "Feature", "properties": { "pid": "CFsynt_004651", "mean_velocity": -3.68, "temporal_coherence": 0.792 }, "geometry": { "type": "Point", "coordinates": [ 14.262767, 40.839997 ] } },
{ "type": "Feature", "properties": { "pid": "CFsynt_004652", "mean_velocity": -0.93, "temporal_coherence": 0.748 }, "geometry": { "type": "Point", "coordinates": [ 14.06661, 40.906983 ] } },
{ "type": "Feature", "properties": { "pid": "CFsynt_004653", "mean_velocity": -2.17, "temporal_coherence": 0.987 }, "geometry": { "type": "Point", "coordinates": [ 14.06609, 40.785863 ] } },
{ "type": "Feature", "properties": { "pid": "CFsynt_004654", "mean_velocity": 84.66, "temporal_coherence": 0.942 }, "geometry": { "type": "Point", "coordinates": [ 14.150852, 40.820425 ] } },
{ "type": "Feature", "properties": { "pid": "CFsynt_004655", "mean_velocity": -2.93, "temporal_coherence": 0.846 }, "geometry": { "type": "Point", "coordinates": [ 14.282328, 40.808258 ] } },
{ "type": "Feature", "properties": { "pid": "CFsynt_004656", "mean_velocity": -3.2, "temporal_coherence": 0.851 }, "geometry": { "type": "Point", "coordinates": [ 14.285805, 40.885616 ] } },
{ "type": "Feature", "properties": { "pid": "CFsynt_004657", "mean_velocity": -1.04, "temporal_coherence": 0.812 }, "geometry": { "type": "Point", "coordinates": [ 14.061136, 40.896679 ] } },
{ "type": "Feature", "properties": { "pid": "CFsynt_004658", "mean_velocity": 21.75, "temporal_coherence": 0.884 }, "geometry": { "type": "Point", "coordinates": [ 14.196546, 40.84208 ] } },
{ "type": "Feature", "properties": { "pid": "CFsynt_004659", "mean_velocity": 12.56, "temporal_coherence": 0.913 }, "geometry": { "type": "Point", "coordinates": [ 14.075146, 40.846045 ] } },
{ "type": "Feature", "properties": { "pid": "CFsynt_004660", "mean_velocity": 0.19, "temporal_coherence": 0.851 }, "geometry": { "type": "Point", "coordinates": [ 14.228977, 40.783766 ] } },
{ "type": "Feature", "properties": { "pid": "CFsynt_004661", "mean_velocity": -1.03, "temporal_coherence": 0.784 }, "geometry": { "type": "Point", "coordinates": [ 14.295766, 40.886329 ] } },
{ "type": "Feature", "properties": { "pid": "CFsynt_004663", "mean_velocity": -3.44, "temporal_coherence": 0.883 }, "geometry": { "type": "Point", "coordinates": [ 14.054094, 40.900026 ] } },
{ "type": "Feature", "properties": { "pid": "CFsynt_004665", "mean_velocity": 22.83, "temporal_coherence": 0.714 }, "geometry": { "type": "Point", "coordinates": [ 14.14847, 40.872162 ] } },
{ "type": "Feature", "properties": { "pid": "CFsynt_004666", "mean_velocity": -5.69, "temporal_coherence": 0.821 }, "geometry": { "type": "Point", "coordinates": [ 14.265161, 40.813092 ] } },
{ "type": "Feature", "properties": { "pid": "CFsynt_004668", "mean_velocity": -1.19, "temporal_coherence": 0.746 }, "geometry": { "type": "Point", "coordinates": [ 14.28372, 40.792368 ] } },
{ "type": "Feature", "properties": { "pid": "CFsynt_004670", "mean_velocity": 9.78, "temporal_coherence": 0.821 }, "geometry": { "type": "Point", "coordinates": [ 14.07568, 40.795268 ] } },
{ "type": "Feature", "properties": { "pid": "CFsynt_004671", "mean_velocity": -1.11, "temporal_coherence": 0.714 }, "geometry": { "type": "Point", "coordinates": [ 14.118879, 40.903209 ] } },
{ "type": "Feature", "properties": { "pid": "CFsynt_004676", "mean_velocity": 3.15, "temporal_coherence": 0.768 }, "geometry": { "type": "Point", "coordinates": [ 14.062296, 40.847374 ] } },
{ "type": "Feature", "properties": { "pid": "CFsynt_004677", "mean_velocity": -0.32, "temporal_coherence": 0.763 }, "geometry": { "type": "Point", "coordinates": [ 14.068392, 40.895023 ] } },
{ "type": "Feature", "properties": { "pid": "CFsynt_004679", "mean_velocity": -0.16, "temporal_coherence": 0.976 }, "geometry": { "type": "Point", "coordinates": [ 14.283644, 40.837078 ] } },
{ "type": "Feature", "properties": { "pid": "CFsynt_004682", "mean_velocity": -5.51, "temporal_coherence": 0.878 }, "geometry": { "type": "Point", "coordinates": [ 14.250421, 40.906559 ] } },
{ "type": "Feature", "properties": { "pid": "CFsynt_004683", "mean_velocity": -4.24, "temporal_coherence": 0.856 }, "geometry": { "type": "Point", "coordinates": [ 14.243774, 40.912688 ] } },
{ "type": "Feature", "properties": { "pid": "CFsynt_004685", "mean_velocity": 51.63, "temporal_coherence": 0.786 }, "geometry": { "type": "Point", "coordinates": [ 14.130882, 40.8555 ] } },
{ "type": "Feature", "properties": { "pid": "CFsynt_004686", "mean_velocity": 0.86, "temporal_coherence": 0.719 }, "geometry": { "type": "Point", "coordinates": [ 14.112798, 40.909018 ] } },
{ "type": "Feature", "properties": { "pid": "CFsynt_004687", "mean_velocity": -2.98, "temporal_coherence": 0.798 }, "geometry": { "type": "Point", "coordinates": [ 14.161394, 40.917191 ] } },
{ "type": "Feature", "properties": { "pid": "CFsynt_004688", "mean_velocity": -4.23, "temporal_coherence": 0.908 }, "geometry": { "type": "Point", "coordinates": [ 14.278407, 40.846487 ] } },
{ "type": "Feature", "properties": { "pid": "CFsynt_004691", "mean_velocity": 37.81, "temporal_coherence": 0.835 }, "geometry": { "type": "Point", "coordinates": [ 14.100923, 40.851885 ] } },
{ "type": "Feature", "properties": { "pid": "CFsynt_004693", "mean_velocity": -0.27, "temporal_coherence": 0.921 }, "geometry": { "type": "Point", "coordinates": [ 14.277813, 40.800409 ] } },
{ "type": "Feature", "properties": { "pid": "CFsynt_004694", "mean_velocity": -2.98, "temporal_coherence": 0.755 }, "geometry": { "type": "Point", "coordinates": [ 14.145986, 40.899752 ] } },
{ "type": "Feature", "properties": { "pid": "CFsynt_004695", "mean_velocity": -2.5, "temporal_coherence": 0.764 }, "geometry": { "type": "Point", "coordinates": [ 14.22389, 40.780008 ] } },
{ "type": "Feature", "properties": { "pid": "CFsynt_004696", "mean_velocity": 72.86, "temporal_coherence": 0.971 }, "geometry": { "type": "Point", "coordinates": [ 14.146061, 40.844564 ] } },
{ "type": "Feature", "properties": { "pid": "CFsynt_004697", "mean_velocity": 18.14, "temporal_coherence": 0.769 }, "geometry": { "type": "Point", "coordinates": [ 14.168763, 40.868873 ] } },
{ "type": "Feature", "properties": { "pid": "CFsynt_004698", "mean_velocity": -3.08, "temporal_coherence": 0.75 }, "geometry": { "type": "Point", "coordinates": [ 14.182224, 40.918102 ] } },
{ "type": "Feature", "properties": { "pid": "CFsynt_004701", "mean_velocity": 75.08, "temporal_coherence": 0.775 }, "geometry": { "type": "Point", "coordinates": [ 14.158866, 40.833385 ] } },
{ "type": "Feature", "properties": { "pid": "CFsynt_004702", "mean_velocity": 25.19, "temporal_coherence": 0.827 }, "geometry": { "type": "Point", "coordinates": [ 14.129271, 40.785605 ] } },
{ "type": "Feature", "properties": { "pid": "CFsynt_004703", "mean_velocity": 13.22, "temporal_coherence": 0.803 }, "geometry": { "type": "Point", "coordinates": [ 14.138341, 40.880537 ] } },
{ "type": "Feature", "properties": { "pid": "CFsynt_004704", "mean_velocity": -1.93, "temporal_coherence": 0.945 }, "geometry": { "type": "Point", "coordinates": [ 14.068828, 40.792632 ] } },
{ "type": "Feature", "properties": { "pid": "CFsynt_004705", "mean_velocity": 32.81, "temporal_coherence": 0.795 }, "geometry": { "type": "Point", "coordinates": [ 14.116112, 40.861037 ] } },
{ "type": "Feature", "properties": { "pid": "CFsynt_004708", "mean_velocity": -3.51, "temporal_coherence": 0.874 }, "geometry": { "type": "Point", "coordinates": [ 14.078534, 40.8762 ] } },
{ "type": "Feature", "properties": { "pid": "CFsynt_004709", "mean_velocity": 11.15, "temporal_coherence": 0.738 }, "geometry": { "type": "Point", "coordinates": [ 14.130458, 40.881964 ] } },
{ "type": "Feature", "properties": { "pid": "CFsynt_004710", "mean_velocity": -0.3, "temporal_coherence": 0.823 }, "geometry": { "type": "Point", "coordinates": [ 14.260138, 40.90947 ] } },
{ "type": "Feature", "properties": { "pid": "CFsynt_004711", "mean_velocity": 44.77, "temporal_coherence": 0.975 }, "geometry": { "type": "Point", "coordinates": [ 14.101319, 40.838297 ] } },
{ "type": "Feature", "properties": { "pid": "CFsynt_004712", "mean_velocity": 14.48, "temporal_coherence": 0.707 }, "geometry": { "type": "Point", "coordinates": [ 14.207449, 40.849552 ] } },
{ "type": "Feature", "properties": { "pid": "CFsynt_004713", "mean_velocity": -2.65, "temporal_coherence": 0.829 }, "geometry": { "type": "Point", "coordinates": [ 14.291343, 40.791675 ] } },
{ "type": "Feature", "properties": { "pid": "CFsynt_004715", "mean_velocity": 25.0, "temporal_coherence": 0.812 }, "geometry": { "type": "Point", "coordinates": [ 14.0862, 40.813236 ] } },
{ "type": "Feature", "properties": { "pid": "CFsynt_004716", "mean_velocity": 60.34, "temporal_coherence": 0.917 }, "geometry": { "type": "Point", "coordinates": [ 14.129982, 40.851372 ] } },
{ "type": "Feature", "properties": { "pid": "CFsynt_004717", "mean_velocity": -2.75, "temporal_coherence": 0.718 }, "geometry": { "type": "Point", "coordinates": [ 14.201207, 40.89798 ] } },
{ "type": "Feature", "properties": { "pid": "CFsynt_004719", "mean_velocity": 6.11, "temporal_coherence": 0.754 }, "geometry": { "type": "Point", "coordinates": [ 14.0731, 40.861505 ] } },
{ "type": "Feature", "properties": { "pid": "CFsynt_004721", "mean_velocity": 30.42, "temporal_coherence": 0.934 }, "geometry": { "type": "Point", "coordinates": [ 14.187489, 40.810289 ] } },
{ "type": "Feature", "properties": { "pid": "CFsynt_004726", "mean_velocity": -3.42, "temporal_coherence": 0.867 }, "geometry": { "type": "Point", "coordinates": [ 14.26324, 40.889573 ] } },
{ "type": "Feature", "properties": { "pid": "CFsynt_004727", "mean_velocity": 17.01, "temporal_coherence": 0.952 }, "geometry": { "type": "Point", "coordinates": [ 14.105193, 40.870134 ] } },
{ "type": "Feature", "properties": { "pid": "CFsynt_004728", "mean_velocity": -1.18, "temporal_coherence": 0.848 }, "geometry": { "type": "Point", "coordinates": [ 14.205501, 40.899861 ] } },
{ "type": "Feature", "properties": { "pid": "CFsynt_004730", "mean_velocity": 49.58, "temporal_coherence": 0.937 }, "geometry": { "type": "Point", "coordinates": [ 14.121773, 40.853475 ] } },
{ "type": "Feature", "properties": { "pid": "CFsynt_004732", "mean_velocity": 6.65, "temporal_coherence": 0.712 }, "geometry": { "type": "Point", "coordinates": [ 14.129546, 40.887691 ] } },
{ "type": "Feature", "properties": { "pid": "CFsynt_004734", "mean_velocity": -2.93, "temporal_coherence": 0.782 }, "geometry": { "type": "Point", "coordinates": [ 14.293697, 40.80645 ] } },
{ "type": "Feature", "properties": { "pid": "CFsynt_004735", "mean_velocity": -3.25, "temporal_coherence": 0.723 }, "geometry": { "type": "Point", "coordinates": [ 14.246324, 40.843424 ] } },
{ "type": "Feature", "properties": { "pid": "CFsynt_004736", "mean_velocity": -4.58, "temporal_coherence": 0.903 }, "geometry": { "type": "Point", "coordinates": [ 14.227722, 40.825029 ] } },
{ "type": "Feature", "properties": { "pid": "CFsynt_004738", "mean_velocity": -2.23, "temporal_coherence": 0.776 }, "geometry": { "type": "Point", "coordinates": [ 14.068049, 40.889852 ] } },
{ "type": "Feature", "properties": { "pid": "CFsynt_004739", "mean_velocity": 7.02, "temporal_coherence": 0.974 }, "geometry": { "type": "Point", "coordinates": [ 14.215119, 40.828113 ] } },
{ "type": "Feature", "properties": { "pid": "CFsynt_004741", "mean_velocity": 0.6, "temporal_coherence": 0.945 }, "geometry": { "type": "Point", "coordinates": [ 14.095435, 40.902139 ] } },
{ "type": "Feature", "properties": { "pid": "CFsynt_004744", "mean_velocity": -4.83, "temporal_coherence": 0.796 }, "geometry": { "type": "Point", "coordinates": [ 14.05076, 40.899114 ] } },
{ "type": "Feature", "properties": { "pid": "CFsynt_004746", "mean_velocity": 54.54, "temporal_coherence": 0.756 }, "geometry": { "type": "Point", "coordinates": [ 14.158522, 40.849427 ] } },
{ "type": "Feature", "properties": { "pid": "CFsynt_004747", "mean_velocity": -4.48, "temporal_coherence": 0.916 }, "geometry": { "type": "Point", "coordinates": [ 14.208967, 40.910395 ] } },
{ "type": "Feature", "properties": { "pid": "CFsynt_004748", "mean_velocity": -1.35, "temporal_coherence": 0.796 }, "geometry": { "type": "Point", "coordinates": [ 14.281977, 40.836461 ] } },
{ "type": "Feature", "properties": { "pid": "CFsynt_004750", "mean_velocity": 30.57, "temporal_coherence": 0.935 }, "geometry": { "type": "Point", "coordinates": [ 14.087035, 40.816322 ] } },
{ "type": "Feature", "properties": { "pid": "CFsynt_004751", "mean_velocity": 34.02, "temporal_coherence": 0.894 }, "geometry": { "type": "Point", "coordinates": [ 14.183642, 40.807736 ] } },
{ "type": "Feature", "properties": { "pid": "CFsynt_004752", "mean_velocity": 8.04, "temporal_coherence": 0.788 }, "geometry": { "type": "Point", "coordinates": [ 14.135591, 40.882591 ] } },
{ "type": "Feature", "properties": { "pid": "CFsynt_004753", "mean_velocity": 26.51, "temporal_coherence": 0.971 }, "geometry": { "type": "Point", "coordinates": [ 14.169936, 40.792197 ] } },
{ "type": "Feature", "properties": { "pid": "CFsynt_004754", "mean_velocity": -1.57, "temporal_coherence": 0.882 }, "geometry": { "type": "Point", "coordinates": [ 14.297996, 40.876059 ] } },
{ "type": "Feature", "properties": { "pid": "CFsynt_004755", "mean_velocity": 30.62, "temporal_coherence": 0.952 }, "geometry": { "type": "Point", "coordinates": [ 14.188019, 40.843874 ] } },
{ "type": "Feature", "properties": { "pid": "CFsynt_004756", "mean_velocity": 1.01, "temporal_coherence": 0.96 }, "geometry": { "type": "Point", "coordinates": [ 14.150385, 40.911139 ] } },
{ "type": "Feature", "properties": { "pid": "CFsynt_004761", "mean_velocity": -3.08, "temporal_coherence": 0.71 }, "geometry": { "type": "Point", "coordinates": [ 14.176089, 40.88351 ] } },
{ "type": "Feature", "properties": { "pid": "CFsynt_004762", "mean_velocity": -2.15, "temporal_coherence": 0.9 }, "geometry": { "type": "Point", "coordinates": [ 14.29737, 40.798632 ] } },
{ "type": "Feature", "properties": { "pid": "CFsynt_004763", "mean_velocity": -4.33, "temporal_coherence": 0.75 }, "geometry": { "type": "Point", "coordinates": [ 14.177124, 40.908195 ] } },
{ "type": "Feature", "properties": { "pid": "CFsynt_004764", "mean_velocity": 17.1, "temporal_coherence": 0.803 }, "geometry": { "type": "Point", "coordinates": [ 14.157138, 40.87443 ] } },
{ "type": "Feature", "properties": { "pid": "CFsynt_004765", "mean_velocity": 51.82, "temporal_coherence": 0.902 }, "geometry": { "type": "Point", "coordinates": [ 14.109022, 40.812941 ] } },
{ "type": "Feature", "properties": { "pid": "CFsynt_004766", "mean_velocity": -3.56, "temporal_coherence": 0.822 }, "geometry": { "type": "Point", "coordinates": [ 14.221057, 40.804842 ] } },
{ "type": "Feature", "properties": { "pid": "CFsynt_004768", "mean_velocity": -0.6, "temporal_coherence": 0.701 }, "geometry": { "type": "Point", "coordinates": [ 14.09216, 40.90413 ] } },
{ "type": "Feature", "properties": { "pid": "CFsynt_004769", "mean_velocity": -0.28, "temporal_coherence": 0.769 }, "geometry": { "type": "Point", "coordinates": [ 14.23573, 40.903309 ] } },
{ "type": "Feature", "properties": { "pid": "CFsynt_004771", "mean_velocity": 83.68, "temporal_coherence": 0.877 }, "geometry": { "type": "Point", "coordinates": [ 14.145227, 40.814412 ] } },
{ "type": "Feature", "properties": { "pid": "CFsynt_004773", "mean_velocity": 28.29, "temporal_coherence": 0.938 }, "geometry": { "type": "Point", "coordinates": [ 14.159509, 40.865405 ] } },
{ "type": "Feature", "properties": { "pid": "CFsynt_004776", "mean_velocity": -0.4, "temporal_coherence": 0.869 }, "geometry": { "type": "Point", "coordinates": [ 14.154877, 40.919407 ] } },
{ "type": "Feature", "properties": { "pid": "CFsynt_004777", "mean_velocity": -2.16, "temporal_coherence": 0.822 }, "geometry": { "type": "Point", "coordinates": [ 14.053757, 40.845779 ] } },
{ "type": "Feature", "properties": { "pid": "CFsynt_004778", "mean_velocity": -2.28, "temporal_coherence": 0.892 }, "geometry": { "type": "Point", "coordinates": [ 14.109943, 40.893946 ] } },
{ "type": "Feature", "properties": { "pid": "CFsynt_004780", "mean_velocity": 61.18, "temporal_coherence": 0.789 }, "geometry": { "type": "Point", "coordinates": [ 14.119498, 40.843697 ] } },
{ "type": "Feature", "properties": { "pid": "CFsynt_004782", "mean_velocity": 0.32, "temporal_coherence": 0.707 }, "geometry": { "type": "Point", "coordinates": [ 14.295728, 40.806686 ] } },
{ "type": "Feature", "properties": { "pid": "CFsynt_004783", "mean_velocity": 17.38, "temporal_coherence": 0.782 }, "geometry": { "type": "Point", "coordinates": [ 14.19974, 40.804964 ] } },
{ "type": "Feature", "properties": { "pid": "CFsynt_004786", "mean_velocity": -5.02, "temporal_coherence": 0.787 }, "geometry": { "type": "Point", "coordinates": [ 14.122481, 40.892796 ] } },
{ "type": "Feature", "properties": { "pid": "CFsynt_004787", "mean_velocity": -4.44, "temporal_coherence": 0.805 }, "geometry": { "type": "Point", "coordinates": [ 14.247383, 40.784686 ] } },
{ "type": "Feature", "properties": { "pid": "CFsynt_004792", "mean_velocity": 37.04, "temporal_coherence": 0.799 }, "geometry": { "type": "Point", "coordinates": [ 14.109527, 40.854154 ] } },
{ "type": "Feature", "properties": { "pid": "CFsynt_004795", "mean_velocity": 11.97, "temporal_coherence": 0.872 }, "geometry": { "type": "Point", "coordinates": [ 14.082622, 40.860647 ] } },
{ "type": "Feature", "properties": { "pid": "CFsynt_004796", "mean_velocity": 10.34, "temporal_coherence": 0.753 }, "geometry": { "type": "Point", "coordinates": [ 14.084384, 40.79298 ] } },
{ "type": "Feature", "properties": { "pid": "CFsynt_004799", "mean_velocity": -4.47, "temporal_coherence": 0.978 }, "geometry": { "type": "Point", "coordinates": [ 14.249821, 40.91629 ] } },
{ "type": "Feature", "properties": { "pid": "CFsynt_004801", "mean_velocity": 30.01, "temporal_coherence": 0.747 }, "geometry": { "type": "Point", "coordinates": [ 14.090531, 40.804918 ] } },
{ "type": "Feature", "properties": { "pid": "CFsynt_004804", "mean_velocity": -3.03, "temporal_coherence": 0.759 }, "geometry": { "type": "Point", "coordinates": [ 14.266285, 40.859015 ] } },
{ "type": "Feature", "properties": { "pid": "CFsynt_004805", "mean_velocity": -2.64, "temporal_coherence": 0.715 }, "geometry": { "type": "Point", "coordinates": [ 14.241608, 40.865208 ] } },
{ "type": "Feature", "properties": { "pid": "CFsynt_004806", "mean_velocity": 75.85, "temporal_coherence": 0.966 }, "geometry": { "type": "Point", "coordinates": [ 14.148494, 40.812374 ] } },
{ "type": "Feature", "properties": { "pid": "CFsynt_004807", "mean_velocity": 15.32, "temporal_coherence": 0.877 }, "geometry": { "type": "Point", "coordinates": [ 14.202464, 40.812762 ] } },
{ "type": "Feature", "properties": { "pid": "CFsynt_004808", "mean_velocity": 53.3, "temporal_coherence": 0.827 }, "geometry": { "type": "Point", "coordinates": [ 14.156511, 40.801234 ] } },
{ "type": "Feature", "properties": { "pid": "CFsynt_004810", "mean_velocity": 45.58, "temporal_coherence": 0.892 }, "geometry": { "type": "Point", "coordinates": [ 14.180077, 40.829997 ] } },
{ "type": "Feature", "properties": { "pid": "CFsynt_004811", "mean_velocity": -0.9, "temporal_coherence": 0.803 }, "geometry": { "type": "Point", "coordinates": [ 14.22748, 40.865348 ] } },
{ "type": "Feature", "properties": { "pid": "CFsynt_004812", "mean_velocity": 43.74, "temporal_coherence": 0.729 }, "geometry": { "type": "Point", "coordinates": [ 14.177236, 40.814283 ] } },
{ "type": "Feature", "properties": { "pid": "CFsynt_004816", "mean_velocity": -5.09, "temporal_coherence": 0.905 }, "geometry": { "type": "Point", "coordinates": [ 14.098548, 40.893971 ] } },
{ "type": "Feature", "properties": { "pid": "CFsynt_004818", "mean_velocity": 26.63, "temporal_coherence": 0.713 }, "geometry": { "type": "Point", "coordinates": [ 14.186766, 40.8077 ] } },
{ "type": "Feature", "properties": { "pid": "CFsynt_004819", "mean_velocity": 28.94, "temporal_coherence": 0.907 }, "geometry": { "type": "Point", "coordinates": [ 14.190192, 40.823908 ] } },
{ "type": "Feature", "properties": { "pid": "CFsynt_004822", "mean_velocity": -0.03, "temporal_coherence": 0.754 }, "geometry": { "type": "Point", "coordinates": [ 14.222822, 40.792966 ] } },
{ "type": "Feature", "properties": { "pid": "CFsynt_004823", "mean_velocity": -3.12, "temporal_coherence": 0.902 }, "geometry": { "type": "Point", "coordinates": [ 14.234169, 40.837407 ] } },
{ "type": "Feature", "properties": { "pid": "CFsynt_004825", "mean_velocity": 14.17, "temporal_coherence": 0.86 }, "geometry": { "type": "Point", "coordinates": [ 14.146629, 40.876822 ] } },
{ "type": "Feature", "properties": { "pid": "CFsynt_004826", "mean_velocity": -1.23, "temporal_coherence": 0.708 }, "geometry": { "type": "Point", "coordinates": [ 14.081888, 40.884308 ] } },
{ "type": "Feature", "properties": { "pid": "CFsynt_004827", "mean_velocity": 54.39, "temporal_coherence": 0.823 }, "geometry": { "type": "Point", "coordinates": [ 14.150056, 40.85475 ] } },
{ "type": "Feature", "properties": { "pid": "CFsynt_004828", "mean_velocity": -4.28, "temporal_coherence": 0.835 }, "geometry": { "type": "Point", "coordinates": [ 14.258177, 40.870016 ] } },
{ "type": "Feature", "properties": { "pid": "CFsynt_004829", "mean_velocity": 0.95, "temporal_coherence": 0.945 }, "geometry": { "type": "Point", "coordinates": [ 14.293602, 40.838016 ] } },
{ "type": "Feature", "properties": { "pid": "CFsynt_004830", "mean_velocity": -1.77, "temporal_coherence": 0.8 }, "geometry": { "type": "Point", "coordinates": [ 14.202148, 40.89687 ] } },
{ "type": "Feature", "properties": { "pid": "CFsynt_004832", "mean_velocity": -1.7, "temporal_coherence": 0.801 }, "geometry": { "type": "Point", "coordinates": [ 14.227864, 40.81632 ] } },
{ "type": "Feature", "properties": { "pid": "CFsynt_004833", "mean_velocity": -1.72, "temporal_coherence": 0.764 }, "geometry": { "type": "Point", "coordinates": [ 14.244642, 40.883197 ] } },
{ "type": "Feature", "properties": { "pid": "CFsynt_004834", "mean_velocity": 84.91, "temporal_coherence": 0.867 }, "geometry": { "type": "Point", "coordinates": [ 14.126342, 40.819336 ] } },
{ "type": "Feature", "properties": { "pid": "CFsynt_004836", "mean_velocity": -1.42, "temporal_coherence": 0.935 }, "geometry": { "type": "Point", "coordinates": [ 14.051372, 40.822102 ] } },
{ "type": "Feature", "properties": { "pid": "CFsynt_004838", "mean_velocity": -0.82, "temporal_coherence": 0.9 }, "geometry": { "type": "Point", "coordinates": [ 14.065662, 40.781957 ] } },
{ "type": "Feature", "properties": { "pid": "CFsynt_004840", "mean_velocity": -2.28, "temporal_coherence": 0.842 }, "geometry": { "type": "Point", "coordinates": [ 14.284889, 40.899582 ] } },
{ "type": "Feature", "properties": { "pid": "CFsynt_004842", "mean_velocity": 39.73, "temporal_coherence": 0.976 }, "geometry": { "type": "Point", "coordinates": [ 14.10973, 40.803962 ] } },
{ "type": "Feature", "properties": { "pid": "CFsynt_004843", "mean_velocity": -2.03, "temporal_coherence": 0.914 }, "geometry": { "type": "Point", "coordinates": [ 14.154432, 40.904953 ] } },
{ "type": "Feature", "properties": { "pid": "CFsynt_004844", "mean_velocity": 51.75, "temporal_coherence": 0.913 }, "geometry": { "type": "Point", "coordinates": [ 14.144504, 40.7986 ] } },
{ "type": "Feature", "properties": { "pid": "CFsynt_004846", "mean_velocity": -2.91, "temporal_coherence": 0.818 }, "geometry": { "type": "Point", "coordinates": [ 14.069991, 40.887196 ] } },
{ "type": "Feature", "properties": { "pid": "CFsynt_004848", "mean_velocity": -3.0, "temporal_coherence": 0.924 }, "geometry": { "type": "Point", "coordinates": [ 14.069615, 40.903872 ] } },
{ "type": "Feature", "properties": { "pid": "CFsynt_004849", "mean_velocity": -2.06, "temporal_coherence": 0.973 }, "geometry": { "type": "Point", "coordinates": [ 14.254873, 40.851158 ] } },
{ "type": "Feature", "properties": { "pid": "CFsynt_004851", "mean_velocity": 1.54, "temporal_coherence": 0.946 }, "geometry": { "type": "Point", "coordinates": [ 14.242098, 40.835692 ] } },
{ "type": "Feature", "properties": { "pid": "CFsynt_004852", "mean_velocity": -3.0, "temporal_coherence": 0.72 }, "geometry": { "type": "Point", "coordinates": [ 14.26362, 40.869193 ] } },
{ "type": "Feature", "properties": { "pid": "CFsynt_004853", "mean_velocity": -1.36, "temporal_coherence": 0.982 }, "geometry": { "type": "Point", "coordinates": [ 14.066345, 40.890424 ] } },
{ "type": "Feature", "properties": { "pid": "CFsynt_004856", "mean_velocity": 17.37, "temporal_coherence": 0.869 }, "geometry": { "type": "Point", "coordinates": [ 14.164284, 40.87354 ] } },
{ "type": "Feature", "properties": { "pid": "CFsynt_004857", "mean_velocity": -1.66, "temporal_coherence": 0.926 }, "geometry": { "type": "Point", "coordinates": [ 14.212768, 40.883542 ] } },
{ "type": "Feature", "properties": { "pid": "CFsynt_004859", "mean_velocity": 46.21, "temporal_coherence": 0.892 }, "geometry": { "type": "Point", "coordinates": [ 14.110826, 40.84874 ] } },
{ "type": "Feature", "properties": { "pid": "CFsynt_004860", "mean_velocity": 54.73, "temporal_coherence": 0.926 }, "geometry": { "type": "Point", "coordinates": [ 14.176565, 40.830384 ] } },
{ "type": "Feature", "properties": { "pid": "CFsynt_004861", "mean_velocity": -4.03, "temporal_coherence": 0.733 }, "geometry": { "type": "Point", "coordinates": [ 14.287003, 40.897228 ] } },
{ "type": "Feature", "properties": { "pid": "CFsynt_004862", "mean_velocity": 57.25, "temporal_coherence": 0.949 }, "geometry": { "type": "Point", "coordinates": [ 14.108717, 40.814002 ] } },
{ "type": "Feature", "properties": { "pid": "CFsynt_004863", "mean_velocity": -4.39, "temporal_coherence": 0.874 }, "geometry": { "type": "Point", "coordinates": [ 14.254805, 40.79745 ] } },
{ "type": "Feature", "properties": { "pid": "CFsynt_004864", "mean_velocity": -0.48, "temporal_coherence": 0.955 }, "geometry": { "type": "Point", "coordinates": [ 14.222042, 40.858249 ] } },
{ "type": "Feature", "properties": { "pid": "CFsynt_004868", "mean_velocity": 6.6, "temporal_coherence": 0.806 }, "geometry": { "type": "Point", "coordinates": [ 14.158333, 40.885102 ] } },
{ "type": "Feature", "properties": { "pid": "CFsynt_004870", "mean_velocity": 69.53, "temporal_coherence": 0.771 }, "geometry": { "type": "Point", "coordinates": [ 14.155692, 40.841844 ] } },
{ "type": "Feature", "properties": { "pid": "CFsynt_004871", "mean_velocity": 14.37, "temporal_coherence": 0.885 }, "geometry": { "type": "Point", "coordinates": [ 14.100916, 40.786471 ] } },
{ "type": "Feature", "properties": { "pid": "CFsynt_004872", "mean_velocity": -2.56, "temporal_coherence": 0.718 }, "geometry": { "type": "Point", "coordinates": [ 14.231805, 40.907255 ] } },
{ "type": "Feature", "properties": { "pid": "CFsynt_004873", "mean_velocity": 14.05, "temporal_coherence": 0.923 }, "geometry": { "type": "Point", "coordinates": [ 14.199497, 40.807058 ] } },
{ "type": "Feature", "properties": { "pid": "CFsynt_004875", "mean_velocity": 15.66, "temporal_coherence": 0.876 }, "geometry": { "type": "Point", "coordinates": [ 14.190782, 40.861388 ] } },
{ "type": "Feature", "properties": { "pid": "CFsynt_004876", "mean_velocity": 26.7, "temporal_coherence": 0.713 }, "geometry": { "type": "Point", "coordinates": [ 14.094351, 40.801874 ] } },
{ "type": "Feature", "properties": { "pid": "CFsynt_004878", "mean_velocity": 90.45, "temporal_coherence": 0.746 }, "geometry": { "type": "Point", "coordinates": [ 14.142375, 40.820369 ] } },
{ "type": "Feature", "properties": { "pid": "CFsynt_004879", "mean_velocity": -2.82, "temporal_coherence": 0.757 }, "geometry": { "type": "Point", "coordinates": [ 14.135406, 40.900305 ] } },
{ "type": "Feature", "properties": { "pid": "CFsynt_004881", "mean_velocity": -1.34, "temporal_coherence": 0.72 }, "geometry": { "type": "Point", "coordinates": [ 14.203083, 40.91426 ] } },
{ "type": "Feature", "properties": { "pid": "CFsynt_004882", "mean_velocity": -4.77, "temporal_coherence": 0.813 }, "geometry": { "type": "Point", "coordinates": [ 14.204773, 40.898121 ] } },
{ "type": "Feature", "properties": { "pid": "CFsynt_004886", "mean_velocity": -3.0, "temporal_coherence": 0.705 }, "geometry": { "type": "Point", "coordinates": [ 14.061626, 40.853781 ] } },
{ "type": "Feature", "properties": { "pid": "CFsynt_004887", "mean_velocity": -0.7, "temporal_coherence": 0.713 }, "geometry": { "type": "Point", "coordinates": [ 14.231561, 40.912986 ] } },
{ "type": "Feature", "properties": { "pid": "CFsynt_004888", "mean_velocity": 91.21, "temporal_coherence": 0.839 }, "geometry": { "type": "Point", "coordinates": [ 14.144212, 40.82793 ] } },
{ "type": "Feature", "properties": { "pid": "CFsynt_004890", "mean_velocity": 37.49, "temporal_coherence": 0.92 }, "geometry": { "type": "Point", "coordinates": [ 14.095257, 40.812494 ] } },
{ "type": "Feature", "properties": { "pid": "CFsynt_004891", "mean_velocity": 45.26, "temporal_coherence": 0.878 }, "geometry": { "type": "Point", "coordinates": [ 14.111352, 40.803546 ] } },
{ "type": "Feature", "properties": { "pid": "CFsynt_004892", "mean_velocity": -7.22, "temporal_coherence": 0.755 }, "geometry": { "type": "Point", "coordinates": [ 14.158211, 40.916611 ] } },
{ "type": "Feature", "properties": { "pid": "CFsynt_004893", "mean_velocity": 51.91, "temporal_coherence": 0.799 }, "geometry": { "type": "Point", "coordinates": [ 14.107927, 40.843492 ] } },
{ "type": "Feature", "properties": { "pid": "CFsynt_004894", "mean_velocity": -7.06, "temporal_coherence": 0.873 }, "geometry": { "type": "Point", "coordinates": [ 14.230678, 40.883038 ] } },
{ "type": "Feature", "properties": { "pid": "CFsynt_004897", "mean_velocity": -1.97, "temporal_coherence": 0.916 }, "geometry": { "type": "Point", "coordinates": [ 14.176848, 40.897016 ] } },
{ "type": "Feature", "properties": { "pid": "CFsynt_004900", "mean_velocity": 21.42, "temporal_coherence": 0.737 }, "geometry": { "type": "Point", "coordinates": [ 14.17466, 40.789136 ] } },
{ "type": "Feature", "properties": { "pid": "CFsynt_004903", "mean_velocity": 0.63, "temporal_coherence": 0.96 }, "geometry": { "type": "Point", "coordinates": [ 14.284731, 40.845863 ] } },
{ "type": "Feature", "properties": { "pid": "CFsynt_004904", "mean_velocity": -1.47, "temporal_coherence": 0.77 }, "geometry": { "type": "Point", "coordinates": [ 14.235948, 40.80416 ] } },
{ "type": "Feature", "properties": { "pid": "CFsynt_004906", "mean_velocity": -3.6, "temporal_coherence": 0.812 }, "geometry": { "type": "Point", "coordinates": [ 14.285036, 40.881954 ] } },
{ "type": "Feature", "properties": { "pid": "CFsynt_004908", "mean_velocity": -2.58, "temporal_coherence": 0.74 }, "geometry": { "type": "Point", "coordinates": [ 14.227922, 40.905705 ] } },
{ "type": "Feature", "properties": { "pid": "CFsynt_004910", "mean_velocity": -3.16, "temporal_coherence": 0.973 }, "geometry": { "type": "Point", "coordinates": [ 14.064967, 40.887866 ] } },
{ "type": "Feature", "properties": { "pid": "CFsynt_004911", "mean_velocity": 23.26, "temporal_coherence": 0.786 }, "geometry": { "type": "Point", "coordinates": [ 14.165026, 40.867273 ] } },
{ "type": "Feature", "properties": { "pid": "CFsynt_004912", "mean_velocity": 10.86, "temporal_coherence": 0.983 }, "geometry": { "type": "Point", "coordinates": [ 14.142344, 40.878263 ] } },
{ "type": "Feature", "properties": { "pid": "CFsynt_004916", "mean_velocity": -3.49, "temporal_coherence": 0.806 }, "geometry": { "type": "Point", "coordinates": [ 14.24716, 40.836808 ] } },
{ "type": "Feature", "properties": { "pid": "CFsynt_004917", "mean_velocity": -3.04, "temporal_coherence": 0.738 }, "geometry": { "type": "Point", "coordinates": [ 14.223698, 40.871074 ] } },
{ "type": "Feature", "properties": { "pid": "CFsynt_004918", "mean_velocity": -3.91, "temporal_coherence": 0.98 }, "geometry": { "type": "Point", "coordinates": [ 14.296916, 40.904505 ] } },
{ "type": "Feature", "properties": { "pid": "CFsynt_004920", "mean_velocity": 51.5, "temporal_coherence": 0.899 }, "geometry": { "type": "Point", "coordinates": [ 14.143005, 40.854863 ] } },
{ "type": "Feature", "properties": { "pid": "CFsynt_004921", "mean_velocity": -2.93, "temporal_coherence": 0.808 }, "geometry": { "type": "Point", "coordinates": [ 14.076675, 40.877518 ] } },
{ "type": "Feature", "properties": { "pid": "CFsynt_004922", "mean_velocity": -3.12, "temporal_coherence": 0.721 }, "geometry": { "type": "Point", "coordinates": [ 14.109971, 40.889097 ] } },
{ "type": "Feature", "properties": { "pid": "CFsynt_004923", "mean_velocity": -2.28, "temporal_coherence": 0.758 }, "geometry": { "type": "Point", "coordinates": [ 14.285135, 40.826382 ] } },
{ "type": "Feature", "properties": { "pid": "CFsynt_004924", "mean_velocity": 58.23, "temporal_coherence": 0.862 }, "geometry": { "type": "Point", "coordinates": [ 14.167571, 40.813216 ] } },
{ "type": "Feature", "properties": { "pid": "CFsynt_004926", "mean_velocity": 16.81, "temporal_coherence": 0.711 }, "geometry": { "type": "Point", "coordinates": [ 14.092672, 40.860407 ] } },
{ "type": "Feature", "properties": { "pid": "CFsynt_004929", "mean_velocity": 69.79, "temporal_coherence": 0.961 }, "geometry": { "type": "Point", "coordinates": [ 14.113141, 40.824794 ] } },
{ "type": "Feature", "properties": { "pid": "CFsynt_004930", "mean_velocity": -4.41, "temporal_coherence": 0.725 }, "geometry": { "type": "Point", "coordinates": [ 14.249738, 40.806414 ] } },
{ "type": "Feature", "properties": { "pid": "CFsynt_004932", "mean_velocity": -0.36, "temporal_coherence": 0.96 }, "geometry": { "type": "Point", "coordinates": [ 14.258393, 40.890496 ] } },
{ "type": "Feature", "properties": { "pid": "CFsynt_004933", "mean_velocity": 39.77, "temporal_coherence": 0.729 }, "geometry": { "type": "Point", "coordinates": [ 14.102764, 40.850961 ] } },
{ "type": "Feature", "properties": { "pid": "CFsynt_004934", "mean_velocity": 10.96, "temporal_coherence": 0.93 }, "geometry": { "type": "Point", "coordinates": [ 14.212998, 40.830025 ] } },
{ "type": "Feature", "properties": { "pid": "CFsynt_004935", "mean_velocity": -0.38, "temporal_coherence": 0.986 }, "geometry": { "type": "Point", "coordinates": [ 14.074583, 40.782284 ] } },
{ "type": "Feature", "properties": { "pid": "CFsynt_004936", "mean_velocity": -4.92, "temporal_coherence": 0.742 }, "geometry": { "type": "Point", "coordinates": [ 14.135501, 40.901325 ] } },
{ "type": "Feature", "properties": { "pid": "CFsynt_004937", "mean_velocity": -2.57, "temporal_coherence": 0.906 }, "geometry": { "type": "Point", "coordinates": [ 14.240064, 40.871144 ] } },
{ "type": "Feature", "properties": { "pid": "CFsynt_004938", "mean_velocity": 9.74, "temporal_coherence": 0.881 }, "geometry": { "type": "Point", "coordinates": [ 14.213184, 40.827839 ] } },
{ "type": "Feature", "properties": { "pid": "CFsynt_004940", "mean_velocity": 0.72, "temporal_coherence": 0.983 }, "geometry": { "type": "Point", "coordinates": [ 14.278919, 40.878741 ] } },
{ "type": "Feature", "properties": { "pid": "CFsynt_004942", "mean_velocity": 12.74, "temporal_coherence": 0.845 }, "geometry": { "type": "Point", "coordinates": [ 14.202613, 40.845394 ] } },
{ "type": "Feature", "properties": { "pid": "CFsynt_004947", "mean_velocity": -3.19, "temporal_coherence": 0.975 }, "geometry": { "type": "Point", "coordinates": [ 14.257096, 40.907402 ] } },
{ "type": "Feature", "properties": { "pid": "CFsynt_004948", "mean_velocity": -1.96, "temporal_coherence": 0.962 }, "geometry": { "type": "Point", "coordinates": [ 14.220122, 40.843233 ] } },
{ "type": "Feature", "properties": { "pid": "CFsynt_004949", "mean_velocity": -4.47, "temporal_coherence": 0.967 }, "geometry": { "type": "Point", "coordinates": [ 14.230428, 40.797854 ] } },
{ "type": "Feature", "properties": { "pid": "CFsynt_004950", "mean_velocity": 44.35, "temporal_coherence": 0.962 }, "geometry": { "type": "Point", "coordinates": [ 14.096065, 40.829019 ] } },
{ "type": "Feature", "properties": { "pid": "CFsynt_004952", "mean_velocity": 47.27, "temporal_coherence": 0.96 }, "geometry": { "type": "Point", "coordinates": [ 14.098994, 40.82544 ] } },
{ "type": "Feature", "properties": { "pid": "CFsynt_004957", "mean_velocity": 23.54, "temporal_coherence": 0.907 }, "geometry": { "type": "Point", "coordinates": [ 14.100466, 40.85991 ] } },
{ "type": "Feature", "properties": { "pid": "CFsynt_004958", "mean_velocity": 65.04, "temporal_coherence": 0.711 }, "geometry": { "type": "Point", "coordinates": [ 14.134662, 40.848538 ] } },
{ "type": "Feature", "properties": { "pid": "CFsynt_004960", "mean_velocity": 11.85, "temporal_coherence": 0.798 }, "geometry": { "type": "Point", "coordinates": [ 14.076037, 40.799272 ] } },
{ "type": "Feature", "properties": { "pid": "CFsynt_004961", "mean_velocity": 9.64, "temporal_coherence": 0.799 }, "geometry": { "type": "Point", "coordinates": [ 14.076131, 40.793755 ] } },
{ "type": "Feature", "properties": { "pid": "CFsynt_004963", "mean_velocity": -0.76, "temporal_coherence": 0.701 }, "geometry": { "type": "Point", "coordinates": [ 14.100672, 40.884055 ] } },
{ "type": "Feature", "properties": { "pid": "CFsynt_004964", "mean_velocity": 26.82, "temporal_coherence": 0.704 }, "geometry": { "type": "Point", "coordinates": [ 14.098341, 40.856535 ] } },
{ "type": "Feature", "properties": { "pid": "CFsynt_004966", "mean_velocity": 59.27, "temporal_coherence": 0.899 }, "geometry": { "type": "Point", "coordinates": [ 14.13743, 40.852383 ] } },
{ "type": "Feature", "properties": { "pid": "CFsynt_004969", "mean_velocity": 15.27, "temporal_coherence": 0.929 }, "geometry": { "type": "Point", "coordinates": [ 14.210158, 40.832833 ] } },
{ "type": "Feature", "properties": { "pid": "CFsynt_004970", "mean_velocity": -2.07, "temporal_coherence": 0.987 }, "geometry": { "type": "Point", "coordinates": [ 14.21173, 40.859199 ] } },
{ "type": "Feature", "properties": { "pid": "CFsynt_004971", "mean_velocity": -5.33, "temporal_coherence": 0.726 }, "geometry": { "type": "Point", "coordinates": [ 14.050532, 40.919506 ] } },
{ "type": "Feature", "properties": { "pid": "CFsynt_004973", "mean_velocity": -3.89, "temporal_coherence": 0.976 }, "geometry": { "type": "Point", "coordinates": [ 14.283114, 40.832016 ] } },
{ "type": "Feature", "properties": { "pid": "CFsynt_004974", "mean_velocity": 7.51, "temporal_coherence": 0.74 }, "geometry": { "type": "Point", "coordinates": [ 14.198828, 40.869451 ] } },
{ "type": "Feature", "properties": { "pid": "CFsynt_004975", "mean_velocity": 68.59, "temporal_coherence": 0.776 }, "geometry": { "type": "Point", "coordinates": [ 14.149473, 40.810256 ] } },
{ "type": "Feature", "properties": { "pid": "CFsynt_004976", "mean_velocity": 64.76, "temporal_coherence": 0.819 }, "geometry": { "type": "Point", "coordinates": [ 14.16488, 40.841195 ] } },
{ "type": "Feature", "properties": { "pid": "CFsynt_004977", "mean_velocity": 18.43, "temporal_coherence": 0.832 }, "geometry": { "type": "Point", "coordinates": [ 14.090401, 40.799579 ] } },
{ "type": "Feature", "properties": { "pid": "CFsynt_004978", "mean_velocity": -2.36, "temporal_coherence": 0.739 }, "geometry": { "type": "Point", "coordinates": [ 14.265446, 40.855665 ] } },
{ "type": "Feature", "properties": { "pid": "CFsynt_004979", "mean_velocity": -6.74, "temporal_coherence": 0.736 }, "geometry": { "type": "Point", "coordinates": [ 14.295061, 40.864083 ] } },
{ "type": "Feature", "properties": { "pid": "CFsynt_004980", "mean_velocity": -2.58, "temporal_coherence": 0.704 }, "geometry": { "type": "Point", "coordinates": [ 14.294093, 40.820811 ] } },
{ "type": "Feature", "properties": { "pid": "CFsynt_004981", "mean_velocity": 32.82, "temporal_coherence": 0.741 }, "geometry": { "type": "Point", "coordinates": [ 14.094941, 40.808981 ] } },
{ "type": "Feature", "properties": { "pid": "CFsynt_004982", "mean_velocity": 28.72, "temporal_coherence": 0.915 }, "geometry": { "type": "Point", "coordinates": [ 14.120115, 40.787185 ] } },
{ "type": "Feature", "properties": { "pid": "CFsynt_004983", "mean_velocity": -3.35, "temporal_coherence": 0.9 }, "geometry": { "type": "Point", "coordinates": [ 14.076581, 40.785118 ] } },
{ "type": "Feature", "properties": { "pid": "CFsynt_004985", "mean_velocity": 49.16, "temporal_coherence": 0.777 }, "geometry": { "type": "Point", "coordinates": [ 14.126514, 40.799895 ] } },
{ "type": "Feature", "properties": { "pid": "CFsynt_004986", "mean_velocity": -3.06, "temporal_coherence": 0.745 }, "geometry": { "type": "Point", "coordinates": [ 14.213601, 40.781236 ] } },
{ "type": "Feature", "properties": { "pid": "CFsynt_004988", "mean_velocity": -1.51, "temporal_coherence": 0.901 }, "geometry": { "type": "Point", "coordinates": [ 14.296625, 40.806785 ] } },
{ "type": "Feature", "properties": { "pid": "CFsynt_004991", "mean_velocity": -1.97, "temporal_coherence": 0.847 }, "geometry": { "type": "Point", "coordinates": [ 14.277934, 40.888713 ] } },
{ "type": "Feature", "properties": { "pid": "CFsynt_004993", "mean_velocity": 37.59, "temporal_coherence": 0.843 }, "geometry": { "type": "Point", "coordinates": [ 14.133054, 40.792546 ] } },
{ "type": "Feature", "properties": { "pid": "CFsynt_004994", "mean_velocity": -1.72, "temporal_coherence": 0.777 }, "geometry": { "type": "Point", "coordinates": [ 14.202695, 40.912469 ] } },
{ "type": "Feature", "properties": { "pid": "CFsynt_004995", "mean_velocity": 0.72, "temporal_coherence": 0.708 }, "geometry": { "type": "Point", "coordinates": [ 14.094828, 40.909035 ] } },
{ "type": "Feature", "properties": { "pid": "CFsynt_004996", "mean_velocity": 18.18, "temporal_coherence": 0.851 }, "geometry": { "type": "Point", "coordinates": [ 14.078833, 40.822943 ] } },
{ "type": "Feature", "properties": { "pid": "CFsynt_004997", "mean_velocity": -1.52, "temporal_coherence": 0.71 }, "geometry": { "type": "Point", "coordinates": [ 14.166633, 40.897493 ] } },
{ "type": "Feature", "properties": { "pid": "CFsynt_005000", "mean_velocity": -1.05, "temporal_coherence": 0.739 }, "geometry": { "type": "Point", "coordinates": [ 14.093263, 40.904508 ] } },
{ "type": "Feature", "properties": { "pid": "CFsynt_005005", "mean_velocity": 16.51, "temporal_coherence": 0.811 }, "geometry": { "type": "Point", "coordinates": [ 14.15748, 40.781584 ] } },
{ "type": "Feature", "properties": { "pid": "CFsynt_005006", "mean_velocity": 0.47, "temporal_coherence": 0.815 }, "geometry": { "type": "Point", "coordinates": [ 14.254467, 40.905328 ] } },
{ "type": "Feature", "properties": { "pid": "CFsynt_005007", "mean_velocity": -1.6, "temporal_coherence": 0.726 }, "geometry": { "type": "Point", "coordinates": [ 14.218726, 40.876548 ] } },
{ "type": "Feature", "properties": { "pid": "CFsynt_005008", "mean_velocity": -4.33, "temporal_coherence": 0.949 }, "geometry": { "type": "Point", "coordinates": [ 14.233546, 40.820989 ] } },
{ "type": "Feature", "properties": { "pid": "CFsynt_005009", "mean_velocity": -1.96, "temporal_coherence": 0.853 }, "geometry": { "type": "Point", "coordinates": [ 14.146823, 40.919125 ] } },
{ "type": "Feature", "properties": { "pid": "CFsynt_005010", "mean_velocity": 22.73, "temporal_coherence": 0.959 }, "geometry": { "type": "Point", "coordinates": [ 14.098134, 40.861802 ] } },
{ "type": "Feature", "properties": { "pid": "CFsynt_005011", "mean_velocity": -0.51, "temporal_coherence": 0.888 }, "geometry": { "type": "Point", "coordinates": [ 14.184216, 40.913527 ] } },
{ "type": "Feature", "properties": { "pid": "CFsynt_005012", "mean_velocity": -4.36, "temporal_coherence": 0.977 }, "geometry": { "type": "Point", "coordinates": [ 14.089266, 40.88062 ] } },
{ "type": "Feature", "properties": { "pid": "CFsynt_005013", "mean_velocity": -8.77, "temporal_coherence": 0.941 }, "geometry": { "type": "Point", "coordinates": [ 14.240606, 40.811933 ] } },
{ "type": "Feature", "properties": { "pid": "CFsynt_005015", "mean_velocity": 27.82, "temporal_coherence": 0.716 }, "geometry": { "type": "Point", "coordinates": [ 14.114466, 40.862781 ] } },
{ "type": "Feature", "properties": { "pid": "CFsynt_005016", "mean_velocity": 33.5, "temporal_coherence": 0.834 }, "geometry": { "type": "Point", "coordinates": [ 14.176898, 40.853016 ] } },
{ "type": "Feature", "properties": { "pid": "CFsynt_005017", "mean_velocity": 60.64, "temporal_coherence": 0.743 }, "geometry": { "type": "Point", "coordinates": [ 14.171146, 40.832632 ] } },
{ "type": "Feature", "properties": { "pid": "CFsynt_005018", "mean_velocity": -0.27, "temporal_coherence": 0.874 }, "geometry": { "type": "Point", "coordinates": [ 14.204246, 40.784542 ] } },
{ "type": "Feature", "properties": { "pid": "CFsynt_005019", "mean_velocity": 12.41, "temporal_coherence": 0.935 }, "geometry": { "type": "Point", "coordinates": [ 14.156859, 40.883518 ] } },
{ "type": "Feature", "properties": { "pid": "CFsynt_005020", "mean_velocity": -0.03, "temporal_coherence": 0.957 }, "geometry": { "type": "Point", "coordinates": [ 14.296647, 40.837544 ] } },
{ "type": "Feature", "properties": { "pid": "CFsynt_005023", "mean_velocity": 0.43, "temporal_coherence": 0.957 }, "geometry": { "type": "Point", "coordinates": [ 14.21256, 40.898175 ] } },
{ "type": "Feature", "properties": { "pid": "CFsynt_005024", "mean_velocity": 6.69, "temporal_coherence": 0.782 }, "geometry": { "type": "Point", "coordinates": [ 14.214152, 40.803649 ] } },
{ "type": "Feature", "properties": { "pid": "CFsynt_005025", "mean_velocity": -5.08, "temporal_coherence": 0.817 }, "geometry": { "type": "Point", "coordinates": [ 14.206668, 40.888876 ] } },
{ "type": "Feature", "properties": { "pid": "CFsynt_005027", "mean_velocity": -2.37, "temporal_coherence": 0.964 }, "geometry": { "type": "Point", "coordinates": [ 14.123411, 40.908752 ] } },
{ "type": "Feature", "properties": { "pid": "CFsynt_005031", "mean_velocity": -7.39, "temporal_coherence": 0.972 }, "geometry": { "type": "Point", "coordinates": [ 14.276976, 40.807371 ] } },
{ "type": "Feature", "properties": { "pid": "CFsynt_005038", "mean_velocity": -0.05, "temporal_coherence": 0.953 }, "geometry": { "type": "Point", "coordinates": [ 14.286509, 40.859519 ] } },
{ "type": "Feature", "properties": { "pid": "CFsynt_005039", "mean_velocity": 2.19, "temporal_coherence": 0.746 }, "geometry": { "type": "Point", "coordinates": [ 14.251267, 40.912593 ] } },
{ "type": "Feature", "properties": { "pid": "CFsynt_005041", "mean_velocity": 15.31, "temporal_coherence": 0.938 }, "geometry": { "type": "Point", "coordinates": [ 14.073716, 40.819098 ] } },
{ "type": "Feature", "properties": { "pid": "CFsynt_005042", "mean_velocity": -5.04, "temporal_coherence": 0.752 }, "geometry": { "type": "Point", "coordinates": [ 14.121707, 40.892953 ] } },
{ "type": "Feature", "properties": { "pid": "CFsynt_005043", "mean_velocity": 78.58, "temporal_coherence": 0.819 }, "geometry": { "type": "Point", "coordinates": [ 14.145406, 40.811367 ] } },
{ "type": "Feature", "properties": { "pid": "CFsynt_005044", "mean_velocity": 16.03, "temporal_coherence": 0.911 }, "geometry": { "type": "Point", "coordinates": [ 14.101278, 40.869972 ] } },
{ "type": "Feature", "properties": { "pid": "CFsynt_005047", "mean_velocity": -4.36, "temporal_coherence": 0.741 }, "geometry": { "type": "Point", "coordinates": [ 14.270884, 40.840769 ] } },
{ "type": "Feature", "properties": { "pid": "CFsynt_005048", "mean_velocity": 20.39, "temporal_coherence": 0.716 }, "geometry": { "type": "Point", "coordinates": [ 14.076144, 40.826556 ] } },
{ "type": "Feature", "properties": { "pid": "CFsynt_005050", "mean_velocity": 8.17, "temporal_coherence": 0.774 }, "geometry": { "type": "Point", "coordinates": [ 14.095402, 40.784015 ] } },
{ "type": "Feature", "properties": { "pid": "CFsynt_005051", "mean_velocity": 85.15, "temporal_coherence": 0.712 }, "geometry": { "type": "Point", "coordinates": [ 14.15229, 40.825685 ] } },
{ "type": "Feature", "properties": { "pid": "CFsynt_005053", "mean_velocity": 12.67, "temporal_coherence": 0.729 }, "geometry": { "type": "Point", "coordinates": [ 14.064883, 40.835386 ] } },
{ "type": "Feature", "properties": { "pid": "CFsynt_005054", "mean_velocity": -2.08, "temporal_coherence": 0.877 }, "geometry": { "type": "Point", "coordinates": [ 14.266878, 40.817113 ] } },
{ "type": "Feature", "properties": { "pid": "CFsynt_005055", "mean_velocity": -3.43, "temporal_coherence": 0.889 }, "geometry": { "type": "Point", "coordinates": [ 14.109659, 40.893044 ] } },
{ "type": "Feature", "properties": { "pid": "CFsynt_005056", "mean_velocity": 21.37, "temporal_coherence": 0.776 }, "geometry": { "type": "Point", "coordinates": [ 14.189288, 40.798805 ] } },
{ "type": "Feature", "properties": { "pid": "CFsynt_005057", "mean_velocity": 25.4, "temporal_coherence": 0.733 }, "geometry": { "type": "Point", "coordinates": [ 14.189394, 40.806132 ] } },
{ "type": "Feature", "properties": { "pid": "CFsynt_005060", "mean_velocity": 21.27, "temporal_coherence": 0.767 }, "geometry": { "type": "Point", "coordinates": [ 14.078899, 40.834634 ] } },
{ "type": "Feature", "properties": { "pid": "CFsynt_005061", "mean_velocity": 7.22, "temporal_coherence": 0.747 }, "geometry": { "type": "Point", "coordinates": [ 14.076746, 40.863815 ] } },
{ "type": "Feature", "properties": { "pid": "CFsynt_005064", "mean_velocity": -3.51, "temporal_coherence": 0.933 }, "geometry": { "type": "Point", "coordinates": [ 14.297357, 40.799932 ] } },
{ "type": "Feature", "properties": { "pid": "CFsynt_005065", "mean_velocity": 48.96, "temporal_coherence": 0.767 }, "geometry": { "type": "Point", "coordinates": [ 14.178757, 40.822133 ] } },
{ "type": "Feature", "properties": { "pid": "CFsynt_005067", "mean_velocity": 78.18, "temporal_coherence": 0.931 }, "geometry": { "type": "Point", "coordinates": [ 14.133672, 40.837686 ] } },
{ "type": "Feature", "properties": { "pid": "CFsynt_005068", "mean_velocity": 62.38, "temporal_coherence": 0.829 }, "geometry": { "type": "Point", "coordinates": [ 14.110111, 40.835209 ] } },
{ "type": "Feature", "properties": { "pid": "CFsynt_005071", "mean_velocity": 17.59, "temporal_coherence": 0.819 }, "geometry": { "type": "Point", "coordinates": [ 14.129657, 40.781114 ] } },
{ "type": "Feature", "properties": { "pid": "CFsynt_005072", "mean_velocity": -1.89, "temporal_coherence": 0.746 }, "geometry": { "type": "Point", "coordinates": [ 14.161298, 40.916938 ] } },
{ "type": "Feature", "properties": { "pid": "CFsynt_005073", "mean_velocity": 49.88, "temporal_coherence": 0.828 }, "geometry": { "type": "Point", "coordinates": [ 14.176663, 40.818889 ] } },
{ "type": "Feature", "properties": { "pid": "CFsynt_005075", "mean_velocity": 36.19, "temporal_coherence": 0.853 }, "geometry": { "type": "Point", "coordinates": [ 14.094764, 40.816741 ] } },
{ "type": "Feature", "properties": { "pid": "CFsynt_005077", "mean_velocity": 11.55, "temporal_coherence": 0.836 }, "geometry": { "type": "Point", "coordinates": [ 14.073358, 40.853608 ] } },
{ "type": "Feature", "properties": { "pid": "CFsynt_005078", "mean_velocity": 56.29, "temporal_coherence": 0.84 }, "geometry": { "type": "Point", "coordinates": [ 14.1315, 40.801016 ] } },
{ "type": "Feature", "properties": { "pid": "CFsynt_005079", "mean_velocity": -4.26, "temporal_coherence": 0.731 }, "geometry": { "type": "Point", "coordinates": [ 14.23802, 40.895538 ] } },
{ "type": "Feature", "properties": { "pid": "CFsynt_005080", "mean_velocity": -2.23, "temporal_coherence": 0.835 }, "geometry": { "type": "Point", "coordinates": [ 14.080594, 40.878315 ] } },
{ "type": "Feature", "properties": { "pid": "CFsynt_005081", "mean_velocity": -0.73, "temporal_coherence": 0.722 }, "geometry": { "type": "Point", "coordinates": [ 14.198592, 40.883564 ] } },
{ "type": "Feature", "properties": { "pid": "CFsynt_005082", "mean_velocity": 39.6, "temporal_coherence": 0.824 }, "geometry": { "type": "Point", "coordinates": [ 14.150843, 40.794828 ] } },
{ "type": "Feature", "properties": { "pid": "CFsynt_005086", "mean_velocity": -0.19, "temporal_coherence": 0.906 }, "geometry": { "type": "Point", "coordinates": [ 14.257339, 40.891718 ] } },
{ "type": "Feature", "properties": { "pid": "CFsynt_005087", "mean_velocity": 32.91, "temporal_coherence": 0.829 }, "geometry": { "type": "Point", "coordinates": [ 14.150731, 40.866274 ] } },
{ "type": "Feature", "properties": { "pid": "CFsynt_005089", "mean_velocity": 24.2, "temporal_coherence": 0.826 }, "geometry": { "type": "Point", "coordinates": [ 14.114236, 40.866076 ] } },
{ "type": "Feature", "properties": { "pid": "CFsynt_005090", "mean_velocity": 43.89, "temporal_coherence": 0.769 }, "geometry": { "type": "Point", "coordinates": [ 14.149547, 40.859495 ] } },
{ "type": "Feature", "properties": { "pid": "CFsynt_005091", "mean_velocity": -2.87, "temporal_coherence": 0.942 }, "geometry": { "type": "Point", "coordinates": [ 14.250071, 40.802717 ] } },
{ "type": "Feature", "properties": { "pid": "CFsynt_005092", "mean_velocity": 6.21, "temporal_coherence": 0.905 }, "geometry": { "type": "Point", "coordinates": [ 14.129664, 40.88206 ] } },
{ "type": "Feature", "properties": { "pid": "CFsynt_005093", "mean_velocity": 89.4, "temporal_coherence": 0.802 }, "geometry": { "type": "Point", "coordinates": [ 14.135664, 40.827436 ] } },
{ "type": "Feature", "properties": { "pid": "CFsynt_005095", "mean_velocity": -1.02, "temporal_coherence": 0.939 }, "geometry": { "type": "Point", "coordinates": [ 14.191128, 40.906891 ] } },
{ "type": "Feature", "properties": { "pid": "CFsynt_005097", "mean_velocity": -3.04, "temporal_coherence": 0.704 }, "geometry": { "type": "Point", "coordinates": [ 14.216604, 40.881014 ] } },
{ "type": "Feature", "properties": { "pid": "CFsynt_005098", "mean_velocity": -0.55, "temporal_coherence": 0.746 }, "geometry": { "type": "Point", "coordinates": [ 14.270098, 40.78821 ] } },
{ "type": "Feature", "properties": { "pid": "CFsynt_005099", "mean_velocity": -2.62, "temporal_coherence": 0.705 }, "geometry": { "type": "Point", "coordinates": [ 14.279929, 40.837863 ] } },
{ "type": "Feature", "properties": { "pid": "CFsynt_005100", "mean_velocity": -5.56, "temporal_coherence": 0.924 }, "geometry": { "type": "Point", "coordinates": [ 14.193344, 40.914636 ] } },
{ "type": "Feature", "properties": { "pid": "CFsynt_005103", "mean_velocity": -0.32, "temporal_coherence": 0.826 }, "geometry": { "type": "Point", "coordinates": [ 14.208177, 40.870271 ] } },
{ "type": "Feature", "properties": { "pid": "CFsynt_005104", "mean_velocity": -5.29, "temporal_coherence": 0.9 }, "geometry": { "type": "Point", "coordinates": [ 14.269386, 40.916155 ] } },
{ "type": "Feature", "properties": { "pid": "CFsynt_005105", "mean_velocity": 30.74, "temporal_coherence": 0.969 }, "geometry": { "type": "Point", "coordinates": [ 14.160657, 40.791092 ] } },
{ "type": "Feature", "properties": { "pid": "CFsynt_005106", "mean_velocity": -1.48, "temporal_coherence": 0.861 }, "geometry": { "type": "Point", "coordinates": [ 14.077765, 40.903962 ] } },
{ "type": "Feature", "properties": { "pid": "CFsynt_005107", "mean_velocity": 60.85, "temporal_coherence": 0.951 }, "geometry": { "type": "Point", "coordinates": [ 14.113544, 40.841022 ] } },
{ "type": "Feature", "properties": { "pid": "CFsynt_005108", "mean_velocity": 43.98, "temporal_coherence": 0.841 }, "geometry": { "type": "Point", "coordinates": [ 14.177897, 40.837156 ] } },
{ "type": "Feature", "properties": { "pid": "CFsynt_005109", "mean_velocity": -7.27, "temporal_coherence": 0.791 }, "geometry": { "type": "Point", "coordinates": [ 14.272638, 40.825121 ] } },
{ "type": "Feature", "properties": { "pid": "CFsynt_005110", "mean_velocity": 25.75, "temporal_coherence": 0.707 }, "geometry": { "type": "Point", "coordinates": [ 14.079808, 40.829403 ] } },
{ "type": "Feature", "properties": { "pid": "CFsynt_005111", "mean_velocity": 9.3, "temporal_coherence": 0.711 }, "geometry": { "type": "Point", "coordinates": [ 14.207523, 40.853593 ] } },
{ "type": "Feature", "properties": { "pid": "CFsynt_005114", "mean_velocity": -1.31, "temporal_coherence": 0.921 }, "geometry": { "type": "Point", "coordinates": [ 14.063844, 40.877357 ] } },
{ "type": "Feature", "properties": { "pid": "CFsynt_005115", "mean_velocity": -3.14, "temporal_coherence": 0.842 }, "geometry": { "type": "Point", "coordinates": [ 14.298654, 40.849675 ] } },
{ "type": "Feature", "properties": { "pid": "CFsynt_005116", "mean_velocity": 7.52, "temporal_coherence": 0.934 }, "geometry": { "type": "Point", "coordinates": [ 14.204426, 40.789849 ] } },
{ "type": "Feature", "properties": { "pid": "CFsynt_005117", "mean_velocity": 0.37, "temporal_coherence": 0.929 }, "geometry": { "type": "Point", "coordinates": [ 14.252343, 40.825349 ] } },
{ "type": "Feature", "properties": { "pid": "CFsynt_005119", "mean_velocity": 11.11, "temporal_coherence": 0.705 }, "geometry": { "type": "Point", "coordinates": [ 14.176783, 40.880397 ] } },
{ "type": "Feature", "properties": { "pid": "CFsynt_005121", "mean_velocity": 34.83, "temporal_coherence": 0.955 }, "geometry": { "type": "Point", "coordinates": [ 14.118982, 40.859068 ] } },
{ "type": "Feature", "properties": { "pid": "CFsynt_005126", "mean_velocity": 81.38, "temporal_coherence": 0.814 }, "geometry": { "type": "Point", "coordinates": [ 14.15745, 40.823773 ] } },
{ "type": "Feature", "properties": { "pid": "CFsynt_005127", "mean_velocity": 24.86, "temporal_coherence": 0.873 }, "geometry": { "type": "Point", "coordinates": [ 14.092007, 40.800112 ] } },
{ "type": "Feature", "properties": { "pid": "CFsynt_005130", "mean_velocity": 53.57, "temporal_coherence": 0.965 }, "geometry": { "type": "Point", "coordinates": [ 14.116898, 40.803288 ] } },
{ "type": "Feature", "properties": { "pid": "CFsynt_005131", "mean_velocity": 16.98, "temporal_coherence": 0.842 }, "geometry": { "type": "Point", "coordinates": [ 14.080804, 40.810884 ] } },
{ "type": "Feature", "properties": { "pid": "CFsynt_005132", "mean_velocity": 21.16, "temporal_coherence": 0.936 }, "geometry": { "type": "Point", "coordinates": [ 14.093656, 40.792723 ] } },
{ "type": "Feature", "properties": { "pid": "CFsynt_005134", "mean_velocity": -2.65, "temporal_coherence": 0.766 }, "geometry": { "type": "Point", "coordinates": [ 14.283607, 40.900586 ] } },
{ "type": "Feature", "properties": { "pid": "CFsynt_005138", "mean_velocity": 36.64, "temporal_coherence": 0.862 }, "geometry": { "type": "Point", "coordinates": [ 14.095943, 40.846226 ] } },
{ "type": "Feature", "properties": { "pid": "CFsynt_005139", "mean_velocity": 0.28, "temporal_coherence": 0.858 }, "geometry": { "type": "Point", "coordinates": [ 14.274404, 40.790697 ] } },
{ "type": "Feature", "properties": { "pid": "CFsynt_005140", "mean_velocity": 12.08, "temporal_coherence": 0.977 }, "geometry": { "type": "Point", "coordinates": [ 14.210229, 40.818838 ] } },
{ "type": "Feature", "properties": { "pid": "CFsynt_005141", "mean_velocity": 23.45, "temporal_coherence": 0.879 }, "geometry": { "type": "Point", "coordinates": [ 14.193258, 40.812641 ] } },
{ "type": "Feature", "properties": { "pid": "CFsynt_005144", "mean_velocity": 26.91, "temporal_coherence": 0.874 }, "geometry": { "type": "Point", "coordinates": [ 14.126042, 40.785568 ] } },
{ "type": "Feature", "properties": { "pid": "CFsynt_005145", "mean_velocity": -1.02, "temporal_coherence": 0.844 }, "geometry": { "type": "Point", "coordinates": [ 14.272134, 40.882919 ] } },
{ "type": "Feature", "properties": { "pid": "CFsynt_005146", "mean_velocity": -4.16, "temporal_coherence": 0.835 }, "geometry": { "type": "Point", "coordinates": [ 14.289812, 40.78222 ] } },
{ "type": "Feature", "properties": { "pid": "CFsynt_005149", "mean_velocity": 5.78, "temporal_coherence": 0.979 }, "geometry": { "type": "Point", "coordinates": [ 14.110273, 40.884321 ] } },
{ "type": "Feature", "properties": { "pid": "CFsynt_005150", "mean_velocity": -0.57, "temporal_coherence": 0.919 }, "geometry": { "type": "Point", "coordinates": [ 14.220946, 40.785079 ] } },
{ "type": "Feature", "properties": { "pid": "CFsynt_005151", "mean_velocity": -4.67, "temporal_coherence": 0.977 }, "geometry": { "type": "Point", "coordinates": [ 14.055509, 40.786335 ] } },
{ "type": "Feature", "properties": { "pid": "CFsynt_005152", "mean_velocity": 43.67, "temporal_coherence": 0.735 }, "geometry": { "type": "Point", "coordinates": [ 14.167441, 40.801454 ] } },
{ "type": "Feature", "properties": { "pid": "CFsynt_005153", "mean_velocity": -6.46, "temporal_coherence": 0.958 }, "geometry": { "type": "Point", "coordinates": [ 14.093026, 40.895164 ] } },
{ "type": "Feature", "properties": { "pid": "CFsynt_005157", "mean_velocity": -1.72, "temporal_coherence": 0.979 }, "geometry": { "type": "Point", "coordinates": [ 14.200964, 40.917737 ] } },
{ "type": "Feature", "properties": { "pid": "CFsynt_005158", "mean_velocity": 33.4, "temporal_coherence": 0.977 }, "geometry": { "type": "Point", "coordinates": [ 14.162017, 40.793267 ] } },
{ "type": "Feature", "properties": { "pid": "CFsynt_005159", "mean_velocity": 60.4, "temporal_coherence": 0.778 }, "geometry": { "type": "Point", "coordinates": [ 14.117513, 40.807762 ] } },
{ "type": "Feature", "properties": { "pid": "CFsynt_005162", "mean_velocity": 8.79, "temporal_coherence": 0.832 }, "geometry": { "type": "Point", "coordinates": [ 14.066439, 40.805002 ] } },
{ "type": "Feature", "properties": { "pid": "CFsynt_005164", "mean_velocity": -3.1, "temporal_coherence": 0.858 }, "geometry": { "type": "Point", "coordinates": [ 14.218166, 40.908975 ] } },
{ "type": "Feature", "properties": { "pid": "CFsynt_005165", "mean_velocity": -2.0, "temporal_coherence": 0.955 }, "geometry": { "type": "Point", "coordinates": [ 14.242712, 40.865912 ] } },
{ "type": "Feature", "properties": { "pid": "CFsynt_005167", "mean_velocity": -0.28, "temporal_coherence": 0.975 }, "geometry": { "type": "Point", "coordinates": [ 14.246422, 40.91906 ] } },
{ "type": "Feature", "properties": { "pid": "CFsynt_005168", "mean_velocity": -2.31, "temporal_coherence": 0.948 }, "geometry": { "type": "Point", "coordinates": [ 14.066004, 40.890997 ] } },
{ "type": "Feature", "properties": { "pid": "CFsynt_005169", "mean_velocity": -1.75, "temporal_coherence": 0.871 }, "geometry": { "type": "Point", "coordinates": [ 14.126226, 40.901823 ] } },
{ "type": "Feature", "properties": { "pid": "CFsynt_005171", "mean_velocity": -0.61, "temporal_coherence": 0.976 }, "geometry": { "type": "Point", "coordinates": [ 14.211448, 40.887541 ] } },
{ "type": "Feature", "properties": { "pid": "CFsynt_005172", "mean_velocity": -3.66, "temporal_coherence": 0.779 }, "geometry": { "type": "Point", "coordinates": [ 14.272791, 40.904826 ] } },
{ "type": "Feature", "properties": { "pid": "CFsynt_005174", "mean_velocity": 12.32, "temporal_coherence": 0.873 }, "geometry": { "type": "Point", "coordinates": [ 14.080574, 40.864485 ] } },
{ "type": "Feature", "properties": { "pid": "CFsynt_005176", "mean_velocity": 29.73, "temporal_coherence": 0.892 }, "geometry": { "type": "Point", "coordinates": [ 14.085713, 40.836571 ] } },
{ "type": "Feature", "properties": { "pid": "CFsynt_005179", "mean_velocity": 12.71, "temporal_coherence": 0.824 }, "geometry": { "type": "Point", "coordinates": [ 14.183211, 40.867956 ] } },
{ "type": "Feature", "properties": { "pid": "CFsynt_005180", "mean_velocity": -0.94, "temporal_coherence": 0.81 }, "geometry": { "type": "Point", "coordinates": [ 14.220789, 40.800911 ] } },
{ "type": "Feature", "properties": { "pid": "CFsynt_005185", "mean_velocity": -5.29, "temporal_coherence": 0.821 }, "geometry": { "type": "Point", "coordinates": [ 14.281189, 40.831563 ] } },
{ "type": "Feature", "properties": { "pid": "CFsynt_005187", "mean_velocity": 24.85, "temporal_coherence": 0.805 }, "geometry": { "type": "Point", "coordinates": [ 14.183838, 40.850302 ] } },
{ "type": "Feature", "properties": { "pid": "CFsynt_005188", "mean_velocity": -3.33, "temporal_coherence": 0.827 }, "geometry": { "type": "Point", "coordinates": [ 14.289526, 40.799718 ] } },
{ "type": "Feature", "properties": { "pid": "CFsynt_005189", "mean_velocity": 24.51, "temporal_coherence": 0.789 }, "geometry": { "type": "Point", "coordinates": [ 14.196022, 40.823658 ] } },
{ "type": "Feature", "properties": { "pid": "CFsynt_005190", "mean_velocity": 16.08, "temporal_coherence": 0.884 }, "geometry": { "type": "Point", "coordinates": [ 14.206441, 40.833465 ] } },
{ "type": "Feature", "properties": { "pid": "CFsynt_005191", "mean_velocity": -2.56, "temporal_coherence": 0.842 }, "geometry": { "type": "Point", "coordinates": [ 14.227667, 40.781112 ] } },
{ "type": "Feature", "properties": { "pid": "CFsynt_005192", "mean_velocity": -0.81, "temporal_coherence": 0.864 }, "geometry": { "type": "Point", "coordinates": [ 14.065499, 40.878943 ] } },
{ "type": "Feature", "properties": { "pid": "CFsynt_005193", "mean_velocity": -2.41, "temporal_coherence": 0.924 }, "geometry": { "type": "Point", "coordinates": [ 14.225729, 40.86659 ] } },
{ "type": "Feature", "properties": { "pid": "CFsynt_005194", "mean_velocity": -2.47, "temporal_coherence": 0.95 }, "geometry": { "type": "Point", "coordinates": [ 14.285303, 40.87659 ] } },
{ "type": "Feature", "properties": { "pid": "CFsynt_005197", "mean_velocity": 33.54, "temporal_coherence": 0.98 }, "geometry": { "type": "Point", "coordinates": [ 14.129906, 40.791403 ] } },
{ "type": "Feature", "properties": { "pid": "CFsynt_005198", "mean_velocity": -1.9, "temporal_coherence": 0.819 }, "geometry": { "type": "Point", "coordinates": [ 14.24846, 40.789803 ] } },
{ "type": "Feature", "properties": { "pid": "CFsynt_005201", "mean_velocity": -2.54, "temporal_coherence": 0.955 }, "geometry": { "type": "Point", "coordinates": [ 14.079926, 40.781625 ] } },
{ "type": "Feature", "properties": { "pid": "CFsynt_005202", "mean_velocity": -2.48, "temporal_coherence": 0.791 }, "geometry": { "type": "Point", "coordinates": [ 14.079367, 40.880275 ] } },
{ "type": "Feature", "properties": { "pid": "CFsynt_005203", "mean_velocity": 30.58, "temporal_coherence": 0.703 }, "geometry": { "type": "Point", "coordinates": [ 14.163161, 40.79211 ] } },
{ "type": "Feature", "properties": { "pid": "CFsynt_005207", "mean_velocity": -1.96, "temporal_coherence": 0.793 }, "geometry": { "type": "Point", "coordinates": [ 14.299667, 40.876187 ] } },
{ "type": "Feature", "properties": { "pid": "CFsynt_005208", "mean_velocity": -2.46, "temporal_coherence": 0.751 }, "geometry": { "type": "Point", "coordinates": [ 14.051159, 40.906146 ] } },
{ "type": "Feature", "properties": { "pid": "CFsynt_005209", "mean_velocity": -2.79, "temporal_coherence": 0.96 }, "geometry": { "type": "Point", "coordinates": [ 14.051222, 40.783141 ] } },
{ "type": "Feature", "properties": { "pid": "CFsynt_005214", "mean_velocity": 31.68, "temporal_coherence": 0.958 }, "geometry": { "type": "Point", "coordinates": [ 14.147376, 40.78807 ] } },
{ "type": "Feature", "properties": { "pid": "CFsynt_005216", "mean_velocity": -1.7, "temporal_coherence": 0.881 }, "geometry": { "type": "Point", "coordinates": [ 14.138783, 40.919698 ] } },
{ "type": "Feature", "properties": { "pid": "CFsynt_005218", "mean_velocity": 46.35, "temporal_coherence": 0.818 }, "geometry": { "type": "Point", "coordinates": [ 14.114926, 40.854203 ] } },
{ "type": "Feature", "properties": { "pid": "CFsynt_005219", "mean_velocity": -1.65, "temporal_coherence": 0.724 }, "geometry": { "type": "Point", "coordinates": [ 14.065575, 40.898364 ] } },
{ "type": "Feature", "properties": { "pid": "CFsynt_005220", "mean_velocity": 12.86, "temporal_coherence": 0.775 }, "geometry": { "type": "Point", "coordinates": [ 14.059687, 40.82687 ] } },
{ "type": "Feature", "properties": { "pid": "CFsynt_005221", "mean_velocity": -2.4, "temporal_coherence": 0.975 }, "geometry": { "type": "Point", "coordinates": [ 14.19265, 40.876838 ] } },
{ "type": "Feature", "properties": { "pid": "CFsynt_005225", "mean_velocity": 53.94, "temporal_coherence": 0.741 }, "geometry": { "type": "Point", "coordinates": [ 14.158262, 40.804691 ] } },
{ "type": "Feature", "properties": { "pid": "CFsynt_005226", "mean_velocity": 12.99, "temporal_coherence": 0.901 }, "geometry": { "type": "Point", "coordinates": [ 14.069914, 40.812801 ] } },
{ "type": "Feature", "properties": { "pid": "CFsynt_005228", "mean_velocity": -1.6, "temporal_coherence": 0.866 }, "geometry": { "type": "Point", "coordinates": [ 14.085963, 40.881339 ] } },
{ "type": "Feature", "properties": { "pid": "CFsynt_005233", "mean_velocity": -1.57, "temporal_coherence": 0.963 }, "geometry": { "type": "Point", "coordinates": [ 14.147458, 40.908635 ] } },
{ "type": "Feature", "properties": { "pid": "CFsynt_005234", "mean_velocity": -5.08, "temporal_coherence": 0.794 }, "geometry": { "type": "Point", "coordinates": [ 14.23662, 40.893248 ] } },
{ "type": "Feature", "properties": { "pid": "CFsynt_005235", "mean_velocity": -0.31, "temporal_coherence": 0.761 }, "geometry": { "type": "Point", "coordinates": [ 14.211807, 40.866517 ] } },
{ "type": "Feature", "properties": { "pid": "CFsynt_005237", "mean_velocity": -1.01, "temporal_coherence": 0.72 }, "geometry": { "type": "Point", "coordinates": [ 14.06123, 40.896284 ] } },
{ "type": "Feature", "properties": { "pid": "CFsynt_005238", "mean_velocity": -1.39, "temporal_coherence": 0.745 }, "geometry": { "type": "Point", "coordinates": [ 14.156907, 40.893174 ] } },
{ "type": "Feature", "properties": { "pid": "CFsynt_005239", "mean_velocity": 9.38, "temporal_coherence": 0.791 }, "geometry": { "type": "Point", "coordinates": [ 14.1938, 40.784692 ] } },
{ "type": "Feature", "properties": { "pid": "CFsynt_005240", "mean_velocity": 1.21, "temporal_coherence": 0.753 }, "geometry": { "type": "Point", "coordinates": [ 14.070225, 40.902674 ] } },
{ "type": "Feature", "properties": { "pid": "CFsynt_005242", "mean_velocity": 54.39, "temporal_coherence": 0.831 }, "geometry": { "type": "Point", "coordinates": [ 14.118723, 40.850098 ] } },
{ "type": "Feature", "properties": { "pid": "CFsynt_005243", "mean_velocity": 13.72, "temporal_coherence": 0.706 }, "geometry": { "type": "Point", "coordinates": [ 14.105776, 40.876115 ] } },
{ "type": "Feature", "properties": { "pid": "CFsynt_005244", "mean_velocity": -3.79, "temporal_coherence": 0.761 }, "geometry": { "type": "Point", "coordinates": [ 14.163621, 40.907904 ] } },
{ "type": "Feature", "properties": { "pid": "CFsynt_005245", "mean_velocity": 4.46, "temporal_coherence": 0.825 }, "geometry": { "type": "Point", "coordinates": [ 14.219388, 40.84336 ] } },
{ "type": "Feature", "properties": { "pid": "CFsynt_005247", "mean_velocity": 24.84, "temporal_coherence": 0.797 }, "geometry": { "type": "Point", "coordinates": [ 14.088422, 40.848319 ] } },
{ "type": "Feature", "properties": { "pid": "CFsynt_005249", "mean_velocity": -1.4, "temporal_coherence": 0.816 }, "geometry": { "type": "Point", "coordinates": [ 14.268342, 40.855171 ] } },
{ "type": "Feature", "properties": { "pid": "CFsynt_005250", "mean_velocity": 49.97, "temporal_coherence": 0.82 }, "geometry": { "type": "Point", "coordinates": [ 14.168998, 40.843251 ] } },
{ "type": "Feature", "properties": { "pid": "CFsynt_005252", "mean_velocity": 39.72, "temporal_coherence": 0.934 }, "geometry": { "type": "Point", "coordinates": [ 14.104855, 40.803216 ] } },
{ "type": "Feature", "properties": { "pid": "CFsynt_005254", "mean_velocity": -1.16, "temporal_coherence": 0.717 }, "geometry": { "type": "Point", "coordinates": [ 14.248001, 40.845353 ] } },
{ "type": "Feature", "properties": { "pid": "CFsynt_005256", "mean_velocity": 9.0, "temporal_coherence": 0.718 }, "geometry": { "type": "Point", "coordinates": [ 14.204605, 40.801281 ] } },
{ "type": "Feature", "properties": { "pid": "CFsynt_005258", "mean_velocity": 61.47, "temporal_coherence": 0.863 }, "geometry": { "type": "Point", "coordinates": [ 14.153724, 40.847773 ] } },
{ "type": "Feature", "properties": { "pid": "CFsynt_005259", "mean_velocity": 26.31, "temporal_coherence": 0.795 }, "geometry": { "type": "Point", "coordinates": [ 14.08626, 40.808499 ] } },
{ "type": "Feature", "properties": { "pid": "CFsynt_005261", "mean_velocity": 1.54, "temporal_coherence": 0.774 }, "geometry": { "type": "Point", "coordinates": [ 14.19967, 40.918115 ] } },
{ "type": "Feature", "properties": { "pid": "CFsynt_005262", "mean_velocity": 11.92, "temporal_coherence": 0.849 }, "geometry": { "type": "Point", "coordinates": [ 14.074911, 40.857871 ] } },
{ "type": "Feature", "properties": { "pid": "CFsynt_005263", "mean_velocity": -2.91, "temporal_coherence": 0.823 }, "geometry": { "type": "Point", "coordinates": [ 14.286842, 40.811631 ] } },
{ "type": "Feature", "properties": { "pid": "CFsynt_005266", "mean_velocity": 38.19, "temporal_coherence": 0.788 }, "geometry": { "type": "Point", "coordinates": [ 14.125085, 40.861019 ] } },
{ "type": "Feature", "properties": { "pid": "CFsynt_005267", "mean_velocity": -5.05, "temporal_coherence": 0.817 }, "geometry": { "type": "Point", "coordinates": [ 14.282258, 40.883068 ] } },
{ "type": "Feature", "properties": { "pid": "CFsynt_005269", "mean_velocity": 23.67, "temporal_coherence": 0.831 }, "geometry": { "type": "Point", "coordinates": [ 14.172216, 40.793399 ] } },
{ "type": "Feature", "properties": { "pid": "CFsynt_005273", "mean_velocity": -0.59, "temporal_coherence": 0.848 }, "geometry": { "type": "Point", "coordinates": [ 14.279316, 40.796679 ] } },
{ "type": "Feature", "properties": { "pid": "CFsynt_005275", "mean_velocity": -0.46, "temporal_coherence": 0.747 }, "geometry": { "type": "Point", "coordinates": [ 14.249376, 40.823543 ] } },
{ "type": "Feature", "properties": { "pid": "CFsynt_005276", "mean_velocity": 6.51, "temporal_coherence": 0.876 }, "geometry": { "type": "Point", "coordinates": [ 14.197428, 40.7842 ] } },
{ "type": "Feature", "properties": { "pid": "CFsynt_005278", "mean_velocity": 27.33, "temporal_coherence": 0.879 }, "geometry": { "type": "Point", "coordinates": [ 14.081558, 40.833341 ] } },
{ "type": "Feature", "properties": { "pid": "CFsynt_005279", "mean_velocity": -2.99, "temporal_coherence": 0.849 }, "geometry": { "type": "Point", "coordinates": [ 14.242104, 40.81515 ] } },
{ "type": "Feature", "properties": { "pid": "CFsynt_005281", "mean_velocity": 23.78, "temporal_coherence": 0.909 }, "geometry": { "type": "Point", "coordinates": [ 14.117772, 40.868775 ] } },
{ "type": "Feature", "properties": { "pid": "CFsynt_005284", "mean_velocity": -0.49, "temporal_coherence": 0.933 }, "geometry": { "type": "Point", "coordinates": [ 14.08792, 40.915294 ] } },
{ "type": "Feature", "properties": { "pid": "CFsynt_005285", "mean_velocity": 7.29, "temporal_coherence": 0.953 }, "geometry": { "type": "Point", "coordinates": [ 14.062563, 40.811248 ] } },
{ "type": "Feature", "properties": { "pid": "CFsynt_005289", "mean_velocity": 12.8, "temporal_coherence": 0.919 }, "geometry": { "type": "Point", "coordinates": [ 14.206451, 40.801142 ] } },
{ "type": "Feature", "properties": { "pid": "CFsynt_005290", "mean_velocity": -1.76, "temporal_coherence": 0.927 }, "geometry": { "type": "Point", "coordinates": [ 14.126309, 40.910273 ] } },
{ "type": "Feature", "properties": { "pid": "CFsynt_005291", "mean_velocity": 74.88, "temporal_coherence": 0.916 }, "geometry": { "type": "Point", "coordinates": [ 14.160024, 40.825031 ] } },
{ "type": "Feature", "properties": { "pid": "CFsynt_005292", "mean_velocity": -1.44, "temporal_coherence": 0.738 }, "geometry": { "type": "Point", "coordinates": [ 14.280173, 40.789439 ] } },
{ "type": "Feature", "properties": { "pid": "CFsynt_005294", "mean_velocity": -0.95, "temporal_coherence": 0.925 }, "geometry": { "type": "Point", "coordinates": [ 14.251097, 40.848092 ] } },
{ "type": "Feature", "properties": { "pid": "CFsynt_005295", "mean_velocity": -1.06, "temporal_coherence": 0.95 }, "geometry": { "type": "Point", "coordinates": [ 14.199213, 40.913003 ] } },
{ "type": "Feature", "properties": { "pid": "CFsynt_005297", "mean_velocity": -7.49, "temporal_coherence": 0.79 }, "geometry": { "type": "Point", "coordinates": [ 14.100009, 40.917705 ] } },
{ "type": "Feature", "properties": { "pid": "CFsynt_005298", "mean_velocity": 0.05, "temporal_coherence": 0.963 }, "geometry": { "type": "Point", "coordinates": [ 14.106064, 40.892247 ] } },
{ "type": "Feature", "properties": { "pid": "CFsynt_005299", "mean_velocity": -1.62, "temporal_coherence": 0.782 }, "geometry": { "type": "Point", "coordinates": [ 14.056842, 40.875591 ] } },
{ "type": "Feature", "properties": { "pid": "CFsynt_005300", "mean_velocity": 21.95, "temporal_coherence": 0.701 }, "geometry": { "type": "Point", "coordinates": [ 14.190666, 40.850032 ] } },
{ "type": "Feature", "properties": { "pid": "CFsynt_005303", "mean_velocity": 0.33, "temporal_coherence": 0.941 }, "geometry": { "type": "Point", "coordinates": [ 14.127279, 40.912794 ] } },
{ "type": "Feature", "properties": { "pid": "CFsynt_005305", "mean_velocity": -4.27, "temporal_coherence": 0.985 }, "geometry": { "type": "Point", "coordinates": [ 14.213347, 40.863961 ] } },
{ "type": "Feature", "properties": { "pid": "CFsynt_005309", "mean_velocity": 44.45, "temporal_coherence": 0.879 }, "geometry": { "type": "Point", "coordinates": [ 14.111712, 40.800939 ] } },
{ "type": "Feature", "properties": { "pid": "CFsynt_005310", "mean_velocity": 83.58, "temporal_coherence": 0.764 }, "geometry": { "type": "Point", "coordinates": [ 14.15337, 40.832672 ] } },
{ "type": "Feature", "properties": { "pid": "CFsynt_005311", "mean_velocity": 20.85, "temporal_coherence": 0.948 }, "geometry": { "type": "Point", "coordinates": [ 14.102765, 40.865508 ] } },
{ "type": "Feature", "properties": { "pid": "CFsynt_005312", "mean_velocity": 39.45, "temporal_coherence": 0.833 }, "geometry": { "type": "Point", "coordinates": [ 14.130618, 40.860958 ] } },
{ "type": "Feature", "properties": { "pid": "CFsynt_005313", "mean_velocity": -3.63, "temporal_coherence": 0.851 }, "geometry": { "type": "Point", "coordinates": [ 14.21508, 40.791647 ] } },
{ "type": "Feature", "properties": { "pid": "CFsynt_005315", "mean_velocity": 53.62, "temporal_coherence": 0.791 }, "geometry": { "type": "Point", "coordinates": [ 14.144857, 40.800019 ] } },
{ "type": "Feature", "properties": { "pid": "CFsynt_005318", "mean_velocity": 6.36, "temporal_coherence": 0.77 }, "geometry": { "type": "Point", "coordinates": [ 14.147997, 40.884642 ] } },
{ "type": "Feature", "properties": { "pid": "CFsynt_005319", "mean_velocity": 58.81, "temporal_coherence": 0.707 }, "geometry": { "type": "Point", "coordinates": [ 14.125162, 40.804591 ] } },
{ "type": "Feature", "properties": { "pid": "CFsynt_005320", "mean_velocity": -6.37, "temporal_coherence": 0.863 }, "geometry": { "type": "Point", "coordinates": [ 14.05508, 40.823253 ] } },
{ "type": "Feature", "properties": { "pid": "CFsynt_005321", "mean_velocity": 10.27, "temporal_coherence": 0.842 }, "geometry": { "type": "Point", "coordinates": [ 14.213913, 40.820282 ] } },
{ "type": "Feature", "properties": { "pid": "CFsynt_005322", "mean_velocity": -2.5, "temporal_coherence": 0.95 }, "geometry": { "type": "Point", "coordinates": [ 14.280509, 40.852129 ] } },
{ "type": "Feature", "properties": { "pid": "CFsynt_005324", "mean_velocity": -4.37, "temporal_coherence": 0.762 }, "geometry": { "type": "Point", "coordinates": [ 14.072129, 40.78689 ] } },
{ "type": "Feature", "properties": { "pid": "CFsynt_005325", "mean_velocity": 15.53, "temporal_coherence": 0.78 }, "geometry": { "type": "Point", "coordinates": [ 14.072453, 40.821331 ] } },
{ "type": "Feature", "properties": { "pid": "CFsynt_005326", "mean_velocity": -3.59, "temporal_coherence": 0.727 }, "geometry": { "type": "Point", "coordinates": [ 14.20466, 40.884565 ] } },
{ "type": "Feature", "properties": { "pid": "CFsynt_005328", "mean_velocity": 1.41, "temporal_coherence": 0.744 }, "geometry": { "type": "Point", "coordinates": [ 14.156953, 40.909396 ] } },
{ "type": "Feature", "properties": { "pid": "CFsynt_005330", "mean_velocity": -1.43, "temporal_coherence": 0.904 }, "geometry": { "type": "Point", "coordinates": [ 14.252094, 40.869375 ] } },
{ "type": "Feature", "properties": { "pid": "CFsynt_005332", "mean_velocity": 48.5, "temporal_coherence": 0.874 }, "geometry": { "type": "Point", "coordinates": [ 14.101559, 40.834351 ] } },
{ "type": "Feature", "properties": { "pid": "CFsynt_005333", "mean_velocity": 18.78, "temporal_coherence": 0.96 }, "geometry": { "type": "Point", "coordinates": [ 14.07664, 40.834706 ] } },
{ "type": "Feature", "properties": { "pid": "CFsynt_005336", "mean_velocity": -1.78, "temporal_coherence": 0.981 }, "geometry": { "type": "Point", "coordinates": [ 14.231568, 40.804011 ] } },
{ "type": "Feature", "properties": { "pid": "CFsynt_005337", "mean_velocity": -4.16, "temporal_coherence": 0.839 }, "geometry": { "type": "Point", "coordinates": [ 14.223098, 40.846063 ] } },
{ "type": "Feature", "properties": { "pid": "CFsynt_005338", "mean_velocity": -8.01, "temporal_coherence": 0.746 }, "geometry": { "type": "Point", "coordinates": [ 14.270534, 40.851383 ] } },
{ "type": "Feature", "properties": { "pid": "CFsynt_005340", "mean_velocity": 28.64, "temporal_coherence": 0.838 }, "geometry": { "type": "Point", "coordinates": [ 14.128508, 40.870305 ] } },
{ "type": "Feature", "properties": { "pid": "CFsynt_005342", "mean_velocity": 0.78, "temporal_coherence": 0.756 }, "geometry": { "type": "Point", "coordinates": [ 14.281936, 40.818718 ] } },
{ "type": "Feature", "properties": { "pid": "CFsynt_005343", "mean_velocity": 10.35, "temporal_coherence": 0.858 }, "geometry": { "type": "Point", "coordinates": [ 14.198905, 40.795228 ] } },
{ "type": "Feature", "properties": { "pid": "CFsynt_005344", "mean_velocity": 2.43, "temporal_coherence": 0.802 }, "geometry": { "type": "Point", "coordinates": [ 14.116455, 40.885399 ] } },
{ "type": "Feature", "properties": { "pid": "CFsynt_005345", "mean_velocity": -4.72, "temporal_coherence": 0.989 }, "geometry": { "type": "Point", "coordinates": [ 14.050131, 40.852983 ] } },
{ "type": "Feature", "properties": { "pid": "CFsynt_005346", "mean_velocity": -1.71, "temporal_coherence": 0.961 }, "geometry": { "type": "Point", "coordinates": [ 14.239789, 40.892498 ] } },
{ "type": "Feature", "properties": { "pid": "CFsynt_005348", "mean_velocity": -2.52, "temporal_coherence": 0.811 }, "geometry": { "type": "Point", "coordinates": [ 14.223192, 40.836565 ] } },
{ "type": "Feature", "properties": { "pid": "CFsynt_005351", "mean_velocity": -3.5, "temporal_coherence": 0.989 }, "geometry": { "type": "Point", "coordinates": [ 14.248416, 40.835308 ] } },
{ "type": "Feature", "properties": { "pid": "CFsynt_005353", "mean_velocity": -2.11, "temporal_coherence": 0.813 }, "geometry": { "type": "Point", "coordinates": [ 14.218774, 40.786398 ] } },
{ "type": "Feature", "properties": { "pid": "CFsynt_005354", "mean_velocity": -3.24, "temporal_coherence": 0.775 }, "geometry": { "type": "Point", "coordinates": [ 14.292264, 40.843255 ] } },
{ "type": "Feature", "properties": { "pid": "CFsynt_005355", "mean_velocity": -4.26, "temporal_coherence": 0.93 }, "geometry": { "type": "Point", "coordinates": [ 14.299209, 40.788352 ] } },
{ "type": "Feature", "properties": { "pid": "CFsynt_005356", "mean_velocity": 10.52, "temporal_coherence": 0.786 }, "geometry": { "type": "Point", "coordinates": [ 14.202735, 40.853376 ] } },
{ "type": "Feature", "properties": { "pid": "CFsynt_005358", "mean_velocity": 48.76, "temporal_coherence": 0.793 }, "geometry": { "type": "Point", "coordinates": [ 14.135483, 40.796073 ] } },
{ "type": "Feature", "properties": { "pid": "CFsynt_005361", "mean_velocity": -5.38, "temporal_coherence": 0.825 }, "geometry": { "type": "Point", "coordinates": [ 14.052407, 40.842849 ] } },
{ "type": "Feature", "properties": { "pid": "CFsynt_005362", "mean_velocity": -0.31, "temporal_coherence": 0.747 }, "geometry": { "type": "Point", "coordinates": [ 14.071234, 40.91887 ] } },
{ "type": "Feature", "properties": { "pid": "CFsynt_005363", "mean_velocity": -0.69, "temporal_coherence": 0.754 }, "geometry": { "type": "Point", "coordinates": [ 14.291054, 40.815102 ] } },
{ "type": "Feature", "properties": { "pid": "CFsynt_005364", "mean_velocity": -2.23, "temporal_coherence": 0.954 }, "geometry": { "type": "Point", "coordinates": [ 14.286504, 40.872956 ] } },
{ "type": "Feature", "properties": { "pid": "CFsynt_005366", "mean_velocity": 30.82, "temporal_coherence": 0.817 }, "geometry": { "type": "Point", "coordinates": [ 14.154077, 40.790905 ] } },
{ "type": "Feature", "properties": { "pid": "CFsynt_005367", "mean_velocity": -0.77, "temporal_coherence": 0.788 }, "geometry": { "type": "Point", "coordinates": [ 14.257378, 40.904131 ] } },
{ "type": "Feature", "properties": { "pid": "CFsynt_005368", "mean_velocity": -0.13, "temporal_coherence": 0.829 }, "geometry": { "type": "Point", "coordinates": [ 14.270185, 40.873673 ] } },
{ "type": "Feature", "properties": { "pid": "CFsynt_005369", "mean_velocity": -3.86, "temporal_coherence": 0.729 }, "geometry": { "type": "Point", "coordinates": [ 14.121552, 40.90633 ] } },
{ "type": "Feature", "properties": { "pid": "CFsynt_005377", "mean_velocity": -3.27, "temporal_coherence": 0.893 }, "geometry": { "type": "Point", "coordinates": [ 14.239258, 40.814137 ] } },
{ "type": "Feature", "properties": { "pid": "CFsynt_005379", "mean_velocity": -0.73, "temporal_coherence": 0.938 }, "geometry": { "type": "Point", "coordinates": [ 14.270421, 40.811746 ] } },
{ "type": "Feature", "properties": { "pid": "CFsynt_005380", "mean_velocity": 9.52, "temporal_coherence": 0.798 }, "geometry": { "type": "Point", "coordinates": [ 14.093544, 40.876777 ] } },
{ "type": "Feature", "properties": { "pid": "CFsynt_005381", "mean_velocity": -2.13, "temporal_coherence": 0.733 }, "geometry": { "type": "Point", "coordinates": [ 14.232045, 40.794644 ] } },
{ "type": "Feature", "properties": { "pid": "CFsynt_005382", "mean_velocity": -3.41, "temporal_coherence": 0.978 }, "geometry": { "type": "Point", "coordinates": [ 14.25719, 40.842597 ] } },
{ "type": "Feature", "properties": { "pid": "CFsynt_005383", "mean_velocity": 15.96, "temporal_coherence": 0.7 }, "geometry": { "type": "Point", "coordinates": [ 14.084794, 40.856029 ] } },
{ "type": "Feature", "properties": { "pid": "CFsynt_005384", "mean_velocity": 45.68, "temporal_coherence": 0.916 }, "geometry": { "type": "Point", "coordinates": [ 14.099016, 40.820056 ] } },
{ "type": "Feature", "properties": { "pid": "CFsynt_005385", "mean_velocity": 0.43, "temporal_coherence": 0.981 }, "geometry": { "type": "Point", "coordinates": [ 14.25594, 40.805306 ] } },
{ "type": "Feature", "properties": { "pid": "CFsynt_005386", "mean_velocity": -0.5, "temporal_coherence": 0.842 }, "geometry": { "type": "Point", "coordinates": [ 14.05494, 40.785237 ] } },
{ "type": "Feature", "properties": { "pid": "CFsynt_005387", "mean_velocity": -2.68, "temporal_coherence": 0.935 }, "geometry": { "type": "Point", "coordinates": [ 14.085321, 40.887106 ] } },
{ "type": "Feature", "properties": { "pid": "CFsynt_005388", "mean_velocity": 27.17, "temporal_coherence": 0.813 }, "geometry": { "type": "Point", "coordinates": [ 14.162104, 40.790291 ] } },
{ "type": "Feature", "properties": { "pid": "CFsynt_005389", "mean_velocity": 0.58, "temporal_coherence": 0.729 }, "geometry": { "type": "Point", "coordinates": [ 14.299753, 40.812583 ] } },
{ "type": "Feature", "properties": { "pid": "CFsynt_005390", "mean_velocity": 28.26, "temporal_coherence": 0.965 }, "geometry": { "type": "Point", "coordinates": [ 14.192945, 40.820644 ] } },
{ "type": "Feature", "properties": { "pid": "CFsynt_005391", "mean_velocity": 76.87, "temporal_coherence": 0.963 }, "geometry": { "type": "Point", "coordinates": [ 14.142427, 40.841786 ] } },
{ "type": "Feature", "properties": { "pid": "CFsynt_005393", "mean_velocity": 64.12, "temporal_coherence": 0.948 }, "geometry": { "type": "Point", "coordinates": [ 14.164476, 40.83703 ] } },
{ "type": "Feature", "properties": { "pid": "CFsynt_005394", "mean_velocity": -3.14, "temporal_coherence": 0.801 }, "geometry": { "type": "Point", "coordinates": [ 14.155783, 40.916797 ] } },
{ "type": "Feature", "properties": { "pid": "CFsynt_005395", "mean_velocity": 10.13, "temporal_coherence": 0.964 }, "geometry": { "type": "Point", "coordinates": [ 14.149377, 40.882361 ] } },
{ "type": "Feature", "properties": { "pid": "CFsynt_005397", "mean_velocity": 6.62, "temporal_coherence": 0.903 }, "geometry": { "type": "Point", "coordinates": [ 14.124451, 40.888944 ] } },
{ "type": "Feature", "properties": { "pid": "CFsynt_005398", "mean_velocity": -4.02, "temporal_coherence": 0.955 }, "geometry": { "type": "Point", "coordinates": [ 14.229473, 40.786754 ] } },
{ "type": "Feature", "properties": { "pid": "CFsynt_005400", "mean_velocity": -3.91, "temporal_coherence": 0.903 }, "geometry": { "type": "Point", "coordinates": [ 14.227727, 40.901586 ] } },
{ "type": "Feature", "properties": { "pid": "CFsynt_005401", "mean_velocity": 12.33, "temporal_coherence": 0.821 }, "geometry": { "type": "Point", "coordinates": [ 14.088349, 40.86309 ] } },
{ "type": "Feature", "properties": { "pid": "CFsynt_005402", "mean_velocity": 33.04, "temporal_coherence": 0.702 }, "geometry": { "type": "Point", "coordinates": [ 14.14142, 40.789742 ] } },
{ "type": "Feature", "properties": { "pid": "CFsynt_005404", "mean_velocity": 8.43, "temporal_coherence": 0.878 }, "geometry": { "type": "Point", "coordinates": [ 14.190298, 40.87058 ] } },
{ "type": "Feature", "properties": { "pid": "CFsynt_005405", "mean_velocity": -2.4, "temporal_coherence": 0.743 }, "geometry": { "type": "Point", "coordinates": [ 14.241512, 40.834915 ] } },
{ "type": "Feature", "properties": { "pid": "CFsynt_005406", "mean_velocity": 16.18, "temporal_coherence": 0.759 }, "geometry": { "type": "Point", "coordinates": [ 14.13285, 40.881655 ] } },
{ "type": "Feature", "properties": { "pid": "CFsynt_005407", "mean_velocity": 20.02, "temporal_coherence": 0.855 }, "geometry": { "type": "Point", "coordinates": [ 14.077391, 40.827037 ] } },
{ "type": "Feature", "properties": { "pid": "CFsynt_005409", "mean_velocity": -1.06, "temporal_coherence": 0.72 }, "geometry": { "type": "Point", "coordinates": [ 14.267253, 40.793832 ] } },
{ "type": "Feature", "properties": { "pid": "CFsynt_005410", "mean_velocity": 21.4, "temporal_coherence": 0.978 }, "geometry": { "type": "Point", "coordinates": [ 14.107618, 40.787936 ] } },
{ "type": "Feature", "properties": { "pid": "CFsynt_005412", "mean_velocity": -2.46, "temporal_coherence": 0.8 }, "geometry": { "type": "Point", "coordinates": [ 14.126048, 40.907535 ] } },
{ "type": "Feature", "properties": { "pid": "CFsynt_005413", "mean_velocity": 13.89, "temporal_coherence": 0.901 }, "geometry": { "type": "Point", "coordinates": [ 14.084732, 40.85997 ] } },
{ "type": "Feature", "properties": { "pid": "CFsynt_005415", "mean_velocity": -3.49, "temporal_coherence": 0.939 }, "geometry": { "type": "Point", "coordinates": [ 14.165878, 40.894908 ] } },
{ "type": "Feature", "properties": { "pid": "CFsynt_005418", "mean_velocity": 0.49, "temporal_coherence": 0.826 }, "geometry": { "type": "Point", "coordinates": [ 14.072848, 40.906782 ] } },
{ "type": "Feature", "properties": { "pid": "CFsynt_005420", "mean_velocity": 6.32, "temporal_coherence": 0.931 }, "geometry": { "type": "Point", "coordinates": [ 14.14159, 40.889913 ] } },
{ "type": "Feature", "properties": { "pid": "CFsynt_005425", "mean_velocity": -3.35, "temporal_coherence": 0.958 }, "geometry": { "type": "Point", "coordinates": [ 14.217337, 40.884722 ] } },
{ "type": "Feature", "properties": { "pid": "CFsynt_005427", "mean_velocity": -2.88, "temporal_coherence": 0.893 }, "geometry": { "type": "Point", "coordinates": [ 14.267043, 40.788591 ] } },
{ "type": "Feature", "properties": { "pid": "CFsynt_005429", "mean_velocity": -2.86, "temporal_coherence": 0.85 }, "geometry": { "type": "Point", "coordinates": [ 14.20429, 40.919574 ] } },
{ "type": "Feature", "properties": { "pid": "CFsynt_005430", "mean_velocity": 29.19, "temporal_coherence": 0.701 }, "geometry": { "type": "Point", "coordinates": [ 14.13362, 40.783798 ] } },
{ "type": "Feature", "properties": { "pid": "CFsynt_005432", "mean_velocity": -0.17, "temporal_coherence": 0.75 }, "geometry": { "type": "Point", "coordinates": [ 14.220829, 40.88979 ] } },
{ "type": "Feature", "properties": { "pid": "CFsynt_005433", "mean_velocity": -1.25, "temporal_coherence": 0.76 }, "geometry": { "type": "Point", "coordinates": [ 14.15381, 40.912589 ] } },
{ "type": "Feature", "properties": { "pid": "CFsynt_005434", "mean_velocity": -1.69, "temporal_coherence": 0.714 }, "geometry": { "type": "Point", "coordinates": [ 14.242185, 40.852605 ] } },
{ "type": "Feature", "properties": { "pid": "CFsynt_005435", "mean_velocity": -2.04, "temporal_coherence": 0.963 }, "geometry": { "type": "Point", "coordinates": [ 14.056636, 40.857187 ] } },
{ "type": "Feature", "properties": { "pid": "CFsynt_005436", "mean_velocity": -3.83, "temporal_coherence": 0.806 }, "geometry": { "type": "Point", "coordinates": [ 14.270696, 40.820635 ] } },
{ "type": "Feature", "properties": { "pid": "CFsynt_005437", "mean_velocity": 17.74, "temporal_coherence": 0.813 }, "geometry": { "type": "Point", "coordinates": [ 14.089215, 40.802923 ] } },
{ "type": "Feature", "properties": { "pid": "CFsynt_005440", "mean_velocity": 13.77, "temporal_coherence": 0.864 }, "geometry": { "type": "Point", "coordinates": [ 14.067458, 40.817824 ] } },
{ "type": "Feature", "properties": { "pid": "CFsynt_005441", "mean_velocity": -1.8, "temporal_coherence": 0.752 }, "geometry": { "type": "Point", "coordinates": [ 14.265444, 40.809287 ] } },
{ "type": "Feature", "properties": { "pid": "CFsynt_005442", "mean_velocity": -0.1, "temporal_coherence": 0.762 }, "geometry": { "type": "Point", "coordinates": [ 14.267424, 40.808203 ] } },
{ "type": "Feature", "properties": { "pid": "CFsynt_005446", "mean_velocity": -3.19, "temporal_coherence": 0.941 }, "geometry": { "type": "Point", "coordinates": [ 14.269728, 40.901913 ] } },
{ "type": "Feature", "properties": { "pid": "CFsynt_005447", "mean_velocity": 67.77, "temporal_coherence": 0.968 }, "geometry": { "type": "Point", "coordinates": [ 14.132092, 40.806067 ] } },
{ "type": "Feature", "properties": { "pid": "CFsynt_005448", "mean_velocity": -1.32, "temporal_coherence": 0.844 }, "geometry": { "type": "Point", "coordinates": [ 14.185846, 40.884228 ] } },
{ "type": "Feature", "properties": { "pid": "CFsynt_005449", "mean_velocity": 41.3, "temporal_coherence": 0.702 }, "geometry": { "type": "Point", "coordinates": [ 14.159224, 40.857774 ] } },
{ "type": "Feature", "properties": { "pid": "CFsynt_005452", "mean_velocity": -3.37, "temporal_coherence": 0.738 }, "geometry": { "type": "Point", "coordinates": [ 14.246777, 40.826112 ] } },
{ "type": "Feature", "properties": { "pid": "CFsynt_005456", "mean_velocity": 12.28, "temporal_coherence": 0.735 }, "geometry": { "type": "Point", "coordinates": [ 14.081691, 40.800133 ] } },
{ "type": "Feature", "properties": { "pid": "CFsynt_005460", "mean_velocity": -3.5, "temporal_coherence": 0.954 }, "geometry": { "type": "Point", "coordinates": [ 14.228741, 40.848694 ] } },
{ "type": "Feature", "properties": { "pid": "CFsynt_005461", "mean_velocity": 6.46, "temporal_coherence": 0.897 }, "geometry": { "type": "Point", "coordinates": [ 14.062102, 40.83632 ] } },
{ "type": "Feature", "properties": { "pid": "CFsynt_005462", "mean_velocity": -3.13, "temporal_coherence": 0.762 }, "geometry": { "type": "Point", "coordinates": [ 14.060803, 40.877494 ] } },
{ "type": "Feature", "properties": { "pid": "CFsynt_005465", "mean_velocity": -5.54, "temporal_coherence": 0.838 }, "geometry": { "type": "Point", "coordinates": [ 14.264833, 40.892182 ] } },
{ "type": "Feature", "properties": { "pid": "CFsynt_005466", "mean_velocity": -1.1, "temporal_coherence": 0.93 }, "geometry": { "type": "Point", "coordinates": [ 14.260883, 40.837813 ] } },
{ "type": "Feature", "properties": { "pid": "CFsynt_005467", "mean_velocity": 13.5, "temporal_coherence": 0.786 }, "geometry": { "type": "Point", "coordinates": [ 14.071004, 40.824445 ] } },
{ "type": "Feature", "properties": { "pid": "CFsynt_005468", "mean_velocity": -1.75, "temporal_coherence": 0.777 }, "geometry": { "type": "Point", "coordinates": [ 14.18033, 40.90686 ] } },
{ "type": "Feature", "properties": { "pid": "CFsynt_005469", "mean_velocity": -0.73, "temporal_coherence": 0.809 }, "geometry": { "type": "Point", "coordinates": [ 14.058021, 40.896271 ] } },
{ "type": "Feature", "properties": { "pid": "CFsynt_005470", "mean_velocity": 10.75, "temporal_coherence": 0.823 }, "geometry": { "type": "Point", "coordinates": [ 14.213446, 40.83182 ] } },
{ "type": "Feature", "properties": { "pid": "CFsynt_005476", "mean_velocity": 16.14, "temporal_coherence": 0.929 }, "geometry": { "type": "Point", "coordinates": [ 14.090783, 40.787517 ] } },
{ "type": "Feature", "properties": { "pid": "CFsynt_005477", "mean_velocity": 0.91, "temporal_coherence": 0.834 }, "geometry": { "type": "Point", "coordinates": [ 14.160775, 40.914286 ] } },
{ "type": "Feature", "properties": { "pid": "CFsynt_005478", "mean_velocity": -1.9, "temporal_coherence": 0.771 }, "geometry": { "type": "Point", "coordinates": [ 14.196198, 40.903669 ] } },
{ "type": "Feature", "properties": { "pid": "CFsynt_005482", "mean_velocity": 21.63, "temporal_coherence": 0.766 }, "geometry": { "type": "Point", "coordinates": [ 14.131606, 40.782308 ] } },
{ "type": "Feature", "properties": { "pid": "CFsynt_005483", "mean_velocity": 7.22, "temporal_coherence": 0.858 }, "geometry": { "type": "Point", "coordinates": [ 14.136185, 40.885814 ] } },
{ "type": "Feature", "properties": { "pid": "CFsynt_005484", "mean_velocity": -4.34, "temporal_coherence": 0.946 }, "geometry": { "type": "Point", "coordinates": [ 14.286313, 40.810405 ] } },
{ "type": "Feature", "properties": { "pid": "CFsynt_005485", "mean_velocity": -1.7, "temporal_coherence": 0.744 }, "geometry": { "type": "Point", "coordinates": [ 14.294649, 40.853466 ] } },
{ "type": "Feature", "properties": { "pid": "CFsynt_005487", "mean_velocity": -0.63, "temporal_coherence": 0.965 }, "geometry": { "type": "Point", "coordinates": [ 14.071522, 40.916711 ] } },
{ "type": "Feature", "properties": { "pid": "CFsynt_005489", "mean_velocity": -0.47, "temporal_coherence": 0.916 }, "geometry": { "type": "Point", "coordinates": [ 14.246307, 40.892597 ] } },
{ "type": "Feature", "properties": { "pid": "CFsynt_005493", "mean_velocity": 32.86, "temporal_coherence": 0.985 }, "geometry": { "type": "Point", "coordinates": [ 14.123792, 40.790644 ] } },
{ "type": "Feature", "properties": { "pid": "CFsynt_005494", "mean_velocity": -1.2, "temporal_coherence": 0.945 }, "geometry": { "type": "Point", "coordinates": [ 14.279525, 40.885091 ] } },
{ "type": "Feature", "properties": { "pid": "CFsynt_005499", "mean_velocity": 55.85, "temporal_coherence": 0.724 }, "geometry": { "type": "Point", "coordinates": [ 14.103921, 40.830898 ] } },
{ "type": "Feature", "properties": { "pid": "CFsynt_005500", "mean_velocity": 13.42, "temporal_coherence": 0.886 }, "geometry": { "type": "Point", "coordinates": [ 14.079649, 40.853393 ] } },
{ "type": "Feature", "properties": { "pid": "CFsynt_005501", "mean_velocity": 29.25, "temporal_coherence": 0.99 }, "geometry": { "type": "Point", "coordinates": [ 14.17698, 40.853595 ] } },
{ "type": "Feature", "properties": { "pid": "CFsynt_005502", "mean_velocity": 9.92, "temporal_coherence": 0.764 }, "geometry": { "type": "Point", "coordinates": [ 14.062688, 40.844643 ] } },
{ "type": "Feature", "properties": { "pid": "CFsynt_005503", "mean_velocity": -0.42, "temporal_coherence": 0.823 }, "geometry": { "type": "Point", "coordinates": [ 14.211554, 40.870331 ] } },
{ "type": "Feature", "properties": { "pid": "CFsynt_005504", "mean_velocity": -6.47, "temporal_coherence": 0.873 }, "geometry": { "type": "Point", "coordinates": [ 14.283721, 40.919413 ] } },
{ "type": "Feature", "properties": { "pid": "CFsynt_005505", "mean_velocity": 82.81, "temporal_coherence": 0.983 }, "geometry": { "type": "Point", "coordinates": [ 14.13513, 40.814308 ] } },
{ "type": "Feature", "properties": { "pid": "CFsynt_005509", "mean_velocity": 20.94, "temporal_coherence": 0.771 }, "geometry": { "type": "Point", "coordinates": [ 14.201531, 40.815063 ] } },
{ "type": "Feature", "properties": { "pid": "CFsynt_005510", "mean_velocity": 7.97, "temporal_coherence": 0.876 }, "geometry": { "type": "Point", "coordinates": [ 14.059332, 40.808833 ] } },
{ "type": "Feature", "properties": { "pid": "CFsynt_005512", "mean_velocity": 22.3, "temporal_coherence": 0.854 }, "geometry": { "type": "Point", "coordinates": [ 14.165745, 40.865191 ] } },
{ "type": "Feature", "properties": { "pid": "CFsynt_005513", "mean_velocity": 16.95, "temporal_coherence": 0.981 }, "geometry": { "type": "Point", "coordinates": [ 14.124863, 40.782148 ] } },
{ "type": "Feature", "properties": { "pid": "CFsynt_005514", "mean_velocity": 8.58, "temporal_coherence": 0.747 }, "geometry": { "type": "Point", "coordinates": [ 14.061947, 40.807794 ] } },
{ "type": "Feature", "properties": { "pid": "CFsynt_005517", "mean_velocity": 27.09, "temporal_coherence": 0.752 }, "geometry": { "type": "Point", "coordinates": [ 14.085895, 40.837512 ] } },
{ "type": "Feature", "properties": { "pid": "CFsynt_005518", "mean_velocity": 8.9, "temporal_coherence": 0.882 }, "geometry": { "type": "Point", "coordinates": [ 14.072219, 40.801424 ] } },
{ "type": "Feature", "properties": { "pid": "CFsynt_005519", "mean_velocity": 9.74, "temporal_coherence": 0.918 }, "geometry": { "type": "Point", "coordinates": [ 14.195356, 40.862552 ] } },
{ "type": "Feature", "properties": { "pid": "CFsynt_005522", "mean_velocity": -2.96, "temporal_coherence": 0.839 }, "geometry": { "type": "Point", "coordinates": [ 14.154533, 40.914966 ] } },
{ "type": "Feature", "properties": { "pid": "CFsynt_005525", "mean_velocity": -1.4, "temporal_coherence": 0.836 }, "geometry": { "type": "Point", "coordinates": [ 14.295421, 40.902535 ] } },
{ "type": "Feature", "properties": { "pid": "CFsynt_005527", "mean_velocity": -2.81, "temporal_coherence": 0.712 }, "geometry": { "type": "Point", "coordinates": [ 14.087472, 40.89025 ] } },
{ "type": "Feature", "properties": { "pid": "CFsynt_005529", "mean_velocity": -0.81, "temporal_coherence": 0.884 }, "geometry": { "type": "Point", "coordinates": [ 14.265063, 40.868415 ] } },
{ "type": "Feature", "properties": { "pid": "CFsynt_005530", "mean_velocity": 33.55, "temporal_coherence": 0.753 }, "geometry": { "type": "Point", "coordinates": [ 14.12951, 40.863981 ] } },
{ "type": "Feature", "properties": { "pid": "CFsynt_005533", "mean_velocity": -4.66, "temporal_coherence": 0.769 }, "geometry": { "type": "Point", "coordinates": [ 14.130558, 40.890912 ] } },
{ "type": "Feature", "properties": { "pid": "CFsynt_005535", "mean_velocity": -1.94, "temporal_coherence": 0.97 }, "geometry": { "type": "Point", "coordinates": [ 14.248128, 40.803532 ] } },
{ "type": "Feature", "properties": { "pid": "CFsynt_005536", "mean_velocity": 52.48, "temporal_coherence": 0.916 }, "geometry": { "type": "Point", "coordinates": [ 14.116384, 40.849791 ] } },
{ "type": "Feature", "properties": { "pid": "CFsynt_005537", "mean_velocity": 5.81, "temporal_coherence": 0.875 }, "geometry": { "type": "Point", "coordinates": [ 14.205937, 40.789549 ] } },
{ "type": "Feature", "properties": { "pid": "CFsynt_005538", "mean_velocity": -2.89, "temporal_coherence": 0.778 }, "geometry": { "type": "Point", "coordinates": [ 14.137123, 40.902171 ] } },
{ "type": "Feature", "properties": { "pid": "CFsynt_005542", "mean_velocity": 17.16, "temporal_coherence": 0.913 }, "geometry": { "type": "Point", "coordinates": [ 14.203545, 40.837017 ] } },
{ "type": "Feature", "properties": { "pid": "CFsynt_005543", "mean_velocity": 0.21, "temporal_coherence": 0.756 }, "geometry": { "type": "Point", "coordinates": [ 14.203969, 40.912445 ] } },
{ "type": "Feature", "properties": { "pid": "CFsynt_005544", "mean_velocity": 31.99, "temporal_coherence": 0.866 }, "geometry": { "type": "Point", "coordinates": [ 14.189686, 40.825379 ] } },
{ "type": "Feature", "properties": { "pid": "CFsynt_005547", "mean_velocity": 13.8, "temporal_coherence": 0.791 }, "geometry": { "type": "Point", "coordinates": [ 14.210284, 40.822498 ] } },
{ "type": "Feature", "properties": { "pid": "CFsynt_005550", "mean_velocity": 19.32, "temporal_coherence": 0.905 }, "geometry": { "type": "Point", "coordinates": [ 14.11348, 40.784052 ] } },
{ "type": "Feature", "properties": { "pid": "CFsynt_005552", "mean_velocity": 38.37, "temporal_coherence": 0.764 }, "geometry": { "type": "Point", "coordinates": [ 14.131567, 40.86376 ] } },
{ "type": "Feature", "properties": { "pid": "CFsynt_005553", "mean_velocity": -0.98, "temporal_coherence": 0.783 }, "geometry": { "type": "Point", "coordinates": [ 14.081068, 40.780071 ] } },
{ "type": "Feature", "properties": { "pid": "CFsynt_005554", "mean_velocity": -4.03, "temporal_coherence": 0.795 }, "geometry": { "type": "Point", "coordinates": [ 14.222006, 40.886635 ] } },
{ "type": "Feature", "properties": { "pid": "CFsynt_005555", "mean_velocity": -4.59, "temporal_coherence": 0.711 }, "geometry": { "type": "Point", "coordinates": [ 14.284911, 40.8376 ] } },
{ "type": "Feature", "properties": { "pid": "CFsynt_005556", "mean_velocity": 38.76, "temporal_coherence": 0.962 }, "geometry": { "type": "Point", "coordinates": [ 14.117799, 40.796735 ] } },
{ "type": "Feature", "properties": { "pid": "CFsynt_005558", "mean_velocity": -2.83, "temporal_coherence": 0.783 }, "geometry": { "type": "Point", "coordinates": [ 14.224406, 40.889537 ] } },
{ "type": "Feature", "properties": { "pid": "CFsynt_005560", "mean_velocity": -4.43, "temporal_coherence": 0.828 }, "geometry": { "type": "Point", "coordinates": [ 14.299537, 40.912796 ] } },
{ "type": "Feature", "properties": { "pid": "CFsynt_005561", "mean_velocity": 51.18, "temporal_coherence": 0.869 }, "geometry": { "type": "Point", "coordinates": [ 14.135516, 40.857897 ] } },
{ "type": "Feature", "properties": { "pid": "CFsynt_005562", "mean_velocity": 4.85, "temporal_coherence": 0.776 }, "geometry": { "type": "Point", "coordinates": [ 14.059348, 40.839465 ] } },
{ "type": "Feature", "properties": { "pid": "CFsynt_005563", "mean_velocity": 8.48, "temporal_coherence": 0.784 }, "geometry": { "type": "Point", "coordinates": [ 14.080658, 40.7941 ] } },
{ "type": "Feature", "properties": { "pid": "CFsynt_005565", "mean_velocity": 50.79, "temporal_coherence": 0.891 }, "geometry": { "type": "Point", "coordinates": [ 14.101665, 40.837754 ] } },
{ "type": "Feature", "properties": { "pid": "CFsynt_005566", "mean_velocity": -2.86, "temporal_coherence": 0.784 }, "geometry": { "type": "Point", "coordinates": [ 14.222058, 40.842075 ] } },
{ "type": "Feature", "properties": { "pid": "CFsynt_005567", "mean_velocity": -1.74, "temporal_coherence": 0.896 }, "geometry": { "type": "Point", "coordinates": [ 14.075288, 40.891996 ] } },
{ "type": "Feature", "properties": { "pid": "CFsynt_005568", "mean_velocity": 28.0, "temporal_coherence": 0.714 }, "geometry": { "type": "Point", "coordinates": [ 14.086289, 40.839575 ] } },
{ "type": "Feature", "properties": { "pid": "CFsynt_005570", "mean_velocity": -5.09, "temporal_coherence": 0.838 }, "geometry": { "type": "Point", "coordinates": [ 14.07293, 40.909853 ] } },
{ "type": "Feature", "properties": { "pid": "CFsynt_005574", "mean_velocity": 1.21, "temporal_coherence": 0.842 }, "geometry": { "type": "Point", "coordinates": [ 14.124537, 40.905089 ] } },
{ "type": "Feature", "properties": { "pid": "CFsynt_005578", "mean_velocity": -1.62, "temporal_coherence": 0.87 }, "geometry": { "type": "Point", "coordinates": [ 14.2767, 40.879589 ] } },
{ "type": "Feature", "properties": { "pid": "CFsynt_005579", "mean_velocity": -1.3, "temporal_coherence": 0.985 }, "geometry": { "type": "Point", "coordinates": [ 14.24812, 40.859954 ] } },
{ "type": "Feature", "properties": { "pid": "CFsynt_005580", "mean_velocity": -7.55, "temporal_coherence": 0.911 }, "geometry": { "type": "Point", "coordinates": [ 14.23249, 40.849073 ] } },
{ "type": "Feature", "properties": { "pid": "CFsynt_005581", "mean_velocity": 3.82, "temporal_coherence": 0.797 }, "geometry": { "type": "Point", "coordinates": [ 14.141524, 40.897441 ] } },
{ "type": "Feature", "properties": { "pid": "CFsynt_005582", "mean_velocity": 82.0, "temporal_coherence": 0.922 }, "geometry": { "type": "Point", "coordinates": [ 14.124059, 40.819996 ] } },
{ "type": "Feature", "properties": { "pid": "CFsynt_005583", "mean_velocity": -2.9, "temporal_coherence": 0.723 }, "geometry": { "type": "Point", "coordinates": [ 14.237918, 40.828895 ] } },
{ "type": "Feature", "properties": { "pid": "CFsynt_005584", "mean_velocity": -3.94, "temporal_coherence": 0.899 }, "geometry": { "type": "Point", "coordinates": [ 14.237847, 40.915814 ] } },
{ "type": "Feature", "properties": { "pid": "CFsynt_005586", "mean_velocity": -1.51, "temporal_coherence": 0.815 }, "geometry": { "type": "Point", "coordinates": [ 14.194911, 40.899744 ] } },
{ "type": "Feature", "properties": { "pid": "CFsynt_005587", "mean_velocity": 42.64, "temporal_coherence": 0.982 }, "geometry": { "type": "Point", "coordinates": [ 14.11544, 40.799073 ] } },
{ "type": "Feature", "properties": { "pid": "CFsynt_005588", "mean_velocity": 14.11, "temporal_coherence": 0.722 }, "geometry": { "type": "Point", "coordinates": [ 14.171963, 40.780277 ] } },
{ "type": "Feature", "properties": { "pid": "CFsynt_005589", "mean_velocity": 7.51, "temporal_coherence": 0.969 }, "geometry": { "type": "Point", "coordinates": [ 14.207977, 40.797657 ] } },
{ "type": "Feature", "properties": { "pid": "CFsynt_005590", "mean_velocity": 78.89, "temporal_coherence": 0.772 }, "geometry": { "type": "Point", "coordinates": [ 14.153752, 40.836097 ] } },
{ "type": "Feature", "properties": { "pid": "CFsynt_005591", "mean_velocity": -1.05, "temporal_coherence": 0.881 }, "geometry": { "type": "Point", "coordinates": [ 14.259429, 40.802605 ] } },
{ "type": "Feature", "properties": { "pid": "CFsynt_005594", "mean_velocity": 27.7, "temporal_coherence": 0.924 }, "geometry": { "type": "Point", "coordinates": [ 14.195254, 40.835011 ] } },
{ "type": "Feature", "properties": { "pid": "CFsynt_005595", "mean_velocity": 4.93, "temporal_coherence": 0.746 }, "geometry": { "type": "Point", "coordinates": [ 14.213745, 40.809286 ] } },
{ "type": "Feature", "properties": { "pid": "CFsynt_005596", "mean_velocity": -4.1, "temporal_coherence": 0.96 }, "geometry": { "type": "Point", "coordinates": [ 14.295426, 40.828519 ] } },
{ "type": "Feature", "properties": { "pid": "CFsynt_005597", "mean_velocity": 67.64, "temporal_coherence": 0.75 }, "geometry": { "type": "Point", "coordinates": [ 14.149979, 40.845689 ] } },
{ "type": "Feature", "properties": { "pid": "CFsynt_005598", "mean_velocity": -3.96, "temporal_coherence": 0.888 }, "geometry": { "type": "Point", "coordinates": [ 14.196596, 40.888488 ] } },
{ "type": "Feature", "properties": { "pid": "CFsynt_005600", "mean_velocity": 0.08, "temporal_coherence": 0.935 }, "geometry": { "type": "Point", "coordinates": [ 14.18418, 40.91279 ] } },
{ "type": "Feature", "properties": { "pid": "CFsynt_005602", "mean_velocity": -6.16, "temporal_coherence": 0.977 }, "geometry": { "type": "Point", "coordinates": [ 14.290212, 40.807241 ] } },
{ "type": "Feature", "properties": { "pid": "CFsynt_005604", "mean_velocity": 16.36, "temporal_coherence": 0.752 }, "geometry": { "type": "Point", "coordinates": [ 14.188937, 40.794238 ] } },
{ "type": "Feature", "properties": { "pid": "CFsynt_005607", "mean_velocity": 18.49, "temporal_coherence": 0.707 }, "geometry": { "type": "Point", "coordinates": [ 14.203406, 40.830763 ] } },
{ "type": "Feature", "properties": { "pid": "CFsynt_005611", "mean_velocity": -3.75, "temporal_coherence": 0.872 }, "geometry": { "type": "Point", "coordinates": [ 14.236157, 40.854092 ] } },
{ "type": "Feature", "properties": { "pid": "CFsynt_005612", "mean_velocity": 43.95, "temporal_coherence": 0.982 }, "geometry": { "type": "Point", "coordinates": [ 14.113199, 40.801561 ] } },
{ "type": "Feature", "properties": { "pid": "CFsynt_005613", "mean_velocity": -1.12, "temporal_coherence": 0.843 }, "geometry": { "type": "Point", "coordinates": [ 14.218995, 40.899959 ] } },
{ "type": "Feature", "properties": { "pid": "CFsynt_005614", "mean_velocity": -1.69, "temporal_coherence": 0.836 }, "geometry": { "type": "Point", "coordinates": [ 14.211867, 40.914352 ] } },
{ "type": "Feature", "properties": { "pid": "CFsynt_005615", "mean_velocity": 15.4, "temporal_coherence": 0.826 }, "geometry": { "type": "Point", "coordinates": [ 14.095784, 40.78607 ] } },
{ "type": "Feature", "properties": { "pid": "CFsynt_005618", "mean_velocity": 14.78, "temporal_coherence": 0.892 }, "geometry": { "type": "Point", "coordinates": [ 14.205622, 40.811605 ] } },
{ "type": "Feature", "properties": { "pid": "CFsynt_005621", "mean_velocity": 76.02, "temporal_coherence": 0.898 }, "geometry": { "type": "Point", "coordinates": [ 14.120414, 40.822186 ] } },
{ "type": "Feature", "properties": { "pid": "CFsynt_005622", "mean_velocity": 2.04, "temporal_coherence": 0.81 }, "geometry": { "type": "Point", "coordinates": [ 14.216077, 40.849202 ] } },
{ "type": "Feature", "properties": { "pid": "CFsynt_005623", "mean_velocity": -3.71, "temporal_coherence": 0.848 }, "geometry": { "type": "Point", "coordinates": [ 14.208224, 40.881301 ] } },
{ "type": "Feature", "properties": { "pid": "CFsynt_005625", "mean_velocity": 13.85, "temporal_coherence": 0.933 }, "geometry": { "type": "Point", "coordinates": [ 14.206232, 40.814218 ] } },
{ "type": "Feature", "properties": { "pid": "CFsynt_005626", "mean_velocity": -2.77, "temporal_coherence": 0.84 }, "geometry": { "type": "Point", "coordinates": [ 14.243106, 40.79766 ] } },
{ "type": "Feature", "properties": { "pid": "CFsynt_005629", "mean_velocity": 13.31, "temporal_coherence": 0.951 }, "geometry": { "type": "Point", "coordinates": [ 14.118061, 40.880792 ] } },
{ "type": "Feature", "properties": { "pid": "CFsynt_005630", "mean_velocity": 10.18, "temporal_coherence": 0.719 }, "geometry": { "type": "Point", "coordinates": [ 14.152169, 40.882011 ] } },
{ "type": "Feature", "properties": { "pid": "CFsynt_005631", "mean_velocity": 15.36, "temporal_coherence": 0.936 }, "geometry": { "type": "Point", "coordinates": [ 14.082134, 40.852525 ] } },
{ "type": "Feature", "properties": { "pid": "CFsynt_005632", "mean_velocity": 51.91, "temporal_coherence": 0.884 }, "geometry": { "type": "Point", "coordinates": [ 14.152013, 40.801121 ] } },
{ "type": "Feature", "properties": { "pid": "CFsynt_005633", "mean_velocity": 0.01, "temporal_coherence": 0.957 }, "geometry": { "type": "Point", "coordinates": [ 14.050628, 40.785462 ] } },
{ "type": "Feature", "properties": { "pid": "CFsynt_005634", "mean_velocity": 8.68, "temporal_coherence": 0.714 }, "geometry": { "type": "Point", "coordinates": [ 14.062833, 40.847663 ] } },
{ "type": "Feature", "properties": { "pid": "CFsynt_005635", "mean_velocity": -4.43, "temporal_coherence": 0.96 }, "geometry": { "type": "Point", "coordinates": [ 14.223921, 40.851967 ] } },
{ "type": "Feature", "properties": { "pid": "CFsynt_005636", "mean_velocity": -0.17, "temporal_coherence": 0.908 }, "geometry": { "type": "Point", "coordinates": [ 14.106146, 40.899206 ] } },
{ "type": "Feature", "properties": { "pid": "CFsynt_005637", "mean_velocity": -2.79, "temporal_coherence": 0.795 }, "geometry": { "type": "Point", "coordinates": [ 14.236308, 40.88777 ] } },
{ "type": "Feature", "properties": { "pid": "CFsynt_005640", "mean_velocity": -4.07, "temporal_coherence": 0.921 }, "geometry": { "type": "Point", "coordinates": [ 14.14352, 40.891013 ] } },
{ "type": "Feature", "properties": { "pid": "CFsynt_005643", "mean_velocity": 25.57, "temporal_coherence": 0.748 }, "geometry": { "type": "Point", "coordinates": [ 14.138912, 40.869584 ] } },
{ "type": "Feature", "properties": { "pid": "CFsynt_005644", "mean_velocity": -1.27, "temporal_coherence": 0.8 }, "geometry": { "type": "Point", "coordinates": [ 14.210587, 40.866235 ] } },
{ "type": "Feature", "properties": { "pid": "CFsynt_005645", "mean_velocity": 20.02, "temporal_coherence": 0.742 }, "geometry": { "type": "Point", "coordinates": [ 14.095989, 40.79266 ] } },
{ "type": "Feature", "properties": { "pid": "CFsynt_005646", "mean_velocity": 9.56, "temporal_coherence": 0.935 }, "geometry": { "type": "Point", "coordinates": [ 14.198318, 40.86493 ] } },
{ "type": "Feature", "properties": { "pid": "CFsynt_005647", "mean_velocity": -6.59, "temporal_coherence": 0.836 }, "geometry": { "type": "Point", "coordinates": [ 14.053567, 40.822942 ] } },
{ "type": "Feature", "properties": { "pid": "CFsynt_005650", "mean_velocity": -5.05, "temporal_coherence": 0.842 }, "geometry": { "type": "Point", "coordinates": [ 14.286181, 40.835948 ] } },
{ "type": "Feature", "properties": { "pid": "CFsynt_005651", "mean_velocity": 45.84, "temporal_coherence": 0.903 }, "geometry": { "type": "Point", "coordinates": [ 14.159021, 40.854931 ] } },
{ "type": "Feature", "properties": { "pid": "CFsynt_005652", "mean_velocity": 5.99, "temporal_coherence": 0.758 }, "geometry": { "type": "Point", "coordinates": [ 14.201324, 40.861317 ] } },
{ "type": "Feature", "properties": { "pid": "CFsynt_005653", "mean_velocity": 39.87, "temporal_coherence": 0.844 }, "geometry": { "type": "Point", "coordinates": [ 14.134511, 40.861339 ] } },
{ "type": "Feature", "properties": { "pid": "CFsynt_005654", "mean_velocity": 43.19, "temporal_coherence": 0.811 }, "geometry": { "type": "Point", "coordinates": [ 14.113735, 40.798362 ] } },
{ "type": "Feature", "properties": { "pid": "CFsynt_005655", "mean_velocity": 12.23, "temporal_coherence": 0.779 }, "geometry": { "type": "Point", "coordinates": [ 14.088847, 40.867902 ] } },
{ "type": "Feature", "properties": { "pid": "CFsynt_005658", "mean_velocity": 1.14, "temporal_coherence": 0.826 }, "geometry": { "type": "Point", "coordinates": [ 14.068646, 40.786226 ] } },
{ "type": "Feature", "properties": { "pid": "CFsynt_005660", "mean_velocity": -1.55, "temporal_coherence": 0.95 }, "geometry": { "type": "Point", "coordinates": [ 14.151374, 40.898968 ] } },
{ "type": "Feature", "properties": { "pid": "CFsynt_005662", "mean_velocity": 38.27, "temporal_coherence": 0.712 }, "geometry": { "type": "Point", "coordinates": [ 14.183227, 40.814243 ] } },
{ "type": "Feature", "properties": { "pid": "CFsynt_005663", "mean_velocity": 15.41, "temporal_coherence": 0.789 }, "geometry": { "type": "Point", "coordinates": [ 14.067713, 40.829804 ] } },
{ "type": "Feature", "properties": { "pid": "CFsynt_005664", "mean_velocity": -2.87, "temporal_coherence": 0.875 }, "geometry": { "type": "Point", "coordinates": [ 14.090881, 40.889817 ] } },
{ "type": "Feature", "properties": { "pid": "CFsynt_005665", "mean_velocity": -0.41, "temporal_coherence": 0.83 }, "geometry": { "type": "Point", "coordinates": [ 14.231852, 40.877973 ] } },
{ "type": "Feature", "properties": { "pid": "CFsynt_005666", "mean_velocity": -4.18, "temporal_coherence": 0.903 }, "geometry": { "type": "Point", "coordinates": [ 14.104571, 40.886377 ] } },
{ "type": "Feature", "properties": { "pid": "CFsynt_005668", "mean_velocity": -7.48, "temporal_coherence": 0.774 }, "geometry": { "type": "Point", "coordinates": [ 14.220579, 40.842133 ] } },
{ "type": "Feature", "properties": { "pid": "CFsynt_005669", "mean_velocity": -4.4, "temporal_coherence": 0.734 }, "geometry": { "type": "Point", "coordinates": [ 14.271362, 40.880514 ] } },
{ "type": "Feature", "properties": { "pid": "CFsynt_005670", "mean_velocity": 12.24, "temporal_coherence": 0.761 }, "geometry": { "type": "Point", "coordinates": [ 14.208405, 40.839471 ] } },
{ "type": "Feature", "properties": { "pid": "CFsynt_005671", "mean_velocity": -3.23, "temporal_coherence": 0.959 }, "geometry": { "type": "Point", "coordinates": [ 14.281966, 40.874858 ] } },
{ "type": "Feature", "properties": { "pid": "CFsynt_005672", "mean_velocity": 68.19, "temporal_coherence": 0.915 }, "geometry": { "type": "Point", "coordinates": [ 14.134889, 40.845468 ] } },
{ "type": "Feature", "properties": { "pid": "CFsynt_005673", "mean_velocity": -3.5, "temporal_coherence": 0.833 }, "geometry": { "type": "Point", "coordinates": [ 14.189251, 40.899799 ] } },
{ "type": "Feature", "properties": { "pid": "CFsynt_005675", "mean_velocity": -2.67, "temporal_coherence": 0.966 }, "geometry": { "type": "Point", "coordinates": [ 14.292099, 40.798828 ] } },
{ "type": "Feature", "properties": { "pid": "CFsynt_005676", "mean_velocity": 18.4, "temporal_coherence": 0.763 }, "geometry": { "type": "Point", "coordinates": [ 14.077825, 40.813359 ] } },
{ "type": "Feature", "properties": { "pid": "CFsynt_005678", "mean_velocity": -3.19, "temporal_coherence": 0.842 }, "geometry": { "type": "Point", "coordinates": [ 14.248785, 40.851268 ] } },
{ "type": "Feature", "properties": { "pid": "CFsynt_005679", "mean_velocity": 92.49, "temporal_coherence": 0.774 }, "geometry": { "type": "Point", "coordinates": [ 14.137314, 40.825583 ] } },
{ "type": "Feature", "properties": { "pid": "CFsynt_005680", "mean_velocity": -4.48, "temporal_coherence": 0.78 }, "geometry": { "type": "Point", "coordinates": [ 14.281599, 40.832776 ] } },
{ "type": "Feature", "properties": { "pid": "CFsynt_005681", "mean_velocity": 82.04, "temporal_coherence": 0.906 }, "geometry": { "type": "Point", "coordinates": [ 14.138174, 40.841328 ] } },
{ "type": "Feature", "properties": { "pid": "CFsynt_005684", "mean_velocity": -3.08, "temporal_coherence": 0.878 }, "geometry": { "type": "Point", "coordinates": [ 14.151965, 40.91195 ] } },
{ "type": "Feature", "properties": { "pid": "CFsynt_005686", "mean_velocity": -1.3, "temporal_coherence": 0.865 }, "geometry": { "type": "Point", "coordinates": [ 14.050253, 40.795823 ] } },
{ "type": "Feature", "properties": { "pid": "CFsynt_005687", "mean_velocity": 26.41, "temporal_coherence": 0.91 }, "geometry": { "type": "Point", "coordinates": [ 14.08663, 40.808362 ] } },
{ "type": "Feature", "properties": { "pid": "CFsynt_005688", "mean_velocity": -5.18, "temporal_coherence": 0.967 }, "geometry": { "type": "Point", "coordinates": [ 14.253106, 40.867289 ] } },
{ "type": "Feature", "properties": { "pid": "CFsynt_005689", "mean_velocity": -1.63, "temporal_coherence": 0.831 }, "geometry": { "type": "Point", "coordinates": [ 14.288691, 40.878105 ] } },
{ "type": "Feature", "properties": { "pid": "CFsynt_005690", "mean_velocity": 14.17, "temporal_coherence": 0.97 }, "geometry": { "type": "Point", "coordinates": [ 14.188236, 40.796487 ] } },
{ "type": "Feature", "properties": { "pid": "CFsynt_005692", "mean_velocity": 23.26, "temporal_coherence": 0.899 }, "geometry": { "type": "Point", "coordinates": [ 14.184981, 40.795993 ] } },
{ "type": "Feature", "properties": { "pid": "CFsynt_005694", "mean_velocity": -5.7, "temporal_coherence": 0.702 }, "geometry": { "type": "Point", "coordinates": [ 14.247349, 40.815223 ] } },
{ "type": "Feature", "properties": { "pid": "CFsynt_005695", "mean_velocity": -2.06, "temporal_coherence": 0.763 }, "geometry": { "type": "Point", "coordinates": [ 14.114418, 40.912278 ] } },
{ "type": "Feature", "properties": { "pid": "CFsynt_005696", "mean_velocity": 0.27, "temporal_coherence": 0.961 }, "geometry": { "type": "Point", "coordinates": [ 14.065928, 40.891775 ] } },
{ "type": "Feature", "properties": { "pid": "CFsynt_005697", "mean_velocity": -1.85, "temporal_coherence": 0.905 }, "geometry": { "type": "Point", "coordinates": [ 14.291198, 40.855523 ] } },
{ "type": "Feature", "properties": { "pid": "CFsynt_005698", "mean_velocity": -6.31, "temporal_coherence": 0.724 }, "geometry": { "type": "Point", "coordinates": [ 14.277686, 40.907555 ] } },
{ "type": "Feature", "properties": { "pid": "CFsynt_005700", "mean_velocity": -2.3, "temporal_coherence": 0.965 }, "geometry": { "type": "Point", "coordinates": [ 14.268866, 40.83017 ] } },
{ "type": "Feature", "properties": { "pid": "CFsynt_005701", "mean_velocity": -4.86, "temporal_coherence": 0.948 }, "geometry": { "type": "Point", "coordinates": [ 14.058192, 40.900659 ] } },
{ "type": "Feature", "properties": { "pid": "CFsynt_005703", "mean_velocity": -2.11, "temporal_coherence": 0.808 }, "geometry": { "type": "Point", "coordinates": [ 14.249994, 40.850581 ] } },
{ "type": "Feature", "properties": { "pid": "CFsynt_005704", "mean_velocity": 8.23, "temporal_coherence": 0.902 }, "geometry": { "type": "Point", "coordinates": [ 14.18553, 40.781284 ] } },
{ "type": "Feature", "properties": { "pid": "CFsynt_005705", "mean_velocity": 83.82, "temporal_coherence": 0.893 }, "geometry": { "type": "Point", "coordinates": [ 14.150219, 40.836823 ] } },
{ "type": "Feature", "properties": { "pid": "CFsynt_005710", "mean_velocity": -2.89, "temporal_coherence": 0.895 }, "geometry": { "type": "Point", "coordinates": [ 14.253958, 40.870536 ] } },
{ "type": "Feature", "properties": { "pid": "CFsynt_005713", "mean_velocity": -3.8, "temporal_coherence": 0.832 }, "geometry": { "type": "Point", "coordinates": [ 14.228954, 40.823244 ] } },
{ "type": "Feature", "properties": { "pid": "CFsynt_005714", "mean_velocity": 0.95, "temporal_coherence": 0.821 }, "geometry": { "type": "Point", "coordinates": [ 14.060201, 40.911683 ] } },
{ "type": "Feature", "properties": { "pid": "CFsynt_005715", "mean_velocity": -3.99, "temporal_coherence": 0.848 }, "geometry": { "type": "Point", "coordinates": [ 14.087506, 40.916556 ] } },
{ "type": "Feature", "properties": { "pid": "CFsynt_005718", "mean_velocity": -3.4, "temporal_coherence": 0.837 }, "geometry": { "type": "Point", "coordinates": [ 14.058518, 40.86393 ] } },
{ "type": "Feature", "properties": { "pid": "CFsynt_005723", "mean_velocity": -2.42, "temporal_coherence": 0.878 }, "geometry": { "type": "Point", "coordinates": [ 14.287757, 40.81538 ] } },
{ "type": "Feature", "properties": { "pid": "CFsynt_005727", "mean_velocity": 9.65, "temporal_coherence": 0.806 }, "geometry": { "type": "Point", "coordinates": [ 14.123536, 40.884645 ] } },
{ "type": "Feature", "properties": { "pid": "CFsynt_005728", "mean_velocity": -0.45, "temporal_coherence": 0.717 }, "geometry": { "type": "Point", "coordinates": [ 14.292831, 40.886032 ] } },
{ "type": "Feature", "properties": { "pid": "CFsynt_005729", "mean_velocity": 32.92, "temporal_coherence": 0.917 }, "geometry": { "type": "Point", "coordinates": [ 14.11663, 40.792575 ] } },
{ "type": "Feature", "properties": { "pid": "CFsynt_005730", "mean_velocity": -2.38, "temporal_coherence": 0.894 }, "geometry": { "type": "Point", "coordinates": [ 14.109898, 40.914435 ] } },
{ "type": "Feature", "properties": { "pid": "CFsynt_005733", "mean_velocity": -4.34, "temporal_coherence": 0.925 }, "geometry": { "type": "Point", "coordinates": [ 14.289745, 40.781269 ] } },
{ "type": "Feature", "properties": { "pid": "CFsynt_005734", "mean_velocity": -5.61, "temporal_coherence": 0.893 }, "geometry": { "type": "Point", "coordinates": [ 14.075211, 40.910562 ] } },
{ "type": "Feature", "properties": { "pid": "CFsynt_005736", "mean_velocity": -0.69, "temporal_coherence": 0.711 }, "geometry": { "type": "Point", "coordinates": [ 14.207695, 40.908082 ] } },
{ "type": "Feature", "properties": { "pid": "CFsynt_005737", "mean_velocity": -3.35, "temporal_coherence": 0.736 }, "geometry": { "type": "Point", "coordinates": [ 14.22373, 40.905591 ] } },
{ "type": "Feature", "properties": { "pid": "CFsynt_005739", "mean_velocity": 6.08, "temporal_coherence": 0.921 }, "geometry": { "type": "Point", "coordinates": [ 14.140418, 40.888402 ] } },
{ "type": "Feature", "properties": { "pid": "CFsynt_005740", "mean_velocity": -0.01, "temporal_coherence": 0.847 }, "geometry": { "type": "Point", "coordinates": [ 14.238677, 40.864282 ] } },
{ "type": "Feature", "properties": { "pid": "CFsynt_005741", "mean_velocity": 6.59, "temporal_coherence": 0.923 }, "geometry": { "type": "Point", "coordinates": [ 14.215699, 40.836406 ] } },
{ "type": "Feature", "properties": { "pid": "CFsynt_005743", "mean_velocity": -2.64, "temporal_coherence": 0.789 }, "geometry": { "type": "Point", "coordinates": [ 14.290113, 40.812282 ] } },
{ "type": "Feature", "properties": { "pid": "CFsynt_005744", "mean_velocity": -2.36, "temporal_coherence": 0.722 }, "geometry": { "type": "Point", "coordinates": [ 14.227218, 40.834366 ] } },
{ "type": "Feature", "properties": { "pid": "CFsynt_005746", "mean_velocity": 22.81, "temporal_coherence": 0.792 }, "geometry": { "type": "Point", "coordinates": [ 14.083111, 40.812021 ] } },
{ "type": "Feature", "properties": { "pid": "CFsynt_005751", "mean_velocity": 17.18, "temporal_coherence": 0.809 }, "geometry": { "type": "Point", "coordinates": [ 14.14091, 40.7806 ] } },
{ "type": "Feature", "properties": { "pid": "CFsynt_005752", "mean_velocity": -1.22, "temporal_coherence": 0.944 }, "geometry": { "type": "Point", "coordinates": [ 14.250305, 40.871908 ] } },
{ "type": "Feature", "properties": { "pid": "CFsynt_005753", "mean_velocity": -1.72, "temporal_coherence": 0.972 }, "geometry": { "type": "Point", "coordinates": [ 14.248337, 40.862112 ] } },
{ "type": "Feature", "properties": { "pid": "CFsynt_005754", "mean_velocity": -2.43, "temporal_coherence": 0.804 }, "geometry": { "type": "Point", "coordinates": [ 14.054914, 40.880384 ] } },
{ "type": "Feature", "properties": { "pid": "CFsynt_005755", "mean_velocity": -3.02, "temporal_coherence": 0.99 }, "geometry": { "type": "Point", "coordinates": [ 14.206752, 40.88079 ] } },
{ "type": "Feature", "properties": { "pid": "CFsynt_005757", "mean_velocity": 52.44, "temporal_coherence": 0.877 }, "geometry": { "type": "Point", "coordinates": [ 14.173031, 40.822375 ] } },
{ "type": "Feature", "properties": { "pid": "CFsynt_005758", "mean_velocity": 46.77, "temporal_coherence": 0.882 }, "geometry": { "type": "Point", "coordinates": [ 14.099509, 40.813958 ] } },
{ "type": "Feature", "properties": { "pid": "CFsynt_005760", "mean_velocity": -0.57, "temporal_coherence": 0.816 }, "geometry": { "type": "Point", "coordinates": [ 14.053206, 40.837295 ] } },
{ "type": "Feature", "properties": { "pid": "CFsynt_005761", "mean_velocity": -5.71, "temporal_coherence": 0.961 }, "geometry": { "type": "Point", "coordinates": [ 14.294159, 40.845276 ] } },
{ "type": "Feature", "properties": { "pid": "CFsynt_005766", "mean_velocity": 31.05, "temporal_coherence": 0.955 }, "geometry": { "type": "Point", "coordinates": [ 14.133938, 40.866226 ] } },
{ "type": "Feature", "properties": { "pid": "CFsynt_005767", "mean_velocity": -2.92, "temporal_coherence": 0.716 }, "geometry": { "type": "Point", "coordinates": [ 14.208729, 40.895824 ] } },
{ "type": "Feature", "properties": { "pid": "CFsynt_005769", "mean_velocity": -4.89, "temporal_coherence": 0.829 }, "geometry": { "type": "Point", "coordinates": [ 14.246419, 40.800095 ] } },
{ "type": "Feature", "properties": { "pid": "CFsynt_005770", "mean_velocity": 0.31, "temporal_coherence": 0.842 }, "geometry": { "type": "Point", "coordinates": [ 14.262382, 40.827873 ] } },
{ "type": "Feature", "properties": { "pid": "CFsynt_005771", "mean_velocity": 0.63, "temporal_coherence": 0.894 }, "geometry": { "type": "Point", "coordinates": [ 14.283995, 40.851227 ] } },
{ "type": "Feature", "properties": { "pid": "CFsynt_005772", "mean_velocity": 47.1, "temporal_coherence": 0.734 }, "geometry": { "type": "Point", "coordinates": [ 14.100412, 40.821487 ] } },
{ "type": "Feature", "properties": { "pid": "CFsynt_005774", "mean_velocity": 25.42, "temporal_coherence": 0.942 }, "geometry": { "type": "Point", "coordinates": [ 14.094799, 40.800752 ] } },
{ "type": "Feature", "properties": { "pid": "CFsynt_005778", "mean_velocity": -2.6, "temporal_coherence": 0.815 }, "geometry": { "type": "Point", "coordinates": [ 14.239939, 40.825099 ] } },
{ "type": "Feature", "properties": { "pid": "CFsynt_005783", "mean_velocity": 0.39, "temporal_coherence": 0.841 }, "geometry": { "type": "Point", "coordinates": [ 14.281157, 40.88587 ] } },
{ "type": "Feature", "properties": { "pid": "CFsynt_005784", "mean_velocity": 11.47, "temporal_coherence": 0.944 }, "geometry": { "type": "Point", "coordinates": [ 14.100635, 40.874972 ] } },
{ "type": "Feature", "properties": { "pid": "CFsynt_005787", "mean_velocity": -3.53, "temporal_coherence": 0.883 }, "geometry": { "type": "Point", "coordinates": [ 14.266253, 40.81803 ] } },
{ "type": "Feature", "properties": { "pid": "CFsynt_005788", "mean_velocity": -2.46, "temporal_coherence": 0.819 }, "geometry": { "type": "Point", "coordinates": [ 14.265414, 40.899116 ] } },
{ "type": "Feature", "properties": { "pid": "CFsynt_005790", "mean_velocity": -0.99, "temporal_coherence": 0.771 }, "geometry": { "type": "Point", "coordinates": [ 14.267797, 40.888917 ] } },
{ "type": "Feature", "properties": { "pid": "CFsynt_005791", "mean_velocity": -0.53, "temporal_coherence": 0.889 }, "geometry": { "type": "Point", "coordinates": [ 14.230304, 40.872589 ] } },
{ "type": "Feature", "properties": { "pid": "CFsynt_005792", "mean_velocity": -0.16, "temporal_coherence": 0.733 }, "geometry": { "type": "Point", "coordinates": [ 14.068411, 40.877412 ] } },
{ "type": "Feature", "properties": { "pid": "CFsynt_005793", "mean_velocity": -3.26, "temporal_coherence": 0.78 }, "geometry": { "type": "Point", "coordinates": [ 14.063113, 40.791671 ] } },
{ "type": "Feature", "properties": { "pid": "CFsynt_005794", "mean_velocity": -4.62, "temporal_coherence": 0.893 }, "geometry": { "type": "Point", "coordinates": [ 14.253857, 40.880451 ] } },
{ "type": "Feature", "properties": { "pid": "CFsynt_005795", "mean_velocity": -1.8, "temporal_coherence": 0.873 }, "geometry": { "type": "Point", "coordinates": [ 14.211385, 40.892656 ] } },
{ "type": "Feature", "properties": { "pid": "CFsynt_005796", "mean_velocity": 37.17, "temporal_coherence": 0.801 }, "geometry": { "type": "Point", "coordinates": [ 14.180619, 40.848094 ] } },
{ "type": "Feature", "properties": { "pid": "CFsynt_005797", "mean_velocity": -2.36, "temporal_coherence": 0.905 }, "geometry": { "type": "Point", "coordinates": [ 14.293106, 40.821266 ] } },
{ "type": "Feature", "properties": { "pid": "CFsynt_005798", "mean_velocity": -1.6, "temporal_coherence": 0.92 }, "geometry": { "type": "Point", "coordinates": [ 14.221281, 40.78998 ] } },
{ "type": "Feature", "properties": { "pid": "CFsynt_005800", "mean_velocity": -3.51, "temporal_coherence": 0.826 }, "geometry": { "type": "Point", "coordinates": [ 14.15004, 40.897489 ] } },
{ "type": "Feature", "properties": { "pid": "CFsynt_005801", "mean_velocity": 16.72, "temporal_coherence": 0.834 }, "geometry": { "type": "Point", "coordinates": [ 14.205521, 40.833692 ] } },
{ "type": "Feature", "properties": { "pid": "CFsynt_005802", "mean_velocity": -2.71, "temporal_coherence": 0.963 }, "geometry": { "type": "Point", "coordinates": [ 14.25048, 40.886488 ] } },
{ "type": "Feature", "properties": { "pid": "CFsynt_005803", "mean_velocity": -1.69, "temporal_coherence": 0.875 }, "geometry": { "type": "Point", "coordinates": [ 14.193662, 40.893216 ] } },
{ "type": "Feature", "properties": { "pid": "CFsynt_005804", "mean_velocity": 7.67, "temporal_coherence": 0.978 }, "geometry": { "type": "Point", "coordinates": [ 14.177541, 40.881351 ] } },
{ "type": "Feature", "properties": { "pid": "CFsynt_005805", "mean_velocity": -1.8, "temporal_coherence": 0.93 }, "geometry": { "type": "Point", "coordinates": [ 14.240801, 40.881237 ] } },
{ "type": "Feature", "properties": { "pid": "CFsynt_005807", "mean_velocity": -4.21, "temporal_coherence": 0.712 }, "geometry": { "type": "Point", "coordinates": [ 14.270801, 40.853316 ] } },
{ "type": "Feature", "properties": { "pid": "CFsynt_005811", "mean_velocity": -3.54, "temporal_coherence": 0.736 }, "geometry": { "type": "Point", "coordinates": [ 14.051661, 40.843967 ] } },
{ "type": "Feature", "properties": { "pid": "CFsynt_005815", "mean_velocity": 0.32, "temporal_coherence": 0.775 }, "geometry": { "type": "Point", "coordinates": [ 14.260202, 40.890384 ] } },
{ "type": "Feature", "properties": { "pid": "CFsynt_005816", "mean_velocity": 11.89, "temporal_coherence": 0.888 }, "geometry": { "type": "Point", "coordinates": [ 14.117072, 40.875882 ] } },
{ "type": "Feature", "properties": { "pid": "CFsynt_005817", "mean_velocity": 19.84, "temporal_coherence": 0.768 }, "geometry": { "type": "Point", "coordinates": [ 14.088553, 40.802708 ] } },
{ "type": "Feature", "properties": { "pid": "CFsynt_005819", "mean_velocity": 75.0, "temporal_coherence": 0.978 }, "geometry": { "type": "Point", "coordinates": [ 14.148915, 40.841604 ] } },
{ "type": "Feature", "properties": { "pid": "CFsynt_005820", "mean_velocity": -2.98, "temporal_coherence": 0.8 }, "geometry": { "type": "Point", "coordinates": [ 14.231821, 40.901697 ] } },
{ "type": "Feature", "properties": { "pid": "CFsynt_005821", "mean_velocity": -3.61, "temporal_coherence": 0.7 }, "geometry": { "type": "Point", "coordinates": [ 14.275201, 40.818524 ] } },
{ "type": "Feature", "properties": { "pid": "CFsynt_005822", "mean_velocity": -3.11, "temporal_coherence": 0.887 }, "geometry": { "type": "Point", "coordinates": [ 14.239066, 40.901199 ] } },
{ "type": "Feature", "properties": { "pid": "CFsynt_005823", "mean_velocity": -1.53, "temporal_coherence": 0.938 }, "geometry": { "type": "Point", "coordinates": [ 14.080456, 40.877864 ] } },
{ "type": "Feature", "properties": { "pid": "CFsynt_005824", "mean_velocity": 6.17, "temporal_coherence": 0.709 }, "geometry": { "type": "Point", "coordinates": [ 14.136203, 40.885197 ] } },
{ "type": "Feature", "properties": { "pid": "CFsynt_005825", "mean_velocity": 20.73, "temporal_coherence": 0.758 }, "geometry": { "type": "Point", "coordinates": [ 14.07594, 40.811433 ] } },
{ "type": "Feature", "properties": { "pid": "CFsynt_005827", "mean_velocity": 25.61, "temporal_coherence": 0.744 }, "geometry": { "type": "Point", "coordinates": [ 14.10197, 40.792707 ] } },
{ "type": "Feature", "properties": { "pid": "CFsynt_005828", "mean_velocity": 29.19, "temporal_coherence": 0.91 }, "geometry": { "type": "Point", "coordinates": [ 14.182362, 40.804384 ] } },
{ "type": "Feature", "properties": { "pid": "CFsynt_005830", "mean_velocity": -2.3, "temporal_coherence": 0.87 }, "geometry": { "type": "Point", "coordinates": [ 14.224572, 40.782819 ] } },
{ "type": "Feature", "properties": { "pid": "CFsynt_005831", "mean_velocity": 43.06, "temporal_coherence": 0.722 }, "geometry": { "type": "Point", "coordinates": [ 14.116528, 40.797892 ] } },
{ "type": "Feature", "properties": { "pid": "CFsynt_005832", "mean_velocity": 32.04, "temporal_coherence": 0.722 }, "geometry": { "type": "Point", "coordinates": [ 14.126531, 40.864442 ] } },
{ "type": "Feature", "properties": { "pid": "CFsynt_005833", "mean_velocity": 9.5, "temporal_coherence": 0.792 }, "geometry": { "type": "Point", "coordinates": [ 14.219476, 40.839418 ] } },
{ "type": "Feature", "properties": { "pid": "CFsynt_005834", "mean_velocity": 23.08, "temporal_coherence": 0.839 }, "geometry": { "type": "Point", "coordinates": [ 14.189346, 40.808049 ] } },
{ "type": "Feature", "properties": { "pid": "CFsynt_005835", "mean_velocity": -0.6, "temporal_coherence": 0.714 }, "geometry": { "type": "Point", "coordinates": [ 14.057954, 40.915 ] } },
{ "type": "Feature", "properties": { "pid": "CFsynt_005836", "mean_velocity": -2.26, "temporal_coherence": 0.917 }, "geometry": { "type": "Point", "coordinates": [ 14.283458, 40.854527 ] } },
{ "type": "Feature", "properties": { "pid": "CFsynt_005838", "mean_velocity": 18.14, "temporal_coherence": 0.832 }, "geometry": { "type": "Point", "coordinates": [ 14.167275, 40.874294 ] } },
{ "type": "Feature", "properties": { "pid": "CFsynt_005841", "mean_velocity": -2.15, "temporal_coherence": 0.965 }, "geometry": { "type": "Point", "coordinates": [ 14.126519, 40.914343 ] } },
{ "type": "Feature", "properties": { "pid": "CFsynt_005842", "mean_velocity": 14.89, "temporal_coherence": 0.858 }, "geometry": { "type": "Point", "coordinates": [ 14.108513, 40.874349 ] } },
{ "type": "Feature", "properties": { "pid": "CFsynt_005843", "mean_velocity": 15.83, "temporal_coherence": 0.955 }, "geometry": { "type": "Point", "coordinates": [ 14.194548, 40.856259 ] } },
{ "type": "Feature", "properties": { "pid": "CFsynt_005844", "mean_velocity": 63.93, "temporal_coherence": 0.873 }, "geometry": { "type": "Point", "coordinates": [ 14.16406, 40.841527 ] } },
{ "type": "Feature", "properties": { "pid": "CFsynt_005845", "mean_velocity": 0.12, "temporal_coherence": 0.875 }, "geometry": { "type": "Point", "coordinates": [ 14.287867, 40.846791 ] } },
{ "type": "Feature", "properties": { "pid": "CFsynt_005848", "mean_velocity": -0.63, "temporal_coherence": 0.879 }, "geometry": { "type": "Point", "coordinates": [ 14.059031, 40.791684 ] } },
{ "type": "Feature", "properties": { "pid": "CFsynt_005851", "mean_velocity": -0.01, "temporal_coherence": 0.795 }, "geometry": { "type": "Point", "coordinates": [ 14.280444, 40.805259 ] } },
{ "type": "Feature", "properties": { "pid": "CFsynt_005856", "mean_velocity": 13.26, "temporal_coherence": 0.851 }, "geometry": { "type": "Point", "coordinates": [ 14.198608, 40.800143 ] } },
{ "type": "Feature", "properties": { "pid": "CFsynt_005857", "mean_velocity": 22.04, "temporal_coherence": 0.811 }, "geometry": { "type": "Point", "coordinates": [ 14.178978, 40.858234 ] } },
{ "type": "Feature", "properties": { "pid": "CFsynt_005858", "mean_velocity": 10.65, "temporal_coherence": 0.822 }, "geometry": { "type": "Point", "coordinates": [ 14.19079, 40.871076 ] } },
{ "type": "Feature", "properties": { "pid": "CFsynt_005859", "mean_velocity": 30.09, "temporal_coherence": 0.726 }, "geometry": { "type": "Point", "coordinates": [ 14.103211, 40.855783 ] } },
{ "type": "Feature", "properties": { "pid": "CFsynt_005862", "mean_velocity": 0.03, "temporal_coherence": 0.858 }, "geometry": { "type": "Point", "coordinates": [ 14.217343, 40.910731 ] } },
{ "type": "Feature", "properties": { "pid": "CFsynt_005863", "mean_velocity": -1.24, "temporal_coherence": 0.869 }, "geometry": { "type": "Point", "coordinates": [ 14.242986, 40.904953 ] } },
{ "type": "Feature", "properties": { "pid": "CFsynt_005865", "mean_velocity": 33.64, "temporal_coherence": 0.717 }, "geometry": { "type": "Point", "coordinates": [ 14.126314, 40.864361 ] } },
{ "type": "Feature", "properties": { "pid": "CFsynt_005866", "mean_velocity": -2.03, "temporal_coherence": 0.878 }, "geometry": { "type": "Point", "coordinates": [ 14.269616, 40.823265 ] } },
{ "type": "Feature", "properties": { "pid": "CFsynt_005867", "mean_velocity": -0.31, "temporal_coherence": 0.902 }, "geometry": { "type": "Point", "coordinates": [ 14.237508, 40.901184 ] } },
{ "type": "Feature", "properties": { "pid": "CFsynt_005869", "mean_velocity": 17.39, "temporal_coherence": 0.916 }, "geometry": { "type": "Point", "coordinates": [ 14.086592, 40.799001 ] } },
{ "type": "Feature", "properties": { "pid": "CFsynt_005871", "mean_velocity": 20.29, "temporal_coherence": 0.828 }, "geometry": { "type": "Point", "coordinates": [ 14.113931, 40.869609 ] } },
{ "type": "Feature", "properties": { "pid": "CFsynt_005872", "mean_velocity": -1.49, "temporal_coherence": 0.766 }, "geometry": { "type": "Point", "coordinates": [ 14.064636, 40.883937 ] } },
{ "type": "Feature", "properties": { "pid": "CFsynt_005874", "mean_velocity": 9.38, "temporal_coherence": 0.889 }, "geometry": { "type": "Point", "coordinates": [ 14.078029, 40.851941 ] } },
{ "type": "Feature", "properties": { "pid": "CFsynt_005875", "mean_velocity": 63.47, "temporal_coherence": 0.733 }, "geometry": { "type": "Point", "coordinates": [ 14.168559, 40.827837 ] } },
{ "type": "Feature", "properties": { "pid": "CFsynt_005876", "mean_velocity": -0.5, "temporal_coherence": 0.936 }, "geometry": { "type": "Point", "coordinates": [ 14.206142, 40.902629 ] } },
{ "type": "Feature", "properties": { "pid": "CFsynt_005879", "mean_velocity": 17.47, "temporal_coherence": 0.814 }, "geometry": { "type": "Point", "coordinates": [ 14.111494, 40.871638 ] } },
{ "type": "Feature", "properties": { "pid": "CFsynt_005880", "mean_velocity": 26.62, "temporal_coherence": 0.753 }, "geometry": { "type": "Point", "coordinates": [ 14.120352, 40.866495 ] } },
{ "type": "Feature", "properties": { "pid": "CFsynt_005881", "mean_velocity": -0.69, "temporal_coherence": 0.706 }, "geometry": { "type": "Point", "coordinates": [ 14.094815, 40.909596 ] } },
{ "type": "Feature", "properties": { "pid": "CFsynt_005882", "mean_velocity": -1.14, "temporal_coherence": 0.843 }, "geometry": { "type": "Point", "coordinates": [ 14.25771, 40.866608 ] } },
{ "type": "Feature", "properties": { "pid": "CFsynt_005884", "mean_velocity": 55.4, "temporal_coherence": 0.859 }, "geometry": { "type": "Point", "coordinates": [ 14.172825, 40.816589 ] } },
{ "type": "Feature", "properties": { "pid": "CFsynt_005888", "mean_velocity": -6.11, "temporal_coherence": 0.859 }, "geometry": { "type": "Point", "coordinates": [ 14.274401, 40.903263 ] } },
{ "type": "Feature", "properties": { "pid": "CFsynt_005891", "mean_velocity": 8.89, "temporal_coherence": 0.951 }, "geometry": { "type": "Point", "coordinates": [ 14.200669, 40.787612 ] } },
{ "type": "Feature", "properties": { "pid": "CFsynt_005892", "mean_velocity": 15.82, "temporal_coherence": 0.822 }, "geometry": { "type": "Point", "coordinates": [ 14.180145, 40.867795 ] } },
{ "type": "Feature", "properties": { "pid": "CFsynt_005895", "mean_velocity": -2.72, "temporal_coherence": 0.928 }, "geometry": { "type": "Point", "coordinates": [ 14.255374, 40.789479 ] } },
{ "type": "Feature", "properties": { "pid": "CFsynt_005896", "mean_velocity": 6.8, "temporal_coherence": 0.813 }, "geometry": { "type": "Point", "coordinates": [ 14.063815, 40.82167 ] } },
{ "type": "Feature", "properties": { "pid": "CFsynt_005897", "mean_velocity": -3.22, "temporal_coherence": 0.989 }, "geometry": { "type": "Point", "coordinates": [ 14.273826, 40.806044 ] } },
{ "type": "Feature", "properties": { "pid": "CFsynt_005902", "mean_velocity": 9.97, "temporal_coherence": 0.96 }, "geometry": { "type": "Point", "coordinates": [ 14.070128, 40.842276 ] } },
{ "type": "Feature", "properties": { "pid": "CFsynt_005905", "mean_velocity": -1.68, "temporal_coherence": 0.726 }, "geometry": { "type": "Point", "coordinates": [ 14.285603, 40.888655 ] } },
{ "type": "Feature", "properties": { "pid": "CFsynt_005906", "mean_velocity": -5.67, "temporal_coherence": 0.729 }, "geometry": { "type": "Point", "coordinates": [ 14.214274, 40.871212 ] } },
{ "type": "Feature", "properties": { "pid": "CFsynt_005907", "mean_velocity": -2.29, "temporal_coherence": 0.797 }, "geometry": { "type": "Point", "coordinates": [ 14.210823, 40.90631 ] } },
{ "type": "Feature", "properties": { "pid": "CFsynt_005908", "mean_velocity": 65.95, "temporal_coherence": 0.943 }, "geometry": { "type": "Point", "coordinates": [ 14.114748, 40.832913 ] } },
{ "type": "Feature", "properties": { "pid": "CFsynt_005909", "mean_velocity": -0.89, "temporal_coherence": 0.729 }, "geometry": { "type": "Point", "coordinates": [ 14.068767, 40.869208 ] } },
{ "type": "Feature", "properties": { "pid": "CFsynt_005911", "mean_velocity": -4.95, "temporal_coherence": 0.806 }, "geometry": { "type": "Point", "coordinates": [ 14.060391, 40.913239 ] } },
{ "type": "Feature", "properties": { "pid": "CFsynt_005913", "mean_velocity": 51.1, "temporal_coherence": 0.824 }, "geometry": { "type": "Point", "coordinates": [ 14.109045, 40.808416 ] } },
{ "type": "Feature", "properties": { "pid": "CFsynt_005915", "mean_velocity": 1.88, "temporal_coherence": 0.718 }, "geometry": { "type": "Point", "coordinates": [ 14.20243, 40.90695 ] } },
{ "type": "Feature", "properties": { "pid": "CFsynt_005916", "mean_velocity": -1.23, "temporal_coherence": 0.734 }, "geometry": { "type": "Point", "coordinates": [ 14.261401, 40.903065 ] } },
{ "type": "Feature", "properties": { "pid": "CFsynt_005917", "mean_velocity": -3.79, "temporal_coherence": 0.936 }, "geometry": { "type": "Point", "coordinates": [ 14.255382, 40.880164 ] } },
{ "type": "Feature", "properties": { "pid": "CFsynt_005919", "mean_velocity": 63.91, "temporal_coherence": 0.949 }, "geometry": { "type": "Point", "coordinates": [ 14.114942, 40.839481 ] } },
{ "type": "Feature", "properties": { "pid": "CFsynt_005922", "mean_velocity": -1.74, "temporal_coherence": 0.982 }, "geometry": { "type": "Point", "coordinates": [ 14.246589, 40.891776 ] } },
{ "type": "Feature", "properties": { "pid": "CFsynt_005923", "mean_velocity": -5.38, "temporal_coherence": 0.84 }, "geometry": { "type": "Point", "coordinates": [ 14.11768, 40.895264 ] } },
{ "type": "Feature", "properties": { "pid": "CFsynt_005924", "mean_velocity": 14.05, "temporal_coherence": 0.786 }, "geometry": { "type": "Point", "coordinates": [ 14.192833, 40.794336 ] } },
{ "type": "Feature", "properties": { "pid": "CFsynt_005925", "mean_velocity": 21.68, "temporal_coherence": 0.861 }, "geometry": { "type": "Point", "coordinates": [ 14.079097, 40.822829 ] } },
{ "type": "Feature", "properties": { "pid": "CFsynt_005927", "mean_velocity": -2.94, "temporal_coherence": 0.898 }, "geometry": { "type": "Point", "coordinates": [ 14.267009, 40.89464 ] } },
{ "type": "Feature", "properties": { "pid": "CFsynt_005928", "mean_velocity": -1.63, "temporal_coherence": 0.731 }, "geometry": { "type": "Point", "coordinates": [ 14.284461, 40.888925 ] } },
{ "type": "Feature", "properties": { "pid": "CFsynt_005931", "mean_velocity": 16.71, "temporal_coherence": 0.989 }, "geometry": { "type": "Point", "coordinates": [ 14.101856, 40.867286 ] } },
{ "type": "Feature", "properties": { "pid": "CFsynt_005932", "mean_velocity": 22.58, "temporal_coherence": 0.899 }, "geometry": { "type": "Point", "coordinates": [ 14.119736, 40.785191 ] } },
{ "type": "Feature", "properties": { "pid": "CFsynt_005933", "mean_velocity": 11.81, "temporal_coherence": 0.905 }, "geometry": { "type": "Point", "coordinates": [ 14.102307, 40.874382 ] } },
{ "type": "Feature", "properties": { "pid": "CFsynt_005934", "mean_velocity": -2.33, "temporal_coherence": 0.903 }, "geometry": { "type": "Point", "coordinates": [ 14.107584, 40.919671 ] } },
{ "type": "Feature", "properties": { "pid": "CFsynt_005935", "mean_velocity": 5.48, "temporal_coherence": 0.982 }, "geometry": { "type": "Point", "coordinates": [ 14.190272, 40.875771 ] } },
{ "type": "Feature", "properties": { "pid": "CFsynt_005938", "mean_velocity": 8.72, "temporal_coherence": 0.99 }, "geometry": { "type": "Point", "coordinates": [ 14.220126, 40.824656 ] } },
{ "type": "Feature", "properties": { "pid": "CFsynt_005939", "mean_velocity": -1.94, "temporal_coherence": 0.793 }, "geometry": { "type": "Point", "coordinates": [ 14.272448, 40.890192 ] } },
{ "type": "Feature", "properties": { "pid": "CFsynt_005940", "mean_velocity": 0.35, "temporal_coherence": 0.866 }, "geometry": { "type": "Point", "coordinates": [ 14.230895, 40.857193 ] } },
{ "type": "Feature", "properties": { "pid": "CFsynt_005941", "mean_velocity": 18.3, "temporal_coherence": 0.82 }, "geometry": { "type": "Point", "coordinates": [ 14.202354, 40.841895 ] } },
{ "type": "Feature", "properties": { "pid": "CFsynt_005942", "mean_velocity": 13.97, "temporal_coherence": 0.808 }, "geometry": { "type": "Point", "coordinates": [ 14.072841, 40.803176 ] } },
{ "type": "Feature", "properties": { "pid": "CFsynt_005947", "mean_velocity": -0.06, "temporal_coherence": 0.727 }, "geometry": { "type": "Point", "coordinates": [ 14.223554, 40.83765 ] } },
{ "type": "Feature", "properties": { "pid": "CFsynt_005948", "mean_velocity": 56.94, "temporal_coherence": 0.802 }, "geometry": { "type": "Point", "coordinates": [ 14.136828, 40.8542 ] } },
{ "type": "Feature", "properties": { "pid": "CFsynt_005949", "mean_velocity": 5.07, "temporal_coherence": 0.808 }, "geometry": { "type": "Point", "coordinates": [ 14.219094, 40.838882 ] } },
{ "type": "Feature", "properties": { "pid": "CFsynt_005950", "mean_velocity": -1.19, "temporal_coherence": 0.872 }, "geometry": { "type": "Point", "coordinates": [ 14.130639, 40.913887 ] } },
{ "type": "Feature", "properties": { "pid": "CFsynt_005951", "mean_velocity": 65.38, "temporal_coherence": 0.736 }, "geometry": { "type": "Point", "coordinates": [ 14.162165, 40.83977 ] } },
{ "type": "Feature", "properties": { "pid": "CFsynt_005954", "mean_velocity": -4.04, "temporal_coherence": 0.954 }, "geometry": { "type": "Point", "coordinates": [ 14.154766, 40.912097 ] } },
{ "type": "Feature", "properties": { "pid": "CFsynt_005955", "mean_velocity": -6.12, "temporal_coherence": 0.715 }, "geometry": { "type": "Point", "coordinates": [ 14.215909, 40.878808 ] } },
{ "type": "Feature", "properties": { "pid": "CFsynt_005956", "mean_velocity": -2.21, "temporal_coherence": 0.863 }, "geometry": { "type": "Point", "coordinates": [ 14.188355, 40.896138 ] } },
{ "type": "Feature", "properties": { "pid": "CFsynt_005957", "mean_velocity": 2.03, "temporal_coherence": 0.943 }, "geometry": { "type": "Point", "coordinates": [ 14.051832, 40.783074 ] } },
{ "type": "Feature", "properties": { "pid": "CFsynt_005959", "mean_velocity": 42.8, "temporal_coherence": 0.708 }, "geometry": { "type": "Point", "coordinates": [ 14.11957, 40.797395 ] } },
{ "type": "Feature", "properties": { "pid": "CFsynt_005961", "mean_velocity": 7.64, "temporal_coherence": 0.907 }, "geometry": { "type": "Point", "coordinates": [ 14.075123, 40.792037 ] } },
{ "type": "Feature", "properties": { "pid": "CFsynt_005962", "mean_velocity": -1.77, "temporal_coherence": 0.786 }, "geometry": { "type": "Point", "coordinates": [ 14.174292, 40.895681 ] } },
{ "type": "Feature", "properties": { "pid": "CFsynt_005963", "mean_velocity": 55.65, "temporal_coherence": 0.851 }, "geometry": { "type": "Point", "coordinates": [ 14.120016, 40.804268 ] } },
{ "type": "Feature", "properties": { "pid": "CFsynt_005967", "mean_velocity": 62.63, "temporal_coherence": 0.943 }, "geometry": { "type": "Point", "coordinates": [ 14.113078, 40.813252 ] } },
{ "type": "Feature", "properties": { "pid": "CFsynt_005968", "mean_velocity": 10.35, "temporal_coherence": 0.74 }, "geometry": { "type": "Point", "coordinates": [ 14.21005, 40.85329 ] } },
{ "type": "Feature", "properties": { "pid": "CFsynt_005969", "mean_velocity": -1.83, "temporal_coherence": 0.735 }, "geometry": { "type": "Point", "coordinates": [ 14.261773, 40.819804 ] } },
{ "type": "Feature", "properties": { "pid": "CFsynt_005970", "mean_velocity": -1.79, "temporal_coherence": 0.871 }, "geometry": { "type": "Point", "coordinates": [ 14.141811, 40.899446 ] } },
{ "type": "Feature", "properties": { "pid": "CFsynt_005975", "mean_velocity": 25.21, "temporal_coherence": 0.867 }, "geometry": { "type": "Point", "coordinates": [ 14.094096, 40.803255 ] } },
{ "type": "Feature", "properties": { "pid": "CFsynt_005977", "mean_velocity": 73.03, "temporal_coherence": 0.749 }, "geometry": { "type": "Point", "coordinates": [ 14.130036, 40.844373 ] } },
{ "type": "Feature", "properties": { "pid": "CFsynt_005978", "mean_velocity": 12.56, "temporal_coherence": 0.71 }, "geometry": { "type": "Point", "coordinates": [ 14.076479, 40.805045 ] } },
{ "type": "Feature", "properties": { "pid": "CFsynt_005979", "mean_velocity": -1.63, "temporal_coherence": 0.724 }, "geometry": { "type": "Point", "coordinates": [ 14.223115, 40.919488 ] } },
{ "type": "Feature", "properties": { "pid": "CFsynt_005980", "mean_velocity": 32.49, "temporal_coherence": 0.807 }, "geometry": { "type": "Point", "coordinates": [ 14.175252, 40.853083 ] } },
{ "type": "Feature", "properties": { "pid": "CFsynt_005982", "mean_velocity": 1.61, "temporal_coherence": 0.85 }, "geometry": { "type": "Point", "coordinates": [ 14.269944, 40.841229 ] } },
{ "type": "Feature", "properties": { "pid": "CFsynt_005983", "mean_velocity": 40.95, "temporal_coherence": 0.797 }, "geometry": { "type": "Point", "coordinates": [ 14.127598, 40.795279 ] } },
{ "type": "Feature", "properties": { "pid": "CFsynt_005984", "mean_velocity": -5.06, "temporal_coherence": 0.966 }, "geometry": { "type": "Point", "coordinates": [ 14.223457, 40.792171 ] } },
{ "type": "Feature", "properties": { "pid": "CFsynt_005987", "mean_velocity": 43.95, "temporal_coherence": 0.96 }, "geometry": { "type": "Point", "coordinates": [ 14.139624, 40.793957 ] } },
{ "type": "Feature", "properties": { "pid": "CFsynt_005989", "mean_velocity": 7.43, "temporal_coherence": 0.952 }, "geometry": { "type": "Point", "coordinates": [ 14.170146, 40.880024 ] } },
{ "type": "Feature", "properties": { "pid": "CFsynt_005991", "mean_velocity": 0.72, "temporal_coherence": 0.808 }, "geometry": { "type": "Point", "coordinates": [ 14.22947, 40.806232 ] } },
{ "type": "Feature", "properties": { "pid": "CFsynt_005993", "mean_velocity": -0.9, "temporal_coherence": 0.926 }, "geometry": { "type": "Point", "coordinates": [ 14.293304, 40.825209 ] } },
{ "type": "Feature", "properties": { "pid": "CFsynt_005994", "mean_velocity": 6.82, "temporal_coherence": 0.924 }, "geometry": { "type": "Point", "coordinates": [ 14.195869, 40.785955 ] } },
{ "type": "Feature", "properties": { "pid": "CFsynt_005997", "mean_velocity": -2.12, "temporal_coherence": 0.729 }, "geometry": { "type": "Point", "coordinates": [ 14.26662, 40.832874 ] } },
{ "type": "Feature", "properties": { "pid": "CFsynt_005998", "mean_velocity": -3.67, "temporal_coherence": 0.987 }, "geometry": { "type": "Point", "coordinates": [ 14.279759, 40.907477 ] } },
{ "type": "Feature", "properties": { "pid": "CFsynt_005999", "mean_velocity": -2.29, "temporal_coherence": 0.75 }, "geometry": { "type": "Point", "coordinates": [ 14.267465, 40.871093 ] } }
]
}
